group_rank,group_size,representative_req,signature_repr,all_members
1,620,req4.pkl,"('G', '_', '_', ('PRED', '=', '_', '_'))",req4.pkl;req33.pkl;req59.pkl;req63.pkl;req124.pkl;req130.pkl;req145.pkl;req146.pkl;req158.pkl;req169.pkl;req215.pkl;req228.pkl;req253.pkl;req265.pkl;req272.pkl;req274.pkl;req276.pkl;req282.pkl;req305.pkl;req318.pkl;req333.pkl;req343.pkl;req363.pkl;req378.pkl;req392.pkl;req412.pkl;req415.pkl;req423.pkl;req442.pkl;req443.pkl;req470.pkl;req485.pkl;req490.pkl;req497.pkl;req513.pkl;req517.pkl;req529.pkl;req535.pkl;req541.pkl;req563.pkl;req565.pkl;req576.pkl;req578.pkl;req591.pkl;req603.pkl;req608.pkl;req628.pkl;req672.pkl;req686.pkl;req695.pkl;req706.pkl;req771.pkl;req773.pkl;req793.pkl;req806.pkl;req814.pkl;req820.pkl;req823.pkl;req831.pkl;req839.pkl;req840.pkl;req865.pkl;req867.pkl;req884.pkl;req889.pkl;req900.pkl;req940.pkl;req965.pkl;req1009.pkl;req1010.pkl;req1015.pkl;req1028.pkl;req1031.pkl;req1037.pkl;req1059.pkl;req1063.pkl;req1064.pkl;req1075.pkl;req1080.pkl;req1099.pkl;req1109.pkl;req1114.pkl;req1115.pkl;req1118.pkl;req1122.pkl;req1130.pkl;req1144.pkl;req1146.pkl;req1152.pkl;req1163.pkl;req1166.pkl;req1184.pkl;req1190.pkl;req1200.pkl;req1206.pkl;req1212.pkl;req1225.pkl;req1236.pkl;req1241.pkl;req1244.pkl;req1272.pkl;req1302.pkl;req1315.pkl;req1320.pkl;req1329.pkl;req1334.pkl;req1339.pkl;req1341.pkl;req1351.pkl;req1363.pkl;req1382.pkl;req1384.pkl;req1391.pkl;req1392.pkl;req1393.pkl;req1398.pkl;req1417.pkl;req1423.pkl;req1459.pkl;req1476.pkl;req1527.pkl;req1549.pkl;req1597.pkl;req1623.pkl;req1624.pkl;req1626.pkl;req1654.pkl;req1672.pkl;req1685.pkl;req1688.pkl;req1695.pkl;req1701.pkl;req1711.pkl;req1722.pkl;req1726.pkl;req1728.pkl;req1730.pkl;req1744.pkl;req1754.pkl;req1756.pkl;req1758.pkl;req1764.pkl;req1778.pkl;req1805.pkl;req1827.pkl;req1850.pkl;req1857.pkl;req1864.pkl;req1884.pkl;req1915.pkl;req1917.pkl;req1920.pkl;req1921.pkl;req1927.pkl;req2015.pkl;req2052.pkl;req2061.pkl;req2062.pkl;req2070.pkl;req2088.pkl;req2099.pkl;req2103.pkl;req2145.pkl;req2157.pkl;req2166.pkl;req2215.pkl;req2244.pkl;req2255.pkl;req2265.pkl;req2287.pkl;req2292.pkl;req2319.pkl;req2329.pkl;req2362.pkl;req2364.pkl;req2377.pkl;req2388.pkl;req2411.pkl;req2428.pkl;req2436.pkl;req2456.pkl;req2506.pkl;req2520.pkl;req2526.pkl;req2528.pkl;req2537.pkl;req2593.pkl;req2594.pkl;req2605.pkl;req2608.pkl;req2612.pkl;req2613.pkl;req2614.pkl;req2617.pkl;req2623.pkl;req2646.pkl;req2659.pkl;req2675.pkl;req2710.pkl;req2746.pkl;req2752.pkl;req2772.pkl;req2773.pkl;req2814.pkl;req2858.pkl;req2872.pkl;req2879.pkl;req2882.pkl;req2889.pkl;req2897.pkl;req2904.pkl;req2912.pkl;req2934.pkl;req2939.pkl;req2946.pkl;req2954.pkl;req2955.pkl;req2964.pkl;req2983.pkl;req3022.pkl;req3049.pkl;req3061.pkl;req3070.pkl;req3074.pkl;req3079.pkl;req3091.pkl;req3092.pkl;req3117.pkl;req3128.pkl;req3129.pkl;req3145.pkl;req3188.pkl;req3189.pkl;req3206.pkl;req3208.pkl;req3241.pkl;req3255.pkl;req3266.pkl;req3290.pkl;req3292.pkl;req3303.pkl;req3317.pkl;req3336.pkl;req3349.pkl;req3388.pkl;req3390.pkl;req3409.pkl;req3423.pkl;req3429.pkl;req3452.pkl;req3454.pkl;req3473.pkl;req3487.pkl;req3488.pkl;req3498.pkl;req3563.pkl;req3574.pkl;req3585.pkl;req3609.pkl;req3613.pkl;req3623.pkl;req3628.pkl;req3638.pkl;req3647.pkl;req3651.pkl;req3690.pkl;req3691.pkl;req3754.pkl;req3767.pkl;req3776.pkl;req3813.pkl;req3824.pkl;req3831.pkl;req3832.pkl;req3847.pkl;req3852.pkl;req3902.pkl;req3930.pkl;req3941.pkl;req3950.pkl;req3977.pkl;req3985.pkl;req4047.pkl;req4048.pkl;req4051.pkl;req4089.pkl;req4101.pkl;req4103.pkl;req4105.pkl;req4112.pkl;req4113.pkl;req4114.pkl;req4120.pkl;req4139.pkl;req4141.pkl;req4210.pkl;req4215.pkl;req4228.pkl;req4260.pkl;req4280.pkl;req4295.pkl;req4303.pkl;req4314.pkl;req4341.pkl;req4355.pkl;req4359.pkl;req4374.pkl;req4383.pkl;req4384.pkl;req4413.pkl;req4415.pkl;req4429.pkl;req4438.pkl;req4444.pkl;req4451.pkl;req4467.pkl;req4475.pkl;req4504.pkl;req4534.pkl;req4561.pkl;req4567.pkl;req4570.pkl;req4573.pkl;req4582.pkl;req4583.pkl;req4588.pkl;req4589.pkl;req4590.pkl;req4595.pkl;req4601.pkl;req4628.pkl;req4648.pkl;req4657.pkl;req4674.pkl;req4679.pkl;req4680.pkl;req4689.pkl;req4693.pkl;req4703.pkl;req4721.pkl;req4736.pkl;req4741.pkl;req4781.pkl;req4785.pkl;req4790.pkl;req4821.pkl;req4866.pkl;req4905.pkl;req4911.pkl;req4914.pkl;req4967.pkl;req4971.pkl;req4974.pkl;req4979.pkl;req4989.pkl;req4993.pkl;req5002.pkl;req5016.pkl;req5020.pkl;req5085.pkl;req5095.pkl;req5101.pkl;req5114.pkl;req5128.pkl;req5165.pkl;req5192.pkl;req5193.pkl;req5216.pkl;req5227.pkl;req5247.pkl;req5257.pkl;req5264.pkl;req5291.pkl;req5300.pkl;req5320.pkl;req5325.pkl;req5328.pkl;req5335.pkl;req5340.pkl;req5345.pkl;req5356.pkl;req5373.pkl;req5392.pkl;req5410.pkl;req5448.pkl;req5514.pkl;req5523.pkl;req5531.pkl;req5549.pkl;req5557.pkl;req5567.pkl;req5568.pkl;req5575.pkl;req5581.pkl;req5585.pkl;req5598.pkl;req5600.pkl;req5602.pkl;req5609.pkl;req5622.pkl;req5641.pkl;req5647.pkl;req5670.pkl;req5693.pkl;req5698.pkl;req5748.pkl;req5812.pkl;req5818.pkl;req5821.pkl;req5853.pkl;req5878.pkl;req5881.pkl;req5922.pkl;req5925.pkl;req5962.pkl;req5980.pkl;req6010.pkl;req6017.pkl;req6050.pkl;req6051.pkl;req6078.pkl;req6081.pkl;req6119.pkl;req6121.pkl;req6149.pkl;req6153.pkl;req6166.pkl;req6169.pkl;req6170.pkl;req6212.pkl;req6219.pkl;req6243.pkl;req6252.pkl;req6257.pkl;req6273.pkl;req6282.pkl;req6300.pkl;req6314.pkl;req6328.pkl;req6334.pkl;req6343.pkl;req6347.pkl;req6355.pkl;req6372.pkl;req6382.pkl;req6403.pkl;req6417.pkl;req6419.pkl;req6438.pkl;req6445.pkl;req6448.pkl;req6453.pkl;req6484.pkl;req6495.pkl;req6497.pkl;req6498.pkl;req6522.pkl;req6531.pkl;req6557.pkl;req6567.pkl;req6591.pkl;req6597.pkl;req6601.pkl;req6607.pkl;req6609.pkl;req6632.pkl;req6636.pkl;req6638.pkl;req6639.pkl;req6650.pkl;req6656.pkl;req6667.pkl;req6685.pkl;req6691.pkl;req6698.pkl;req6714.pkl;req6737.pkl;req6740.pkl;req6763.pkl;req6772.pkl;req6796.pkl;req6808.pkl;req6848.pkl;req6898.pkl;req6911.pkl;req6914.pkl;req6915.pkl;req6923.pkl;req6958.pkl;req6965.pkl;req6987.pkl;req7014.pkl;req7035.pkl;req7042.pkl;req7046.pkl;req7057.pkl;req7085.pkl;req7100.pkl;req7107.pkl;req7126.pkl;req7128.pkl;req7134.pkl;req7137.pkl;req7164.pkl;req7171.pkl;req7179.pkl;req7192.pkl;req7204.pkl;req7205.pkl;req7237.pkl;req7266.pkl;req7276.pkl;req7318.pkl;req7319.pkl;req7334.pkl;req7347.pkl;req7395.pkl;req7418.pkl;req7419.pkl;req7432.pkl;req7438.pkl;req7441.pkl;req7442.pkl;req7459.pkl;req7470.pkl;req7505.pkl;req7510.pkl;req7547.pkl;req7558.pkl;req7601.pkl;req7609.pkl;req7610.pkl;req7637.pkl;req7639.pkl;req7657.pkl;req7678.pkl;req7685.pkl;req7718.pkl;req7732.pkl;req7746.pkl;req7791.pkl;req7795.pkl;req7811.pkl;req7822.pkl;req7826.pkl;req7834.pkl;req7857.pkl;req7908.pkl;req7929.pkl;req7977.pkl;req7979.pkl;req7984.pkl;req7988.pkl;req8001.pkl;req8003.pkl;req8008.pkl;req8028.pkl;req8039.pkl;req8046.pkl;req8054.pkl;req8061.pkl;req8064.pkl;req8070.pkl;req8076.pkl;req8093.pkl;req8098.pkl;req8112.pkl;req8113.pkl;req8143.pkl;req8146.pkl;req8161.pkl;req8205.pkl;req8283.pkl;req8292.pkl;req8294.pkl;req8299.pkl;req8320.pkl;req8329.pkl;req8379.pkl;req8380.pkl;req8381.pkl;req8387.pkl;req8389.pkl;req8390.pkl;req8415.pkl;req8416.pkl;req8434.pkl;req8436.pkl;req8449.pkl;req8455.pkl;req8456.pkl;req8467.pkl;req8468.pkl;req8480.pkl;req8492.pkl;req8508.pkl;req8510.pkl;req8513.pkl;req8524.pkl;req8540.pkl;req8549.pkl;req8562.pkl;req8568.pkl;req8578.pkl;req8581.pkl;req8590.pkl;req8594.pkl;req8609.pkl;req8637.pkl;req8638.pkl;req8639.pkl;req8667.pkl;req8681.pkl;req8716.pkl;req8744.pkl;req8781.pkl;req8782.pkl;req8785.pkl;req8826.pkl;req8864.pkl
2,503,req13.pkl,"('F', '_', '_', ('PRED', '=', '_', '_'))",req13.pkl;req20.pkl;req23.pkl;req39.pkl;req46.pkl;req68.pkl;req82.pkl;req84.pkl;req87.pkl;req96.pkl;req133.pkl;req136.pkl;req138.pkl;req148.pkl;req197.pkl;req231.pkl;req238.pkl;req271.pkl;req294.pkl;req295.pkl;req297.pkl;req299.pkl;req303.pkl;req405.pkl;req433.pkl;req439.pkl;req472.pkl;req486.pkl;req539.pkl;req540.pkl;req548.pkl;req581.pkl;req582.pkl;req589.pkl;req597.pkl;req606.pkl;req609.pkl;req621.pkl;req622.pkl;req646.pkl;req659.pkl;req669.pkl;req724.pkl;req728.pkl;req741.pkl;req762.pkl;req779.pkl;req784.pkl;req788.pkl;req800.pkl;req815.pkl;req830.pkl;req833.pkl;req835.pkl;req844.pkl;req880.pkl;req882.pkl;req895.pkl;req919.pkl;req925.pkl;req954.pkl;req973.pkl;req979.pkl;req990.pkl;req1003.pkl;req1011.pkl;req1013.pkl;req1019.pkl;req1026.pkl;req1027.pkl;req1081.pkl;req1101.pkl;req1126.pkl;req1128.pkl;req1136.pkl;req1164.pkl;req1182.pkl;req1197.pkl;req1227.pkl;req1278.pkl;req1307.pkl;req1314.pkl;req1324.pkl;req1326.pkl;req1336.pkl;req1358.pkl;req1413.pkl;req1449.pkl;req1464.pkl;req1465.pkl;req1501.pkl;req1502.pkl;req1514.pkl;req1522.pkl;req1566.pkl;req1567.pkl;req1573.pkl;req1582.pkl;req1600.pkl;req1748.pkl;req1766.pkl;req1767.pkl;req1776.pkl;req1799.pkl;req1801.pkl;req1803.pkl;req1833.pkl;req1844.pkl;req1848.pkl;req1854.pkl;req1856.pkl;req1866.pkl;req1874.pkl;req1892.pkl;req1896.pkl;req1897.pkl;req1906.pkl;req1907.pkl;req1947.pkl;req1953.pkl;req1972.pkl;req1990.pkl;req2003.pkl;req2014.pkl;req2027.pkl;req2053.pkl;req2067.pkl;req2080.pkl;req2109.pkl;req2114.pkl;req2129.pkl;req2132.pkl;req2133.pkl;req2158.pkl;req2175.pkl;req2202.pkl;req2217.pkl;req2247.pkl;req2272.pkl;req2277.pkl;req2326.pkl;req2331.pkl;req2358.pkl;req2373.pkl;req2380.pkl;req2393.pkl;req2396.pkl;req2401.pkl;req2416.pkl;req2418.pkl;req2435.pkl;req2441.pkl;req2449.pkl;req2458.pkl;req2509.pkl;req2555.pkl;req2559.pkl;req2571.pkl;req2581.pkl;req2588.pkl;req2610.pkl;req2703.pkl;req2718.pkl;req2747.pkl;req2823.pkl;req2829.pkl;req2850.pkl;req2913.pkl;req2924.pkl;req2933.pkl;req2953.pkl;req2965.pkl;req2976.pkl;req3010.pkl;req3041.pkl;req3063.pkl;req3073.pkl;req3103.pkl;req3130.pkl;req3141.pkl;req3144.pkl;req3157.pkl;req3199.pkl;req3211.pkl;req3225.pkl;req3239.pkl;req3284.pkl;req3316.pkl;req3337.pkl;req3366.pkl;req3381.pkl;req3391.pkl;req3393.pkl;req3437.pkl;req3451.pkl;req3471.pkl;req3483.pkl;req3489.pkl;req3511.pkl;req3543.pkl;req3552.pkl;req3617.pkl;req3619.pkl;req3649.pkl;req3669.pkl;req3718.pkl;req3721.pkl;req3736.pkl;req3748.pkl;req3759.pkl;req3785.pkl;req3789.pkl;req3810.pkl;req3846.pkl;req3866.pkl;req3894.pkl;req3928.pkl;req3931.pkl;req3954.pkl;req3973.pkl;req3978.pkl;req3979.pkl;req4013.pkl;req4035.pkl;req4042.pkl;req4057.pkl;req4077.pkl;req4118.pkl;req4119.pkl;req4135.pkl;req4137.pkl;req4147.pkl;req4159.pkl;req4201.pkl;req4206.pkl;req4217.pkl;req4259.pkl;req4287.pkl;req4336.pkl;req4344.pkl;req4405.pkl;req4432.pkl;req4440.pkl;req4443.pkl;req4447.pkl;req4458.pkl;req4464.pkl;req4486.pkl;req4522.pkl;req4533.pkl;req4580.pkl;req4625.pkl;req4627.pkl;req4630.pkl;req4634.pkl;req4638.pkl;req4641.pkl;req4646.pkl;req4656.pkl;req4694.pkl;req4698.pkl;req4734.pkl;req4737.pkl;req4742.pkl;req4750.pkl;req4783.pkl;req4788.pkl;req4831.pkl;req4837.pkl;req4851.pkl;req4852.pkl;req4856.pkl;req4910.pkl;req4922.pkl;req4924.pkl;req4938.pkl;req4940.pkl;req4959.pkl;req4961.pkl;req4963.pkl;req4970.pkl;req4982.pkl;req5022.pkl;req5041.pkl;req5058.pkl;req5080.pkl;req5100.pkl;req5108.pkl;req5113.pkl;req5134.pkl;req5140.pkl;req5142.pkl;req5155.pkl;req5176.pkl;req5190.pkl;req5196.pkl;req5204.pkl;req5212.pkl;req5226.pkl;req5228.pkl;req5241.pkl;req5253.pkl;req5259.pkl;req5273.pkl;req5283.pkl;req5288.pkl;req5296.pkl;req5304.pkl;req5306.pkl;req5309.pkl;req5314.pkl;req5337.pkl;req5355.pkl;req5386.pkl;req5400.pkl;req5440.pkl;req5452.pkl;req5466.pkl;req5475.pkl;req5483.pkl;req5507.pkl;req5511.pkl;req5515.pkl;req5535.pkl;req5536.pkl;req5537.pkl;req5565.pkl;req5608.pkl;req5633.pkl;req5660.pkl;req5668.pkl;req5672.pkl;req5677.pkl;req5702.pkl;req5735.pkl;req5738.pkl;req5743.pkl;req5754.pkl;req5758.pkl;req5790.pkl;req5798.pkl;req5800.pkl;req5832.pkl;req5833.pkl;req5887.pkl;req5892.pkl;req5917.pkl;req5924.pkl;req5969.pkl;req5974.pkl;req5976.pkl;req5999.pkl;req6047.pkl;req6085.pkl;req6128.pkl;req6131.pkl;req6133.pkl;req6138.pkl;req6173.pkl;req6177.pkl;req6188.pkl;req6193.pkl;req6211.pkl;req6225.pkl;req6245.pkl;req6246.pkl;req6263.pkl;req6277.pkl;req6319.pkl;req6336.pkl;req6394.pkl;req6399.pkl;req6405.pkl;req6409.pkl;req6412.pkl;req6435.pkl;req6468.pkl;req6470.pkl;req6479.pkl;req6480.pkl;req6481.pkl;req6521.pkl;req6528.pkl;req6538.pkl;req6539.pkl;req6550.pkl;req6586.pkl;req6618.pkl;req6648.pkl;req6658.pkl;req6661.pkl;req6666.pkl;req6674.pkl;req6676.pkl;req6678.pkl;req6696.pkl;req6713.pkl;req6731.pkl;req6754.pkl;req6758.pkl;req6790.pkl;req6831.pkl;req6834.pkl;req6839.pkl;req6890.pkl;req6891.pkl;req6908.pkl;req6919.pkl;req6931.pkl;req6941.pkl;req6978.pkl;req6998.pkl;req7000.pkl;req7006.pkl;req7007.pkl;req7032.pkl;req7066.pkl;req7097.pkl;req7104.pkl;req7111.pkl;req7156.pkl;req7195.pkl;req7196.pkl;req7219.pkl;req7258.pkl;req7269.pkl;req7282.pkl;req7284.pkl;req7285.pkl;req7287.pkl;req7294.pkl;req7312.pkl;req7314.pkl;req7326.pkl;req7338.pkl;req7425.pkl;req7446.pkl;req7496.pkl;req7497.pkl;req7507.pkl;req7585.pkl;req7602.pkl;req7645.pkl;req7652.pkl;req7655.pkl;req7677.pkl;req7740.pkl;req7754.pkl;req7756.pkl;req7798.pkl;req7802.pkl;req7809.pkl;req7829.pkl;req7842.pkl;req7848.pkl;req7851.pkl;req7898.pkl;req7915.pkl;req7969.pkl;req8056.pkl;req8059.pkl;req8074.pkl;req8109.pkl;req8115.pkl;req8142.pkl;req8159.pkl;req8160.pkl;req8190.pkl;req8196.pkl;req8207.pkl;req8214.pkl;req8249.pkl;req8306.pkl;req8312.pkl;req8348.pkl;req8355.pkl;req8377.pkl;req8382.pkl;req8385.pkl;req8420.pkl;req8457.pkl;req8469.pkl;req8563.pkl;req8564.pkl;req8589.pkl;req8600.pkl;req8613.pkl;req8630.pkl;req8631.pkl;req8645.pkl;req8649.pkl;req8655.pkl;req8703.pkl;req8787.pkl;req8794.pkl;req8804.pkl;req8814.pkl;req8837.pkl;req8838.pkl;req8859.pkl;req8863.pkl;req8874.pkl;req8875.pkl
3,189,req101.pkl,"('G', '_', '_', ('PRED', '>', '_', '_'))",req101.pkl;req142.pkl;req285.pkl;req296.pkl;req359.pkl;req396.pkl;req421.pkl;req431.pkl;req436.pkl;req558.pkl;req637.pkl;req683.pkl;req878.pkl;req883.pkl;req932.pkl;req1057.pkl;req1069.pkl;req1092.pkl;req1143.pkl;req1150.pkl;req1169.pkl;req1209.pkl;req1319.pkl;req1352.pkl;req1497.pkl;req1539.pkl;req1554.pkl;req1568.pkl;req1581.pkl;req1608.pkl;req1615.pkl;req1634.pkl;req1700.pkl;req1814.pkl;req1863.pkl;req1893.pkl;req1979.pkl;req2043.pkl;req2096.pkl;req2161.pkl;req2162.pkl;req2163.pkl;req2191.pkl;req2205.pkl;req2289.pkl;req2290.pkl;req2367.pkl;req2382.pkl;req2516.pkl;req2529.pkl;req2545.pkl;req2586.pkl;req2602.pkl;req2604.pkl;req2606.pkl;req2625.pkl;req2657.pkl;req2691.pkl;req2740.pkl;req2767.pkl;req2865.pkl;req2992.pkl;req3019.pkl;req3265.pkl;req3299.pkl;req3315.pkl;req3350.pkl;req3421.pkl;req3428.pkl;req3600.pkl;req3648.pkl;req3671.pkl;req3705.pkl;req3871.pkl;req3935.pkl;req3956.pkl;req3972.pkl;req3983.pkl;req4040.pkl;req4087.pkl;req4104.pkl;req4156.pkl;req4189.pkl;req4370.pkl;req4372.pkl;req4385.pkl;req4442.pkl;req4542.pkl;req4548.pkl;req4554.pkl;req4592.pkl;req4604.pkl;req4754.pkl;req4759.pkl;req4772.pkl;req4861.pkl;req5063.pkl;req5066.pkl;req5067.pkl;req5102.pkl;req5203.pkl;req5231.pkl;req5319.pkl;req5341.pkl;req5454.pkl;req5467.pkl;req5489.pkl;req5493.pkl;req5496.pkl;req5505.pkl;req5534.pkl;req5556.pkl;req5634.pkl;req5713.pkl;req5717.pkl;req5757.pkl;req5787.pkl;req5828.pkl;req5844.pkl;req5889.pkl;req5911.pkl;req5912.pkl;req5940.pkl;req5970.pkl;req6023.pkl;req6034.pkl;req6037.pkl;req6109.pkl;req6123.pkl;req6183.pkl;req6206.pkl;req6221.pkl;req6333.pkl;req6396.pkl;req6404.pkl;req6421.pkl;req6476.pkl;req6499.pkl;req6500.pkl;req6551.pkl;req6625.pkl;req6686.pkl;req6777.pkl;req6779.pkl;req6795.pkl;req6809.pkl;req6838.pkl;req6842.pkl;req6863.pkl;req6879.pkl;req6885.pkl;req6937.pkl;req6980.pkl;req7060.pkl;req7175.pkl;req7188.pkl;req7261.pkl;req7270.pkl;req7275.pkl;req7299.pkl;req7303.pkl;req7322.pkl;req7365.pkl;req7396.pkl;req7527.pkl;req7536.pkl;req7625.pkl;req7694.pkl;req7711.pkl;req7726.pkl;req7727.pkl;req7729.pkl;req7768.pkl;req7825.pkl;req7980.pkl;req8010.pkl;req8318.pkl;req8322.pkl;req8383.pkl;req8429.pkl;req8464.pkl;req8526.pkl;req8539.pkl;req8545.pkl;req8553.pkl;req8696.pkl;req8756.pkl;req8776.pkl;req8862.pkl
4,169,req2.pkl,"('G', '_', '_', ('PRED', '>=', '_', '_'))",req2.pkl;req3.pkl;req36.pkl;req57.pkl;req117.pkl;req119.pkl;req216.pkl;req226.pkl;req263.pkl;req319.pkl;req364.pkl;req395.pkl;req406.pkl;req542.pkl;req545.pkl;req708.pkl;req743.pkl;req776.pkl;req797.pkl;req832.pkl;req918.pkl;req928.pkl;req988.pkl;req1036.pkl;req1046.pkl;req1078.pkl;req1222.pkl;req1232.pkl;req1239.pkl;req1250.pkl;req1294.pkl;req1333.pkl;req1404.pkl;req1424.pkl;req1445.pkl;req1490.pkl;req1540.pkl;req1693.pkl;req1852.pkl;req2066.pkl;req2102.pkl;req2321.pkl;req2360.pkl;req2427.pkl;req2460.pkl;req2514.pkl;req2582.pkl;req2696.pkl;req2701.pkl;req2712.pkl;req2768.pkl;req2770.pkl;req2796.pkl;req2802.pkl;req2827.pkl;req2840.pkl;req2861.pkl;req2862.pkl;req2901.pkl;req3047.pkl;req3078.pkl;req3169.pkl;req3212.pkl;req3413.pkl;req3440.pkl;req3546.pkl;req3606.pkl;req3607.pkl;req3727.pkl;req3758.pkl;req3795.pkl;req3835.pkl;req3882.pkl;req3938.pkl;req3952.pkl;req3976.pkl;req4010.pkl;req4017.pkl;req4045.pkl;req4191.pkl;req4196.pkl;req4222.pkl;req4227.pkl;req4284.pkl;req4317.pkl;req4335.pkl;req4350.pkl;req4371.pkl;req4382.pkl;req4411.pkl;req4420.pkl;req4463.pkl;req4490.pkl;req4578.pkl;req4608.pkl;req4670.pkl;req4786.pkl;req4883.pkl;req4887.pkl;req4898.pkl;req4995.pkl;req5034.pkl;req5044.pkl;req5115.pkl;req5164.pkl;req5195.pkl;req5234.pkl;req5289.pkl;req5421.pkl;req5576.pkl;req5620.pkl;req5626.pkl;req5749.pkl;req5771.pkl;req5774.pkl;req5894.pkl;req5919.pkl;req5929.pkl;req5943.pkl;req5995.pkl;req6070.pkl;req6083.pkl;req6142.pkl;req6165.pkl;req6223.pkl;req6350.pkl;req6429.pkl;req6606.pkl;req6743.pkl;req6784.pkl;req6801.pkl;req6844.pkl;req6865.pkl;req6868.pkl;req6963.pkl;req6969.pkl;req6983.pkl;req7028.pkl;req7051.pkl;req7088.pkl;req7101.pkl;req7201.pkl;req7209.pkl;req7230.pkl;req7250.pkl;req7252.pkl;req7296.pkl;req7306.pkl;req7366.pkl;req7526.pkl;req7540.pkl;req7600.pkl;req7621.pkl;req7647.pkl;req7760.pkl;req7901.pkl;req8019.pkl;req8172.pkl;req8234.pkl;req8279.pkl;req8311.pkl;req8319.pkl;req8419.pkl;req8445.pkl;req8448.pkl;req8494.pkl;req8505.pkl;req8666.pkl;req8767.pkl
5,155,req73.pkl,"('G', '_', '_', ('&&', ('PRED', '<', '_', '_'), ('PRED', '>', '_', '_')))",req73.pkl;req79.pkl;req112.pkl;req189.pkl;req337.pkl;req748.pkl;req789.pkl;req855.pkl;req1071.pkl;req1168.pkl;req1187.pkl;req1254.pkl;req1443.pkl;req1444.pkl;req1446.pkl;req1457.pkl;req1480.pkl;req1577.pkl;req1705.pkl;req1716.pkl;req1789.pkl;req1935.pkl;req2033.pkl;req2058.pkl;req2090.pkl;req2139.pkl;req2301.pkl;req2317.pkl;req2383.pkl;req2408.pkl;req2446.pkl;req2451.pkl;req2492.pkl;req2511.pkl;req2531.pkl;req2596.pkl;req2598.pkl;req2619.pkl;req2670.pkl;req2748.pkl;req2750.pkl;req2786.pkl;req2806.pkl;req2890.pkl;req3114.pkl;req3134.pkl;req3156.pkl;req3176.pkl;req3360.pkl;req3372.pkl;req3377.pkl;req3403.pkl;req3418.pkl;req3484.pkl;req3529.pkl;req3641.pkl;req3644.pkl;req3650.pkl;req3672.pkl;req3839.pkl;req4006.pkl;req4088.pkl;req4107.pkl;req4117.pkl;req4162.pkl;req4167.pkl;req4190.pkl;req4199.pkl;req4234.pkl;req4327.pkl;req4389.pkl;req4394.pkl;req4423.pkl;req4549.pkl;req4562.pkl;req4587.pkl;req4599.pkl;req4649.pkl;req4675.pkl;req4850.pkl;req4985.pkl;req5042.pkl;req5074.pkl;req5084.pkl;req5096.pkl;req5161.pkl;req5167.pkl;req5255.pkl;req5366.pkl;req5374.pkl;req5462.pkl;req5473.pkl;req5510.pkl;req5525.pkl;req5548.pkl;req5593.pkl;req5662.pkl;req5665.pkl;req5722.pkl;req5739.pkl;req5740.pkl;req5808.pkl;req5916.pkl;req5931.pkl;req5978.pkl;req6007.pkl;req6061.pkl;req6204.pkl;req6274.pkl;req6304.pkl;req6354.pkl;req6361.pkl;req6366.pkl;req6381.pkl;req6463.pkl;req6469.pkl;req6552.pkl;req6594.pkl;req6623.pkl;req6742.pkl;req6797.pkl;req6909.pkl;req7076.pkl;req7079.pkl;req7352.pkl;req7511.pkl;req7520.pkl;req7607.pkl;req7608.pkl;req7626.pkl;req7662.pkl;req7704.pkl;req7845.pkl;req7961.pkl;req7987.pkl;req8052.pkl;req8058.pkl;req8095.pkl;req8111.pkl;req8149.pkl;req8165.pkl;req8194.pkl;req8204.pkl;req8217.pkl;req8341.pkl;req8478.pkl;req8490.pkl;req8587.pkl;req8599.pkl;req8616.pkl;req8647.pkl;req8674.pkl;req8685.pkl;req8728.pkl;req8757.pkl
6,154,req239.pkl,"('F', '_', '_', ('PRED', '>', '_', '_'))",req239.pkl;req414.pkl;req527.pkl;req568.pkl;req614.pkl;req707.pkl;req750.pkl;req769.pkl;req798.pkl;req861.pkl;req1066.pkl;req1094.pkl;req1103.pkl;req1202.pkl;req1219.pkl;req1285.pkl;req1303.pkl;req1350.pkl;req1385.pkl;req1435.pkl;req1511.pkl;req1518.pkl;req1565.pkl;req1607.pkl;req1639.pkl;req1687.pkl;req1810.pkl;req1826.pkl;req1829.pkl;req1845.pkl;req1849.pkl;req1871.pkl;req1887.pkl;req1890.pkl;req1905.pkl;req1931.pkl;req1938.pkl;req1980.pkl;req2098.pkl;req2113.pkl;req2269.pkl;req2352.pkl;req2430.pkl;req2489.pkl;req2527.pkl;req2548.pkl;req2573.pkl;req2633.pkl;req2693.pkl;req2716.pkl;req2733.pkl;req2757.pkl;req2792.pkl;req2828.pkl;req2911.pkl;req2974.pkl;req3055.pkl;req3058.pkl;req3105.pkl;req3110.pkl;req3273.pkl;req3300.pkl;req3353.pkl;req3602.pkl;req3675.pkl;req3850.pkl;req3864.pkl;req3966.pkl;req4052.pkl;req4090.pkl;req4130.pkl;req4176.pkl;req4193.pkl;req4194.pkl;req4265.pkl;req4436.pkl;req4480.pkl;req4512.pkl;req4566.pkl;req4704.pkl;req4765.pkl;req4920.pkl;req5056.pkl;req5147.pkl;req5172.pkl;req5178.pkl;req5201.pkl;req5307.pkl;req5434.pkl;req5438.pkl;req5472.pkl;req5509.pkl;req5594.pkl;req5604.pkl;req5657.pkl;req5673.pkl;req5675.pkl;req5715.pkl;req5731.pkl;req5751.pkl;req5755.pkl;req5775.pkl;req5807.pkl;req5822.pkl;req5865.pkl;req5985.pkl;req6031.pkl;req6067.pkl;req6216.pkl;req6267.pkl;req6326.pkl;req6384.pkl;req6578.pkl;req6596.pkl;req6663.pkl;req6721.pkl;req6723.pkl;req6762.pkl;req6821.pkl;req6896.pkl;req7002.pkl;req7008.pkl;req7025.pkl;req7075.pkl;req7173.pkl;req7291.pkl;req7304.pkl;req7328.pkl;req7346.pkl;req7359.pkl;req7444.pkl;req7486.pkl;req7565.pkl;req7569.pkl;req7586.pkl;req7588.pkl;req7593.pkl;req7622.pkl;req7687.pkl;req7859.pkl;req8072.pkl;req8084.pkl;req8235.pkl;req8254.pkl;req8495.pkl;req8534.pkl;req8548.pkl;req8605.pkl;req8610.pkl;req8619.pkl;req8621.pkl;req8736.pkl;req8760.pkl;req8778.pkl
7,153,req9.pkl,"('G', '_', '_', ('&&', ('PRED', '<=', '_', '_'), ('PRED', '>=', '_', '_')))",req9.pkl;req104.pkl;req118.pkl;req186.pkl;req349.pkl;req449.pkl;req468.pkl;req511.pkl;req550.pkl;req593.pkl;req625.pkl;req718.pkl;req744.pkl;req763.pkl;req767.pkl;req847.pkl;req885.pkl;req996.pkl;req1044.pkl;req1052.pkl;req1083.pkl;req1218.pkl;req1230.pkl;req1247.pkl;req1297.pkl;req1366.pkl;req1397.pkl;req1487.pkl;req1533.pkl;req1544.pkl;req1667.pkl;req1780.pkl;req1808.pkl;req1996.pkl;req2049.pkl;req2085.pkl;req2173.pkl;req2249.pkl;req2258.pkl;req2313.pkl;req2425.pkl;req2433.pkl;req2443.pkl;req2464.pkl;req2542.pkl;req2603.pkl;req2621.pkl;req2672.pkl;req2686.pkl;req2687.pkl;req2717.pkl;req2819.pkl;req2935.pkl;req2957.pkl;req3109.pkl;req3293.pkl;req3500.pkl;req3663.pkl;req3719.pkl;req3876.pkl;req4110.pkl;req4174.pkl;req4322.pkl;req4364.pkl;req4484.pkl;req4509.pkl;req4511.pkl;req4555.pkl;req4563.pkl;req4682.pkl;req4806.pkl;req4917.pkl;req4937.pkl;req5000.pkl;req5005.pkl;req5030.pkl;req5131.pkl;req5148.pkl;req5229.pkl;req5323.pkl;req5359.pkl;req5430.pkl;req5432.pkl;req5687.pkl;req5737.pkl;req5824.pkl;req5842.pkl;req5857.pkl;req5874.pkl;req5956.pkl;req5984.pkl;req5991.pkl;req6000.pkl;req6008.pkl;req6107.pkl;req6124.pkl;req6232.pkl;req6292.pkl;req6303.pkl;req6353.pkl;req6411.pkl;req6529.pkl;req6555.pkl;req6560.pkl;req6571.pkl;req6611.pkl;req6683.pkl;req6687.pkl;req6689.pkl;req6775.pkl;req6798.pkl;req6815.pkl;req6817.pkl;req6922.pkl;req6925.pkl;req7055.pkl;req7095.pkl;req7238.pkl;req7320.pkl;req7371.pkl;req7404.pkl;req7473.pkl;req7479.pkl;req7495.pkl;req7504.pkl;req7533.pkl;req7583.pkl;req7591.pkl;req7596.pkl;req7670.pkl;req7728.pkl;req7790.pkl;req7799.pkl;req7808.pkl;req7820.pkl;req7864.pkl;req7895.pkl;req7931.pkl;req7941.pkl;req8082.pkl;req8092.pkl;req8189.pkl;req8228.pkl;req8321.pkl;req8502.pkl;req8518.pkl;req8611.pkl;req8652.pkl;req8668.pkl;req8743.pkl;req8755.pkl;req8816.pkl;req8824.pkl
8,153,req54.pkl,"('G', '_', '_', ('PRED', '<=', '_', '_'))",req54.pkl;req64.pkl;req65.pkl;req156.pkl;req160.pkl;req187.pkl;req192.pkl;req374.pkl;req418.pkl;req458.pkl;req500.pkl;req508.pkl;req566.pkl;req696.pkl;req753.pkl;req842.pkl;req862.pkl;req1082.pkl;req1405.pkl;req1421.pkl;req1431.pkl;req1469.pkl;req1478.pkl;req1548.pkl;req1563.pkl;req1579.pkl;req1652.pkl;req1655.pkl;req1697.pkl;req1757.pkl;req1765.pkl;req1770.pkl;req1793.pkl;req1876.pkl;req1922.pkl;req1945.pkl;req1948.pkl;req2110.pkl;req2121.pkl;req2122.pkl;req2200.pkl;req2256.pkl;req2405.pkl;req2500.pkl;req2515.pkl;req2522.pkl;req2611.pkl;req2708.pkl;req2722.pkl;req2774.pkl;req2845.pkl;req2888.pkl;req2917.pkl;req2919.pkl;req3017.pkl;req3018.pkl;req3115.pkl;req3172.pkl;req3198.pkl;req3209.pkl;req3450.pkl;req3485.pkl;req3522.pkl;req3535.pkl;req3568.pkl;req3635.pkl;req3734.pkl;req3753.pkl;req3823.pkl;req4086.pkl;req4182.pkl;req4197.pkl;req4232.pkl;req4249.pkl;req4262.pkl;req4283.pkl;req4300.pkl;req4358.pkl;req4360.pkl;req4403.pkl;req4493.pkl;req4515.pkl;req4600.pkl;req4667.pkl;req4770.pkl;req4896.pkl;req4909.pkl;req4958.pkl;req5035.pkl;req5097.pkl;req5144.pkl;req5185.pkl;req5189.pkl;req5268.pkl;req5387.pkl;req5411.pkl;req5442.pkl;req5574.pkl;req5610.pkl;req5629.pkl;req5653.pkl;req5683.pkl;req5744.pkl;req5753.pkl;req5851.pkl;req5854.pkl;req5891.pkl;req5957.pkl;req6079.pkl;req6127.pkl;req6176.pkl;req6237.pkl;req6356.pkl;req6460.pkl;req6512.pkl;req6599.pkl;req6613.pkl;req6619.pkl;req6657.pkl;req6846.pkl;req6935.pkl;req6954.pkl;req7019.pkl;req7043.pkl;req7067.pkl;req7129.pkl;req7345.pkl;req7381.pkl;req7492.pkl;req7498.pkl;req7634.pkl;req7663.pkl;req7749.pkl;req7777.pkl;req7779.pkl;req7786.pkl;req7823.pkl;req7903.pkl;req7907.pkl;req8275.pkl;req8346.pkl;req8358.pkl;req8446.pkl;req8452.pkl;req8500.pkl;req8527.pkl;req8670.pkl;req8676.pkl;req8684.pkl;req8720.pkl;req8737.pkl;req8761.pkl;req8808.pkl
9,138,req93.pkl,"('G', '_', '_', ('PRED', '<', '_', '_'))",req93.pkl;req234.pkl;req242.pkl;req345.pkl;req390.pkl;req514.pkl;req560.pkl;req796.pkl;req807.pkl;req910.pkl;req922.pkl;req946.pkl;req1129.pkl;req1196.pkl;req1217.pkl;req1273.pkl;req1276.pkl;req1304.pkl;req1344.pkl;req1349.pkl;req1355.pkl;req1425.pkl;req1532.pkl;req1583.pkl;req1657.pkl;req1738.pkl;req1740.pkl;req1742.pkl;req1772.pkl;req1773.pkl;req1790.pkl;req1812.pkl;req1819.pkl;req1831.pkl;req1898.pkl;req2032.pkl;req2051.pkl;req2124.pkl;req2156.pkl;req2183.pkl;req2198.pkl;req2219.pkl;req2273.pkl;req2371.pkl;req2379.pkl;req2558.pkl;req2566.pkl;req2568.pkl;req2758.pkl;req2910.pkl;req2978.pkl;req3268.pkl;req3340.pkl;req3392.pkl;req3512.pkl;req3573.pkl;req3630.pkl;req3773.pkl;req3775.pkl;req3888.pkl;req3904.pkl;req3915.pkl;req3996.pkl;req4029.pkl;req4071.pkl;req4138.pkl;req4157.pkl;req4248.pkl;req4251.pkl;req4324.pkl;req4408.pkl;req4491.pkl;req4506.pkl;req4672.pkl;req4805.pkl;req4840.pkl;req4847.pkl;req4918.pkl;req4927.pkl;req5053.pkl;req5098.pkl;req5168.pkl;req5233.pkl;req5249.pkl;req5282.pkl;req5326.pkl;req5347.pkl;req5398.pkl;req5407.pkl;req5419.pkl;req5659.pkl;req5756.pkl;req5852.pkl;req5858.pkl;req5910.pkl;req5913.pkl;req5959.pkl;req5961.pkl;req5998.pkl;req6155.pkl;req6276.pkl;req6283.pkl;req6297.pkl;req6379.pkl;req6444.pkl;req6457.pkl;req6706.pkl;req6757.pkl;req6792.pkl;req6841.pkl;req6986.pkl;req7117.pkl;req7162.pkl;req7476.pkl;req7500.pkl;req7538.pkl;req7580.pkl;req7592.pkl;req7755.pkl;req7762.pkl;req7765.pkl;req7828.pkl;req7878.pkl;req8049.pkl;req8088.pkl;req8096.pkl;req8230.pkl;req8269.pkl;req8316.pkl;req8357.pkl;req8393.pkl;req8406.pkl;req8543.pkl;req8620.pkl;req8623.pkl;req8686.pkl;req8731.pkl;req8759.pkl
10,125,req51.pkl,"('F', '_', '_', ('PRED', '<=', '_', '_'))",req51.pkl;req163.pkl;req181.pkl;req195.pkl;req214.pkl;req422.pkl;req464.pkl;req660.pkl;req1038.pkl;req1156.pkl;req1290.pkl;req1415.pkl;req1439.pkl;req1482.pkl;req1483.pkl;req1632.pkl;req1637.pkl;req1684.pkl;req1718.pkl;req1751.pkl;req1784.pkl;req1926.pkl;req1992.pkl;req2064.pkl;req2106.pkl;req2135.pkl;req2160.pkl;req2190.pkl;req2243.pkl;req2296.pkl;req2300.pkl;req2463.pkl;req2507.pkl;req2570.pkl;req2667.pkl;req2707.pkl;req2738.pkl;req2869.pkl;req3033.pkl;req3095.pkl;req3269.pkl;req3364.pkl;req3416.pkl;req3443.pkl;req3547.pkl;req3659.pkl;req3662.pkl;req3714.pkl;req3788.pkl;req3803.pkl;req3845.pkl;req3859.pkl;req3865.pkl;req3889.pkl;req4001.pkl;req4116.pkl;req4133.pkl;req4149.pkl;req4181.pkl;req4245.pkl;req4261.pkl;req4307.pkl;req4377.pkl;req4378.pkl;req4536.pkl;req4710.pkl;req4760.pkl;req4773.pkl;req4942.pkl;req5060.pkl;req5091.pkl;req5160.pkl;req5267.pkl;req5470.pkl;req5540.pkl;req5611.pkl;req5682.pkl;req5695.pkl;req5773.pkl;req5801.pkl;req5950.pkl;req6180.pkl;req6244.pkl;req6373.pkl;req6410.pkl;req6432.pkl;req6566.pkl;req6614.pkl;req6633.pkl;req6739.pkl;req6780.pkl;req6822.pkl;req6835.pkl;req6994.pkl;req7199.pkl;req7239.pkl;req7316.pkl;req7429.pkl;req7618.pkl;req7624.pkl;req7734.pkl;req7747.pkl;req7794.pkl;req7813.pkl;req7844.pkl;req7891.pkl;req8106.pkl;req8119.pkl;req8171.pkl;req8173.pkl;req8181.pkl;req8198.pkl;req8243.pkl;req8305.pkl;req8384.pkl;req8392.pkl;req8484.pkl;req8525.pkl;req8560.pkl;req8577.pkl;req8604.pkl;req8650.pkl;req8762.pkl;req8791.pkl;req8825.pkl
11,121,req8.pkl,"('G', '_', '_', ('&&', ('PRED', '=', '_', '_'), ('PRED', '=', '_', '_')))",req8.pkl;req205.pkl;req327.pkl;req525.pkl;req561.pkl;req583.pkl;req640.pkl;req716.pkl;req785.pkl;req886.pkl;req894.pkl;req958.pkl;req1032.pkl;req1229.pkl;req1235.pkl;req1259.pkl;req1342.pkl;req1536.pkl;req1545.pkl;req1559.pkl;req1630.pkl;req1653.pkl;req1671.pkl;req1843.pkl;req1911.pkl;req1963.pkl;req2023.pkl;req2105.pkl;req2118.pkl;req2153.pkl;req2170.pkl;req2201.pkl;req2231.pkl;req2264.pkl;req2432.pkl;req2474.pkl;req2569.pkl;req2607.pkl;req2678.pkl;req2688.pkl;req2730.pkl;req2732.pkl;req2784.pkl;req2800.pkl;req2815.pkl;req2846.pkl;req2860.pkl;req2971.pkl;req3029.pkl;req3215.pkl;req3333.pkl;req3345.pkl;req3415.pkl;req3461.pkl;req3470.pkl;req3743.pkl;req3757.pkl;req3784.pkl;req3879.pkl;req3984.pkl;req4079.pkl;req4173.pkl;req4238.pkl;req4264.pkl;req4388.pkl;req4449.pkl;req4481.pkl;req4507.pkl;req4557.pkl;req4660.pkl;req4664.pkl;req4789.pkl;req4799.pkl;req4800.pkl;req4943.pkl;req5368.pkl;req5369.pkl;req5393.pkl;req5543.pkl;req5558.pkl;req5578.pkl;req5589.pkl;req5667.pkl;req5741.pkl;req5803.pkl;req5921.pkl;req6148.pkl;req6331.pkl;req6416.pkl;req6516.pkl;req6534.pkl;req6642.pkl;req6644.pkl;req6733.pkl;req6753.pkl;req6968.pkl;req6972.pkl;req7045.pkl;req7227.pkl;req7317.pkl;req7353.pkl;req7457.pkl;req7563.pkl;req7577.pkl;req7636.pkl;req7742.pkl;req7782.pkl;req7784.pkl;req7840.pkl;req7879.pkl;req7890.pkl;req7978.pkl;req8048.pkl;req8081.pkl;req8100.pkl;req8206.pkl;req8285.pkl;req8365.pkl;req8454.pkl;req8477.pkl;req8792.pkl
12,120,req38.pkl,"('F', '_', '_', ('PRED', '>=', '_', '_'))",req38.pkl;req60.pkl;req241.pkl;req365.pkl;req379.pkl;req399.pkl;req463.pkl;req471.pkl;req477.pkl;req615.pkl;req648.pkl;req712.pkl;req850.pkl;req923.pkl;req937.pkl;req995.pkl;req1001.pkl;req1040.pkl;req1068.pkl;req1135.pkl;req1176.pkl;req1203.pkl;req1257.pkl;req1407.pkl;req1506.pkl;req1513.pkl;req1670.pkl;req1768.pkl;req1998.pkl;req2008.pkl;req2065.pkl;req2127.pkl;req2142.pkl;req2238.pkl;req2466.pkl;req2553.pkl;req2668.pkl;req2808.pkl;req2818.pkl;req2838.pkl;req2899.pkl;req2915.pkl;req2981.pkl;req3034.pkl;req3050.pkl;req3162.pkl;req3171.pkl;req3180.pkl;req3307.pkl;req3313.pkl;req3486.pkl;req3527.pkl;req3582.pkl;req3599.pkl;req3629.pkl;req3769.pkl;req3817.pkl;req3856.pkl;req3858.pkl;req3923.pkl;req3981.pkl;req4085.pkl;req4125.pkl;req4170.pkl;req4178.pkl;req4214.pkl;req4397.pkl;req4479.pkl;req4636.pkl;req4957.pkl;req5008.pkl;req5033.pkl;req5103.pkl;req5385.pkl;req5463.pkl;req5478.pkl;req5526.pkl;req5545.pkl;req5759.pkl;req6040.pkl;req6102.pkl;req6154.pkl;req6186.pkl;req6203.pkl;req6210.pkl;req6286.pkl;req6358.pkl;req6391.pkl;req6459.pkl;req6507.pkl;req6509.pkl;req6581.pkl;req6587.pkl;req6715.pkl;req6924.pkl;req6959.pkl;req6976.pkl;req6981.pkl;req7004.pkl;req7023.pkl;req7040.pkl;req7240.pkl;req7337.pkl;req7456.pkl;req7480.pkl;req7493.pkl;req7502.pkl;req7552.pkl;req7562.pkl;req7735.pkl;req7751.pkl;req8233.pkl;req8342.pkl;req8347.pkl;req8386.pkl;req8402.pkl;req8441.pkl;req8444.pkl;req8458.pkl;req8569.pkl
13,114,req120.pkl,"('F', '_', '_', ('PRED', '<', '_', '_'))",req120.pkl;req164.pkl;req230.pkl;req293.pkl;req314.pkl;req330.pkl;req338.pkl;req351.pkl;req432.pkl;req616.pkl;req687.pkl;req869.pkl;req952.pkl;req974.pkl;req985.pkl;req1087.pkl;req1279.pkl;req1368.pkl;req1438.pkl;req1440.pkl;req1602.pkl;req1663.pkl;req1721.pkl;req1865.pkl;req1968.pkl;req1971.pkl;req1987.pkl;req2018.pkl;req2184.pkl;req2220.pkl;req2230.pkl;req2350.pkl;req2370.pkl;req2391.pkl;req2423.pkl;req2496.pkl;req2684.pkl;req2775.pkl;req2778.pkl;req2809.pkl;req2830.pkl;req2854.pkl;req2921.pkl;req2931.pkl;req2960.pkl;req3003.pkl;req3015.pkl;req3161.pkl;req3202.pkl;req3278.pkl;req3318.pkl;req3448.pkl;req3544.pkl;req3579.pkl;req3604.pkl;req3778.pkl;req3790.pkl;req3937.pkl;req4000.pkl;req4053.pkl;req4063.pkl;req4272.pkl;req4288.pkl;req4299.pkl;req4527.pkl;req4633.pkl;req4653.pkl;req4706.pkl;req4738.pkl;req4801.pkl;req4835.pkl;req4902.pkl;req4936.pkl;req5099.pkl;req5244.pkl;req5305.pkl;req5322.pkl;req5376.pkl;req5417.pkl;req5487.pkl;req5544.pkl;req5579.pkl;req5671.pkl;req5676.pkl;req5900.pkl;req5915.pkl;req5934.pkl;req5992.pkl;req6045.pkl;req6082.pkl;req6167.pkl;req6424.pkl;req6718.pkl;req6874.pkl;req6881.pkl;req6887.pkl;req7148.pkl;req7430.pkl;req7450.pkl;req7542.pkl;req7703.pkl;req7801.pkl;req7888.pkl;req7939.pkl;req8107.pkl;req8116.pkl;req8256.pkl;req8344.pkl;req8361.pkl;req8442.pkl;req8487.pkl;req8612.pkl;req8780.pkl;req8790.pkl
14,109,req220.pkl,"('F', '_', '_', ('&&', ('PRED', '<', '_', '_'), ('PRED', '>', '_', '_')))",req220.pkl;req254.pkl;req267.pkl;req509.pkl;req536.pkl;req543.pkl;req551.pkl;req567.pkl;req587.pkl;req870.pkl;req907.pkl;req981.pkl;req1050.pkl;req1224.pkl;req1255.pkl;req1299.pkl;req1433.pkl;req1479.pkl;req1601.pkl;req1668.pkl;req1702.pkl;req1933.pkl;req2022.pkl;req2374.pkl;req2426.pkl;req2440.pkl;req2444.pkl;req2495.pkl;req2518.pkl;req3100.pkl;req3218.pkl;req3219.pkl;req3251.pkl;req3513.pkl;req3518.pkl;req3553.pkl;req3677.pkl;req3756.pkl;req3782.pkl;req3861.pkl;req3948.pkl;req3971.pkl;req4034.pkl;req4064.pkl;req4231.pkl;req4241.pkl;req4290.pkl;req4640.pkl;req4644.pkl;req4748.pkl;req4758.pkl;req4769.pkl;req4779.pkl;req4858.pkl;req4872.pkl;req4877.pkl;req4880.pkl;req5065.pkl;req5225.pkl;req5295.pkl;req5302.pkl;req5352.pkl;req5480.pkl;req5636.pkl;req5691.pkl;req5784.pkl;req5792.pkl;req5864.pkl;req5914.pkl;req6105.pkl;req6157.pkl;req6213.pkl;req6231.pkl;req6295.pkl;req6365.pkl;req6447.pkl;req6467.pkl;req6483.pkl;req6589.pkl;req6624.pkl;req6738.pkl;req6837.pkl;req6851.pkl;req6888.pkl;req7062.pkl;req7142.pkl;req7234.pkl;req7264.pkl;req7331.pkl;req7435.pkl;req7578.pkl;req7640.pkl;req7675.pkl;req7899.pkl;req7981.pkl;req8150.pkl;req8203.pkl;req8221.pkl;req8253.pkl;req8426.pkl;req8466.pkl;req8552.pkl;req8554.pkl;req8622.pkl;req8679.pkl;req8698.pkl;req8701.pkl;req8702.pkl;req8733.pkl
15,106,req16.pkl,"('F', '_', '_', ('&&', ('PRED', '<=', '_', '_'), ('PRED', '>=', '_', '_')))",req16.pkl;req27.pkl;req105.pkl;req162.pkl;req312.pkl;req394.pkl;req434.pkl;req450.pkl;req577.pkl;req620.pkl;req627.pkl;req722.pkl;req746.pkl;req795.pkl;req864.pkl;req983.pkl;req1100.pkl;req1127.pkl;req1261.pkl;req1283.pkl;req1519.pkl;req1587.pkl;req1643.pkl;req1760.pkl;req1888.pkl;req1909.pkl;req1941.pkl;req1989.pkl;req2057.pkl;req2140.pkl;req2212.pkl;req2283.pkl;req2375.pkl;req2453.pkl;req2513.pkl;req2524.pkl;req2641.pkl;req2742.pkl;req2849.pkl;req2961.pkl;req3075.pkl;req3190.pkl;req3196.pkl;req3227.pkl;req3365.pkl;req3378.pkl;req3603.pkl;req3681.pkl;req3683.pkl;req3807.pkl;req4068.pkl;req4099.pkl;req4279.pkl;req4462.pkl;req4494.pkl;req4545.pkl;req4585.pkl;req4586.pkl;req4731.pkl;req4797.pkl;req4813.pkl;req4816.pkl;req4933.pkl;req4934.pkl;req5023.pkl;req5089.pkl;req5117.pkl;req5573.pkl;req5606.pkl;req5706.pkl;req5794.pkl;req5918.pkl;req6146.pkl;req6275.pkl;req6556.pkl;req6612.pkl;req6785.pkl;req7116.pkl;req7138.pkl;req7309.pkl;req7397.pkl;req7436.pkl;req7518.pkl;req7521.pkl;req7532.pkl;req7561.pkl;req7623.pkl;req7665.pkl;req7699.pkl;req7707.pkl;req7716.pkl;req7737.pkl;req7803.pkl;req7902.pkl;req8033.pkl;req8186.pkl;req8191.pkl;req8236.pkl;req8345.pkl;req8547.pkl;req8615.pkl;req8617.pkl;req8635.pkl;req8753.pkl;req8764.pkl;req8820.pkl
16,104,req159.pkl,"('G', '_', '_', ('||', ('PRED', '=', '_', '_'), ('PRED', '=', '_', '_')))",req159.pkl;req198.pkl;req453.pkl;req457.pkl;req727.pkl;req760.pkl;req782.pkl;req804.pkl;req969.pkl;req977.pkl;req1033.pkl;req1060.pkl;req1062.pkl;req1070.pkl;req1116.pkl;req1138.pkl;req1199.pkl;req1380.pkl;req1411.pkl;req1458.pkl;req1492.pkl;req1531.pkl;req1580.pkl;req1590.pkl;req2036.pkl;req2072.pkl;req2278.pkl;req2307.pkl;req2452.pkl;req2519.pkl;req2585.pkl;req2711.pkl;req2728.pkl;req2731.pkl;req2831.pkl;req2881.pkl;req2932.pkl;req3036.pkl;req3067.pkl;req3083.pkl;req3138.pkl;req3249.pkl;req3432.pkl;req3466.pkl;req3666.pkl;req3682.pkl;req3689.pkl;req3702.pkl;req3739.pkl;req3740.pkl;req3774.pkl;req3827.pkl;req3874.pkl;req3878.pkl;req3883.pkl;req3947.pkl;req4166.pkl;req4380.pkl;req4551.pkl;req4574.pkl;req4594.pkl;req4637.pkl;req4688.pkl;req4868.pkl;req5014.pkl;req5075.pkl;req5156.pkl;req5286.pkl;req5590.pkl;req5605.pkl;req5897.pkl;req5948.pkl;req5954.pkl;req5960.pkl;req6339.pkl;req6583.pkl;req6688.pkl;req6729.pkl;req6858.pkl;req7001.pkl;req7034.pkl;req7182.pkl;req7190.pkl;req7351.pkl;req7380.pkl;req7386.pkl;req7546.pkl;req7906.pkl;req7952.pkl;req8025.pkl;req8071.pkl;req8108.pkl;req8144.pkl;req8177.pkl;req8184.pkl;req8229.pkl;req8248.pkl;req8252.pkl;req8301.pkl;req8310.pkl;req8443.pkl;req8588.pkl;req8719.pkl;req8784.pkl
17,90,req95.pkl,"('G', '_', '_', ('||', ('PRED', '!=', '_', '_'), ('PRED', '=', '_', '_')))",req95.pkl;req229.pkl;req249.pkl;req259.pkl;req266.pkl;req270.pkl;req478.pkl;req617.pkl;req704.pkl;req720.pkl;req818.pkl;req939.pkl;req1014.pkl;req1174.pkl;req1452.pkl;req1462.pkl;req1628.pkl;req1666.pkl;req1981.pkl;req2011.pkl;req2029.pkl;req2044.pkl;req2055.pkl;req2271.pkl;req2308.pkl;req2470.pkl;req2743.pkl;req2857.pkl;req3084.pkl;req3192.pkl;req3295.pkl;req3314.pkl;req3347.pkl;req3434.pkl;req3459.pkl;req3460.pkl;req3532.pkl;req3716.pkl;req3725.pkl;req3733.pkl;req3806.pkl;req3829.pkl;req3892.pkl;req3934.pkl;req4027.pkl;req4128.pkl;req4208.pkl;req4537.pkl;req4546.pkl;req4645.pkl;req4842.pkl;req5188.pkl;req5246.pkl;req5321.pkl;req5330.pkl;req5402.pkl;req5458.pkl;req5495.pkl;req5547.pkl;req5623.pkl;req5650.pkl;req5805.pkl;req5937.pkl;req6015.pkl;req6044.pkl;req6194.pkl;req6205.pkl;req6413.pkl;req6502.pkl;req6526.pkl;req6783.pkl;req6825.pkl;req7011.pkl;req7263.pkl;req7477.pkl;req7513.pkl;req7554.pkl;req7658.pkl;req7730.pkl;req7783.pkl;req7922.pkl;req7928.pkl;req7967.pkl;req8011.pkl;req8175.pkl;req8241.pkl;req8267.pkl;req8409.pkl;req8627.pkl;req8694.pkl
18,83,req28.pkl,"('F', '_', '_', ('&&', ('PRED', '=', '_', '_'), ('PRED', '=', '_', '_')))",req28.pkl;req143.pkl;req211.pkl;req316.pkl;req635.pkl;req709.pkl;req896.pkl;req920.pkl;req1328.pkl;req1401.pkl;req1468.pkl;req1569.pkl;req1762.pkl;req2134.pkl;req2234.pkl;req2384.pkl;req2455.pkl;req2477.pkl;req2498.pkl;req2689.pkl;req2723.pkl;req2856.pkl;req2886.pkl;req2930.pkl;req3035.pkl;req3072.pkl;req3076.pkl;req3087.pkl;req3150.pkl;req3357.pkl;req3411.pkl;req3412.pkl;req3478.pkl;req3514.pkl;req3589.pkl;req3657.pkl;req3869.pkl;req3891.pkl;req3907.pkl;req3943.pkl;req4016.pkl;req4055.pkl;req4146.pkl;req4296.pkl;req4466.pkl;req4495.pkl;req4529.pkl;req4569.pkl;req4687.pkl;req4722.pkl;req4740.pkl;req4807.pkl;req5086.pkl;req5179.pkl;req5353.pkl;req5500.pkl;req5707.pkl;req6029.pkl;req6272.pkl;req6462.pkl;req6662.pkl;req6712.pkl;req6802.pkl;req6880.pkl;req6947.pkl;req7070.pkl;req7078.pkl;req7150.pkl;req7222.pkl;req7417.pkl;req7628.pkl;req7661.pkl;req7664.pkl;req7668.pkl;req7714.pkl;req7770.pkl;req7963.pkl;req8287.pkl;req8388.pkl;req8511.pkl;req8573.pkl;req8683.pkl;req8700.pkl
19,83,req97.pkl,"('G', '_', '_', ('&&', ('PRED', '=', '_', '_'), ('PRED', '>=', '_', '_')))",req97.pkl;req149.pkl;req161.pkl;req277.pkl;req302.pkl;req308.pkl;req341.pkl;req398.pkl;req479.pkl;req507.pkl;req921.pkl;req1256.pkl;req1402.pkl;req1494.pkl;req1616.pkl;req1930.pkl;req2086.pkl;req2087.pkl;req2100.pkl;req2260.pkl;req2270.pkl;req2306.pkl;req2334.pkl;req2595.pkl;req2781.pkl;req2898.pkl;req2958.pkl;req2963.pkl;req3077.pkl;req3120.pkl;req3179.pkl;req3253.pkl;req3320.pkl;req3435.pkl;req3538.pkl;req3549.pkl;req3798.pkl;req3805.pkl;req3840.pkl;req4041.pkl;req4098.pkl;req4132.pkl;req4340.pkl;req4390.pkl;req4622.pkl;req4639.pkl;req4804.pkl;req4824.pkl;req4881.pkl;req4895.pkl;req5062.pkl;req5094.pkl;req5130.pkl;req5456.pkl;req5517.pkl;req5533.pkl;req5726.pkl;req5750.pkl;req5839.pkl;req5863.pkl;req6098.pkl;req6100.pkl;req6455.pkl;req6564.pkl;req6864.pkl;req6876.pkl;req6975.pkl;req6988.pkl;req7087.pkl;req7181.pkl;req7329.pkl;req7369.pkl;req7431.pkl;req7666.pkl;req7843.pkl;req8004.pkl;req8114.pkl;req8201.pkl;req8343.pkl;req8536.pkl;req8660.pkl;req8831.pkl;req8867.pkl
20,82,req55.pkl,"('G', '_', '_', ('&&', ('PRED', '<=', '_', '_'), ('PRED', '=', '_', '_')))",req55.pkl;req81.pkl;req128.pkl;req154.pkl;req342.pkl;req380.pkl;req475.pkl;req526.pkl;req554.pkl;req588.pkl;req638.pkl;req667.pkl;req699.pkl;req1183.pkl;req1242.pkl;req1625.pkl;req1714.pkl;req1794.pkl;req1969.pkl;req2075.pkl;req2094.pkl;req2128.pkl;req2165.pkl;req2194.pkl;req2299.pkl;req2505.pkl;req2967.pkl;req3183.pkl;req3288.pkl;req3328.pkl;req3431.pkl;req3911.pkl;req4278.pkl;req4424.pkl;req4434.pkl;req4510.pkl;req4609.pkl;req4610.pkl;req4714.pkl;req4752.pkl;req4774.pkl;req4843.pkl;req4997.pkl;req5079.pkl;req5180.pkl;req5197.pkl;req5342.pkl;req5363.pkl;req5404.pkl;req5530.pkl;req5538.pkl;req5616.pkl;req5640.pkl;req5745.pkl;req5747.pkl;req5843.pkl;req6027.pkl;req6137.pkl;req6278.pkl;req6284.pkl;req6316.pkl;req6318.pkl;req6327.pkl;req6562.pkl;req6595.pkl;req6617.pkl;req6701.pkl;req6970.pkl;req7022.pkl;req7103.pkl;req7177.pkl;req7405.pkl;req7572.pkl;req7632.pkl;req7764.pkl;req7861.pkl;req7926.pkl;req7937.pkl;req8202.pkl;req8260.pkl;req8333.pkl;req8427.pkl
21,69,req49.pkl,"('G', '_', '_', ('&&', ('PRED', '=', '_', '_'), ('PRED', '>', '_', '_')))",req49.pkl;req71.pkl;req91.pkl;req92.pkl;req102.pkl;req291.pkl;req292.pkl;req301.pkl;req729.pkl;req812.pkl;req909.pkl;req938.pkl;req1022.pkl;req1178.pkl;req1450.pkl;req1510.pkl;req1525.pkl;req1575.pkl;req1763.pkl;req1823.pkl;req1836.pkl;req2320.pkl;req2356.pkl;req2574.pkl;req2589.pkl;req2632.pkl;req2634.pkl;req2638.pkl;req2682.pkl;req2837.pkl;req2982.pkl;req3021.pkl;req3082.pkl;req3104.pkl;req3287.pkl;req3494.pkl;req3781.pkl;req3912.pkl;req3917.pkl;req4127.pkl;req4253.pkl;req4263.pkl;req4298.pkl;req4410.pkl;req4414.pkl;req4469.pkl;req4564.pkl;req4621.pkl;req5163.pkl;req5187.pkl;req5464.pkl;req5621.pkl;req5776.pkl;req5791.pkl;req6071.pkl;req6198.pkl;req6505.pkl;req6916.pkl;req6945.pkl;req7211.pkl;req7262.pkl;req7385.pkl;req7452.pkl;req7509.pkl;req7525.pkl;req7766.pkl;req8593.pkl;req8634.pkl;req8828.pkl
22,67,req5.pkl,"('G', '_', '_', ('PRED', '!=', '_', '_'))",req5.pkl;req10.pkl;req153.pkl;req179.pkl;req212.pkl;req344.pkl;req347.pkl;req366.pkl;req382.pkl;req489.pkl;req629.pkl;req681.pkl;req801.pkl;req1018.pkl;req1048.pkl;req1356.pkl;req1408.pkl;req1503.pkl;req1543.pkl;req1724.pkl;req1880.pkl;req2284.pkl;req2335.pkl;req2359.pkl;req2365.pkl;req2400.pkl;req2533.pkl;req2554.pkl;req2878.pkl;req3261.pkl;req3294.pkl;req3322.pkl;req3896.pkl;req4297.pkl;req4487.pkl;req4500.pkl;req4612.pkl;req4832.pkl;req4838.pkl;req4899.pkl;req5596.pkl;req5639.pkl;req5664.pkl;req5777.pkl;req5778.pkl;req5810.pkl;req6172.pkl;req6266.pkl;req6388.pkl;req6641.pkl;req6720.pkl;req6893.pkl;req7378.pkl;req7394.pkl;req7406.pkl;req7415.pkl;req7512.pkl;req7605.pkl;req7691.pkl;req7712.pkl;req7724.pkl;req7970.pkl;req8118.pkl;req8129.pkl;req8183.pkl;req8359.pkl;req8424.pkl
23,65,req72.pkl,"('G', '_', '_', ('||', ('PRED', '<', '_', '_'), ('PRED', '=', '_', '_')))",req72.pkl;req371.pkl;req504.pkl;req600.pkl;req1422.pkl;req1500.pkl;req1676.pkl;req1720.pkl;req1736.pkl;req1918.pkl;req2208.pkl;req2336.pkl;req2404.pkl;req2445.pkl;req2643.pkl;req2676.pkl;req2694.pkl;req2826.pkl;req2868.pkl;req2951.pkl;req3030.pkl;req3140.pkl;req3204.pkl;req3352.pkl;req3868.pkl;req4083.pkl;req4092.pkl;req4163.pkl;req4309.pkl;req4476.pkl;req4631.pkl;req4654.pkl;req4739.pkl;req4890.pkl;req5104.pkl;req5124.pkl;req5210.pkl;req5230.pkl;req5408.pkl;req5597.pkl;req5652.pkl;req5679.pkl;req5880.pkl;req5906.pkl;req5946.pkl;req6074.pkl;req6400.pkl;req6781.pkl;req7119.pkl;req7124.pkl;req7200.pkl;req7217.pkl;req7220.pkl;req7221.pkl;req7327.pkl;req7388.pkl;req7660.pkl;req7776.pkl;req7924.pkl;req8051.pkl;req8308.pkl;req8335.pkl;req8546.pkl;req8771.pkl;req8783.pkl
24,64,req21.pkl,"('G', '_', '_', ('||', ('PRED', '<=', '_', '_'), ('PRED', '=', '_', '_')))",req21.pkl;req29.pkl;req304.pkl;req368.pkl;req569.pkl;req645.pkl;req774.pkl;req892.pkl;req1097.pkl;req1310.pkl;req1335.pkl;req1345.pkl;req1347.pkl;req1410.pkl;req1542.pkl;req1840.pkl;req1956.pkl;req1995.pkl;req2164.pkl;req2822.pkl;req2999.pkl;req3024.pkl;req3291.pkl;req3324.pkl;req3385.pkl;req3580.pkl;req3594.pkl;req3631.pkl;req3645.pkl;req3686.pkl;req3708.pkl;req3766.pkl;req3870.pkl;req3944.pkl;req4427.pkl;req4453.pkl;req4496.pkl;req4525.pkl;req4757.pkl;req4901.pkl;req5013.pkl;req5122.pkl;req5562.pkl;req5704.pkl;req5727.pkl;req5848.pkl;req6043.pkl;req6056.pkl;req6673.pkl;req6699.pkl;req6889.pkl;req6920.pkl;req6977.pkl;req7152.pkl;req7225.pkl;req7231.pkl;req7265.pkl;req7387.pkl;req7975.pkl;req7992.pkl;req7995.pkl;req8522.pkl;req8557.pkl;req8643.pkl
25,59,req35.pkl,"('G', '_', '_', ('&&', ('PRED', '<=', '_', '_'), ('PRED', '=', '_', '_'), ('PRED', '>=', '_', '_')))",req35.pkl;req194.pkl;req209.pkl;req430.pkl;req657.pkl;req714.pkl;req745.pkl;req962.pkl;req1340.pkl;req1460.pkl;req1591.pkl;req1952.pkl;req2302.pkl;req2354.pkl;req2504.pkl;req3007.pkl;req3230.pkl;req3361.pkl;req3363.pkl;req3521.pkl;req3523.pkl;req3541.pkl;req3555.pkl;req4075.pkl;req4171.pkl;req4207.pkl;req4226.pkl;req4310.pkl;req4446.pkl;req4753.pkl;req4999.pkl;req5048.pkl;req5139.pkl;req5221.pkl;req5232.pkl;req5279.pkl;req5428.pkl;req5723.pkl;req5732.pkl;req5779.pkl;req6111.pkl;req6570.pkl;req6705.pkl;req7069.pkl;req7279.pkl;req7332.pkl;req7604.pkl;req7611.pkl;req7680.pkl;req7684.pkl;req7744.pkl;req7960.pkl;req8117.pkl;req8327.pkl;req8353.pkl;req8472.pkl;req8598.pkl;req8671.pkl;req8807.pkl
26,59,req83.pkl,"('F', '_', '_', ('||', ('PRED', '=', '_', '_'), ('PRED', '=', '_', '_')))",req83.pkl;req191.pkl;req208.pkl;req275.pkl;req461.pkl;req491.pkl;req502.pkl;req777.pkl;req1091.pkl;req1180.pkl;req1274.pkl;req1828.pkl;req2378.pkl;req2403.pkl;req2637.pkl;req2680.pkl;req2729.pkl;req2764.pkl;req2803.pkl;req2863.pkl;req2906.pkl;req3085.pkl;req3234.pkl;req3238.pkl;req3526.pkl;req3562.pkl;req3576.pkl;req3974.pkl;req4084.pkl;req4134.pkl;req4172.pkl;req4187.pkl;req4332.pkl;req4379.pkl;req4611.pkl;req4768.pkl;req4828.pkl;req4841.pkl;req5217.pkl;req5520.pkl;req5542.pkl;req5883.pkl;req5920.pkl;req5964.pkl;req6026.pkl;req6052.pkl;req6226.pkl;req6271.pkl;req6309.pkl;req6727.pkl;req6852.pkl;req6993.pkl;req7133.pkl;req7268.pkl;req7832.pkl;req8020.pkl;req8262.pkl;req8447.pkl;req8806.pkl
27,59,req202.pkl,"('G', '_', '_', ('||', ('PRED', '=', '_', '_'), ('PRED', '>=', '_', '_')))",req202.pkl;req250.pkl;req770.pkl;req1132.pkl;req1145.pkl;req1564.pkl;req1731.pkl;req2178.pkl;req2199.pkl;req2347.pkl;req2692.pkl;req2759.pkl;req2812.pkl;req2833.pkl;req3259.pkl;req3272.pkl;req3479.pkl;req3587.pkl;req3763.pkl;req3893.pkl;req3960.pkl;req4014.pkl;req4015.pkl;req4100.pkl;req4313.pkl;req4492.pkl;req4541.pkl;req4584.pkl;req4659.pkl;req4879.pkl;req4916.pkl;req5133.pkl;req5206.pkl;req5263.pkl;req5390.pkl;req5783.pkl;req5861.pkl;req6241.pkl;req6287.pkl;req6346.pkl;req6367.pkl;req6426.pkl;req6820.pkl;req6840.pkl;req6946.pkl;req7061.pkl;req7161.pkl;req7245.pkl;req7599.pkl;req7676.pkl;req7695.pkl;req7804.pkl;req7933.pkl;req8000.pkl;req8226.pkl;req8378.pkl;req8592.pkl;req8711.pkl;req8810.pkl
28,58,req67.pkl,"('F', '_', '_', ('PRED', '!=', '_', '_'))",req67.pkl;req141.pkl;req219.pkl;req261.pkl;req367.pkl;req376.pkl;req454.pkl;req613.pkl;req647.pkl;req953.pkl;req1214.pkl;req1791.pkl;req1877.pkl;req1973.pkl;req2461.pkl;req2663.pkl;req2791.pkl;req2940.pkl;req3011.pkl;req3236.pkl;req3433.pkl;req3794.pkl;req3822.pkl;req4033.pkl;req4195.pkl;req4223.pkl;req4282.pkl;req4658.pkl;req4775.pkl;req4776.pkl;req4787.pkl;req4819.pkl;req5720.pkl;req5944.pkl;req5967.pkl;req6084.pkl;req6147.pkl;req6240.pkl;req6449.pkl;req6626.pkl;req6627.pkl;req6680.pkl;req6730.pkl;req6833.pkl;req6859.pkl;req7207.pkl;req7524.pkl;req7613.pkl;req7763.pkl;req7787.pkl;req7914.pkl;req7938.pkl;req7942.pkl;req8062.pkl;req8225.pkl;req8401.pkl;req8407.pkl;req8739.pkl
29,57,req174.pkl,"('F', '_', '_', ('&&', ('PRED', '=', '_', '_'), ('PRED', '>=', '_', '_')))",req174.pkl;req236.pkl;req309.pkl;req435.pkl;req455.pkl;req546.pkl;req1045.pkl;req1296.pkl;req1370.pkl;req1633.pkl;req1715.pkl;req2112.pkl;req2154.pkl;req2267.pkl;req2407.pkl;req2535.pkl;req2765.pkl;req2782.pkl;req2841.pkl;req3023.pkl;req3113.pkl;req3155.pkl;req3407.pkl;req3504.pkl;req3616.pkl;req3887.pkl;req3906.pkl;req4067.pkl;req4325.pkl;req4361.pkl;req4402.pkl;req4576.pkl;req4756.pkl;req5177.pkl;req5412.pkl;req5415.pkl;req5584.pkl;req5804.pkl;req6048.pkl;req6145.pkl;req6508.pkl;req6541.pkl;req6548.pkl;req6590.pkl;req6770.pkl;req6788.pkl;req7054.pkl;req7084.pkl;req7341.pkl;req7612.pkl;req7616.pkl;req7819.pkl;req8009.pkl;req8097.pkl;req8141.pkl;req8257.pkl;req8663.pkl
30,55,req317.pkl,"('F', '_', '_', ('&&', ('PRED', '<=', '_', '_'), ('PRED', '=', '_', '_')))",req317.pkl;req428.pkl;req484.pkl;req717.pkl;req791.pkl;req1041.pkl;req1612.pkl;req2363.pkl;req2476.pkl;req2745.pkl;req2779.pkl;req2874.pkl;req2920.pkl;req2988.pkl;req3028.pkl;req3136.pkl;req3226.pkl;req3634.pkl;req3713.pkl;req3933.pkl;req4096.pkl;req4301.pkl;req4304.pkl;req4368.pkl;req4602.pkl;req4615.pkl;req4690.pkl;req4761.pkl;req5218.pkl;req5346.pkl;req5382.pkl;req5388.pkl;req5499.pkl;req5714.pkl;req5996.pkl;req6012.pkl;req6019.pkl;req6059.pkl;req6181.pkl;req6217.pkl;req6511.pkl;req6877.pkl;req7033.pkl;req7132.pkl;req7356.pkl;req7409.pkl;req7427.pkl;req7489.pkl;req7679.pkl;req8047.pkl;req8140.pkl;req8340.pkl;req8473.pkl;req8515.pkl;req8752.pkl
31,55,req503.pkl,"('G', '_', '_', ('||', ('PRED', '=', '_', '_'), ('PRED', '>', '_', '_')))",req503.pkl;req557.pkl;req1107.pkl;req1170.pkl;req1175.pkl;req1386.pkl;req1669.pkl;req1901.pkl;req2007.pkl;req2050.pkl;req2206.pkl;req2402.pkl;req2565.pkl;req2713.pkl;req3051.pkl;req3231.pkl;req3506.pkl;req3531.pkl;req3872.pkl;req3885.pkl;req3988.pkl;req4094.pkl;req4179.pkl;req4700.pkl;req5032.pkl;req5051.pkl;req5059.pkl;req5224.pkl;req5265.pkl;req5494.pkl;req5566.pkl;req5666.pkl;req5930.pkl;req6006.pkl;req6076.pkl;req6293.pkl;req6471.pkl;req6736.pkl;req6811.pkl;req6928.pkl;req7056.pkl;req7106.pkl;req7135.pkl;req7183.pkl;req7302.pkl;req7548.pkl;req7574.pkl;req7709.pkl;req7863.pkl;req7872.pkl;req8132.pkl;req8215.pkl;req8223.pkl;req8556.pkl;req8688.pkl
32,48,req334.pkl,"('F', '_', '_', ('&&', ('PRED', '<', '_', '_'), ('PRED', '=', '_', '_')))",req334.pkl;req360.pkl;req462.pkl;req675.pkl;req805.pkl;req959.pkl;req1110.pkl;req1195.pkl;req2030.pkl;req2136.pkl;req2280.pkl;req2294.pkl;req2339.pkl;req2409.pkl;req2631.pkl;req2642.pkl;req2824.pkl;req2927.pkl;req2937.pkl;req3601.pkl;req4025.pkl;req4439.pkl;req4459.pkl;req4764.pkl;req4869.pkl;req5025.pkl;req5551.pkl;req5637.pkl;req5938.pkl;req6501.pkl;req6506.pkl;req6693.pkl;req6791.pkl;req6869.pkl;req6938.pkl;req7038.pkl;req7044.pkl;req7278.pkl;req7372.pkl;req7514.pkl;req7516.pkl;req7780.pkl;req7807.pkl;req8015.pkl;req8069.pkl;req8168.pkl;req8315.pkl;req8538.pkl
33,47,req17.pkl,"('G', '_', '_', ('&&', ('PRED', '<', '_', '_'), ('PRED', '=', '_', '_')))",req17.pkl;req329.pkl;req460.pkl;req515.pkl;req631.pkl;req649.pkl;req684.pkl;req726.pkl;req1215.pkl;req1245.pkl;req1311.pkl;req1375.pkl;req1419.pkl;req2024.pkl;req2131.pkl;req2353.pkl;req3445.pkl;req3571.pkl;req3764.pkl;req4069.pkl;req4161.pkl;req4243.pkl;req4311.pkl;req4488.pkl;req4833.pkl;req4849.pkl;req4864.pkl;req5092.pkl;req5184.pkl;req5372.pkl;req5446.pkl;req5728.pkl;req5849.pkl;req5896.pkl;req6068.pkl;req6077.pkl;req6197.pkl;req6307.pkl;req6604.pkl;req6629.pkl;req7382.pkl;req7629.pkl;req8042.pkl;req8057.pkl;req8432.pkl;req8606.pkl;req8709.pkl
34,43,req350.pkl,"('G', '_', '_', ('&&', ('PRED', '<', '_', '_'), ('PRED', '=', '_', '_'), ('PRED', '>', '_', '_')))",req350.pkl;req377.pkl;req693.pkl;req852.pkl;req1205.pkl;req1251.pkl;req1395.pkl;req1455.pkl;req1491.pkl;req1733.pkl;req2179.pkl;req2216.pkl;req2242.pkl;req2422.pkl;req2866.pkl;req3154.pkl;req3160.pkl;req3254.pkl;req3321.pkl;req3334.pkl;req3925.pkl;req3992.pkl;req4144.pkl;req4624.pkl;req4767.pkl;req4791.pkl;req4830.pkl;req4987.pkl;req5149.pkl;req5836.pkl;req6120.pkl;req6251.pkl;req6268.pkl;req6308.pkl;req6726.pkl;req6765.pkl;req6787.pkl;req6870.pkl;req7157.pkl;req7374.pkl;req7997.pkl;req8238.pkl;req8559.pkl
35,43,req596.pkl,"('G', '_', '_', ('&&', ('PRED', '<', '_', '_'), ('PRED', '>=', '_', '_')))",req596.pkl;req626.pkl;req658.pkl;req783.pkl;req915.pkl;req1000.pkl;req1061.pkl;req1186.pkl;req1606.pkl;req1889.pkl;req1932.pkl;req2046.pkl;req2207.pkl;req2392.pkl;req2394.pkl;req3020.pkl;req3332.pkl;req3557.pkl;req4312.pkl;req4319.pkl;req4477.pkl;req4707.pkl;req4827.pkl;req4891.pkl;req4892.pkl;req4984.pkl;req5553.pkl;req5564.pkl;req5811.pkl;req5850.pkl;req6425.pkl;req6546.pkl;req6690.pkl;req6749.pkl;req6912.pkl;req7151.pkl;req7553.pkl;req7860.pkl;req7875.pkl;req8278.pkl;req8304.pkl;req8399.pkl;req8672.pkl
36,42,req176.pkl,"('G', '_', '_', ('&&', ('PRED', '<=', '_', '_'), ('PRED', '>', '_', '_')))",req176.pkl;req339.pkl;req393.pkl;req1191.pkl;req1759.pkl;req1895.pkl;req2325.pkl;req2551.pkl;req3139.pkl;req3153.pkl;req3178.pkl;req3252.pkl;req3281.pkl;req3346.pkl;req3468.pkl;req3791.pkl;req4291.pkl;req4376.pkl;req4606.pkl;req4811.pkl;req4871.pkl;req4888.pkl;req5010.pkl;req5397.pkl;req5736.pkl;req5845.pkl;req5869.pkl;req5901.pkl;req5926.pkl;req5947.pkl;req6035.pkl;req6261.pkl;req6420.pkl;req6722.pkl;req6940.pkl;req6964.pkl;req7424.pkl;req7449.pkl;req8216.pkl;req8224.pkl;req8284.pkl;req8461.pkl
37,39,req62.pkl,"('F', '_', '_', ('&&', ('PRED', '<=', '_', '_'), ('PRED', '=', '_', '_'), ('PRED', '>=', '_', '_')))",req62.pkl;req245.pkl;req248.pkl;req429.pkl;req465.pkl;req506.pkl;req700.pkl;req898.pkl;req1675.pkl;req1745.pkl;req2038.pkl;req2227.pkl;req2771.pkl;req2848.pkl;req3027.pkl;req3664.pkl;req3821.pkl;req4011.pkl;req4461.pkl;req4668.pkl;req4845.pkl;req5245.pkl;req5474.pkl;req5570.pkl;req5886.pkl;req5927.pkl;req6028.pkl;req6195.pkl;req6214.pkl;req6585.pkl;req6806.pkl;req6929.pkl;req6982.pkl;req7021.pkl;req7170.pkl;req7925.pkl;req7976.pkl;req8040.pkl;req8103.pkl
38,38,req41.pkl,"('G', '_', '_', ('||', ('&&', ('PRED', '<', '_', '_'), ('PRED', '>', '_', '_')), ('PRED', '=', '_', '_')))",req41.pkl;req56.pkl;req662.pkl;req904.pkl;req1331.pkl;req1453.pkl;req1571.pkl;req2293.pkl;req2369.pkl;req2810.pkl;req2852.pkl;req3116.pkl;req3244.pkl;req3765.pkl;req3855.pkl;req3982.pkl;req4247.pkl;req4343.pkl;req4539.pkl;req4650.pkl;req4733.pkl;req4777.pkl;req5457.pkl;req5846.pkl;req6004.pkl;req6020.pkl;req6021.pkl;req6215.pkl;req6296.pkl;req6461.pkl;req6540.pkl;req7098.pkl;req7115.pkl;req7229.pkl;req7422.pkl;req7893.pkl;req8362.pkl;req8695.pkl
39,38,req199.pkl,"('F', '_', '_', ('&&', ('PRED', '=', '_', '_'), ('PRED', '>', '_', '_')))",req199.pkl;req252.pkl;req400.pkl;req426.pkl;req496.pkl;req689.pkl;req1049.pkl;req1076.pkl;req1096.pkl;req1140.pkl;req1153.pkl;req2034.pkl;req2107.pkl;req2209.pkl;req2327.pkl;req2597.pkl;req2665.pkl;req2908.pkl;req2996.pkl;req3213.pkl;req3951.pkl;req4028.pkl;req4212.pkl;req4691.pkl;req4778.pkl;req4953.pkl;req5072.pkl;req5186.pkl;req5343.pkl;req5416.pkl;req6407.pkl;req6747.pkl;req7165.pkl;req7379.pkl;req7627.pkl;req7648.pkl;req8636.pkl;req8678.pkl
40,36,req32.pkl,"('G', '_', '_', ('||', ('F', '_', '_', ('G', '_', '_', ('PRED', '=', '_', '_'))), ('PRED', '!=', '_', '_')))",req32.pkl;req115.pkl;req193.pkl;req802.pkl;req1139.pkl;req1211.pkl;req1313.pkl;req1613.pkl;req1681.pkl;req1851.pkl;req1908.pkl;req2281.pkl;req2376.pkl;req2387.pkl;req2578.pkl;req2735.pkl;req3060.pkl;req3143.pkl;req3493.pkl;req3676.pkl;req4321.pkl;req4655.pkl;req4683.pkl;req4865.pkl;req5299.pkl;req5491.pkl;req6200.pkl;req6389.pkl;req6652.pkl;req6917.pkl;req7247.pkl;req7943.pkl;req8139.pkl;req8499.pkl;req8766.pkl;req8805.pkl
41,34,req19.pkl,"('G', '_', '_', ('||', ('&&', ('PRED', '<=', '_', '_'), ('PRED', '>=', '_', '_')), ('PRED', '=', '_', '_')))",req19.pkl;req605.pkl;req911.pkl;req1348.pkl;req1588.pkl;req1965.pkl;req2660.pkl;req2709.pkl;req2788.pkl;req3305.pkl;req3564.pkl;req3670.pkl;req3711.pkl;req3755.pkl;req3886.pkl;req4258.pkl;req4421.pkl;req4441.pkl;req4836.pkl;req4981.pkl;req6075.pkl;req6229.pkl;req6475.pkl;req6559.pkl;req6668.pkl;req6830.pkl;req7215.pkl;req7951.pkl;req8065.pkl;req8219.pkl;req8325.pkl;req8395.pkl;req8438.pkl;req8512.pkl
42,34,req182.pkl,"('F', '_', '_', ('&&', ('PRED', '<', '_', '_'), ('PRED', '=', '_', '_'), ('PRED', '>', '_', '_')))",req182.pkl;req703.pkl;req1006.pkl;req1674.pkl;req1677.pkl;req2303.pkl;req2311.pkl;req2499.pkl;req2583.pkl;req2984.pkl;req3355.pkl;req3463.pkl;req3706.pkl;req3744.pkl;req3797.pkl;req4012.pkl;req4681.pkl;req4893.pkl;req5112.pkl;req5316.pkl;req5468.pkl;req5872.pkl;req6250.pkl;req6520.pkl;req6565.pkl;req6807.pkl;req7094.pkl;req7333.pkl;req7361.pkl;req7551.pkl;req8130.pkl;req8336.pkl;req8519.pkl;req8551.pkl
43,32,req152.pkl,"('F', '_', '_', ('||', ('PRED', '<=', '_', '_'), ('PRED', '=', '_', '_')))",req152.pkl;req487.pkl;req956.pkl;req1645.pkl;req1699.pkl;req1747.pkl;req1813.pkl;req2177.pkl;req2346.pkl;req3125.pkl;req3149.pkl;req3692.pkl;req3737.pkl;req4386.pkl;req4558.pkl;req4697.pkl;req4782.pkl;req4862.pkl;req5007.pkl;req5443.pkl;req5539.pkl;req5856.pkl;req5877.pkl;req5885.pkl;req6126.pkl;req6269.pkl;req6933.pkl;req7118.pkl;req7582.pkl;req7887.pkl;req8459.pkl;req8699.pkl
44,31,req121.pkl,"('G', '_', '_', ('||', ('PRED', '<=', '_', '_'), ('PRED', '>=', '_', '_')))",req121.pkl;req715.pkl;req1264.pkl;req1475.pkl;req1530.pkl;req1550.pkl;req1817.pkl;req1868.pkl;req2054.pkl;req2266.pkl;req2275.pkl;req2870.pkl;req3001.pkl;req3203.pkl;req3467.pkl;req3598.pkl;req4019.pkl;req4285.pkl;req4328.pkl;req4387.pkl;req4401.pkl;req5560.pkl;req5719.pkl;req5817.pkl;req5827.pkl;req6058.pkl;req6289.pkl;req6344.pkl;req6708.pkl;req7091.pkl;req8433.pkl
45,31,req417.pkl,"('F', '_', '_', ('||', ('PRED', '=', '_', '_'), ('PRED', '>=', '_', '_')))",req417.pkl;req492.pkl;req510.pkl;req941.pkl;req1300.pkl;req1592.pkl;req1951.pkl;req2448.pkl;req2482.pkl;req2629.pkl;req2896.pkl;req3289.pkl;req3843.pkl;req4342.pkl;req4433.pkl;req4815.pkl;req5287.pkl;req5437.pkl;req6062.pkl;req6064.pkl;req6156.pkl;req6185.pkl;req6549.pkl;req6756.pkl;req7342.pkl;req7681.pkl;req7725.pkl;req8154.pkl;req8274.pkl;req8423.pkl;req8425.pkl
46,30,req58.pkl,"('F', '_', '_', ('&&', ('PRED', '<=', '_', '_'), ('PRED', '>', '_', '_')))",req58.pkl;req224.pkl;req522.pkl;req829.pkl;req871.pkl;req1148.pkl;req1618.pkl;req1869.pkl;req1872.pkl;req1949.pkl;req2040.pkl;req2262.pkl;req2903.pkl;req3309.pkl;req3436.pkl;req3592.pkl;req3945.pkl;req3946.pkl;req4131.pkl;req4306.pkl;req4792.pkl;req4823.pkl;req5583.pkl;req5875.pkl;req6332.pkl;req6950.pkl;req7105.pkl;req7721.pkl;req7869.pkl;req8185.pkl
47,29,req298.pkl,"('F', '_', '_', ('||', ('PRED', '<', '_', '_'), ('PRED', '=', '_', '_')))",req298.pkl;req336.pkl;req772.pkl;req951.pkl;req1111.pkl;req2020.pkl;req2047.pkl;req2719.pkl;req2780.pkl;req3214.pkl;req3477.pkl;req3901.pkl;req4062.pkl;req4129.pkl;req4454.pkl;req5699.pkl;req6368.pkl;req6544.pkl;req6813.pkl;req6951.pkl;req7357.pkl;req7453.pkl;req7543.pkl;req7671.pkl;req7753.pkl;req7793.pkl;req7953.pkl;req8090.pkl;req8530.pkl
48,28,req217.pkl,"('G', '_', '_', ('&&', ('PRED', '<=', '_', '_'), ('PRED', '>', '_', '_'), ('PRED', '>=', '_', '_')))",req217.pkl;req411.pkl;req624.pkl;req644.pkl;req766.pkl;req893.pkl;req1121.pkl;req1306.pkl;req1426.pkl;req1912.pkl;req2192.pkl;req2324.pkl;req2530.pkl;req2753.pkl;req2834.pkl;req3119.pkl;req3229.pkl;req3660.pkl;req3833.pkl;req3949.pkl;req5191.pkl;req6621.pkl;req6665.pkl;req6906.pkl;req7136.pkl;req7472.pkl;req7556.pkl;req8809.pkl
49,26,req25.pkl,"('G', '_', '_', ('||', ('PRED', '>', '_', '_'), ('PRED', '>=', '_', '_')))",req25.pkl;req188.pkl;req452.pkl;req584.pkl;req664.pkl;req698.pkl;req1004.pkl;req1372.pkl;req1642.pkl;req1937.pkl;req1942.pkl;req1977.pkl;req2793.pkl;req2995.pkl;req3398.pkl;req3780.pkl;req4123.pkl;req4367.pkl;req4702.pkl;req4771.pkl;req4818.pkl;req6014.pkl;req6247.pkl;req6746.pkl;req7560.pkl;req8151.pkl
50,26,req43.pkl,"('F', '_', '_', ('&&', ('PRED', '<', '_', '_'), ('PRED', '>=', '_', '_')))",req43.pkl;req127.pkl;req401.pkl;req612.pkl;req639.pkl;req1054.pkl;req1535.pkl;req1696.pkl;req1752.pkl;req1830.pkl;req1976.pkl;req2229.pkl;req2543.pkl;req2636.pkl;req3814.pkl;req5242.pkl;req6352.pkl;req6598.pkl;req6660.pkl;req6679.pkl;req6867.pkl;req6905.pkl;req7029.pkl;req7447.pkl;req7883.pkl;req8334.pkl
51,26,req61.pkl,"('F', '_', '_', ('||', ('PRED', '=', '_', '_'), ('PRED', '>', '_', '_')))",req61.pkl;req221.pkl;req290.pkl;req420.pkl;req651.pkl;req697.pkl;req989.pkl;req1213.pkl;req1955.pkl;req2155.pkl;req2213.pkl;req2483.pkl;req2580.pkl;req2929.pkl;req3747.pkl;req4719.pkl;req4726.pkl;req5141.pkl;req5413.pkl;req5614.pkl;req6174.pkl;req6491.pkl;req6853.pkl;req7354.pkl;req7555.pkl;req7885.pkl
52,26,req144.pkl,"('G', '_', '_', ('||', ('PRED', '!=', '_', '_'), ('PRED', '>=', '_', '_')))",req144.pkl;req690.pkl;req803.pkl;req1020.pkl;req1873.pkl;req2006.pkl;req3297.pkl;req3465.pkl;req3678.pkl;req3770.pkl;req3816.pkl;req5049.pkl;req5215.pkl;req5389.pkl;req6130.pkl;req6385.pkl;req6576.pkl;req6752.pkl;req6816.pkl;req7260.pkl;req7400.pkl;req7414.pkl;req7491.pkl;req7598.pkl;req8036.pkl;req8706.pkl
53,26,req530.pkl,"('F', '_', '_', ('&&', ('PRED', '>', '_', '_'), ('PRED', '>=', '_', '_')))",req530.pkl;req1077.pkl;req1079.pkl;req2010.pkl;req2727.pkl;req3442.pkl;req3566.pkl;req3793.pkl;req3929.pkl;req3962.pkl;req4560.pkl;req5879.pkl;req6022.pkl;req6162.pkl;req6298.pkl;req6454.pkl;req6486.pkl;req6513.pkl;req6654.pkl;req6677.pkl;req6744.pkl;req6769.pkl;req7143.pkl;req7391.pkl;req8697.pkl;req8710.pkl
54,25,req348.pkl,"('G', '_', '_', ('||', ('PRED', '!=', '_', '_'), ('PRED', '>', '_', '_')))",req348.pkl;req912.pkl;req1343.pkl;req1611.pkl;req1782.pkl;req2361.pkl;req2468.pkl;req3311.pkl;req3395.pkl;req4143.pkl;req4153.pkl;req4203.pkl;req4329.pkl;req6164.pkl;req6492.pkl;req6542.pkl;req6703.pkl;req7052.pkl;req7065.pkl;req7603.pkl;req7673.pkl;req7971.pkl;req8213.pkl;req8465.pkl;req8514.pkl
55,25,req975.pkl,"('G', '_', '_', ('||', ('G', '_', '_', ('PRED', '=', '_', '_')), ('PRED', '!=', '_', '_')))",req975.pkl;req1493.pkl;req1659.pkl;req2437.pkl;req2843.pkl;req2884.pkl;req2887.pkl;req3699.pkl;req3709.pkl;req3939.pkl;req4192.pkl;req4543.pkl;req4575.pkl;req4695.pkl;req5841.pkl;req5971.pkl;req6002.pkl;req6592.pkl;req7368.pkl;req7494.pkl;req8080.pkl;req8476.pkl;req8707.pkl;req8770.pkl;req8885.pkl
56,24,req440.pkl,"('G', '_', '_', ('||', ('PRED', '!=', '_', '_'), ('PRED', '<=', '_', '_')))",req440.pkl;req679.pkl;req732.pkl;req906.pkl;req1142.pkl;req1498.pkl;req1546.pkl;req1598.pkl;req1986.pkl;req2263.pkl;req2705.pkl;req3280.pkl;req4155.pkl;req4647.pkl;req5088.pkl;req5271.pkl;req5471.pkl;req5625.pkl;req6242.pkl;req6955.pkl;req7026.pkl;req7202.pkl;req7251.pkl;req8591.pkl
57,24,req459.pkl,"('G', '_', '_', ('&&', ('PRED', '>', '_', '_'), ('PRED', '>=', '_', '_')))",req459.pkl;req1124.pkl;req1323.pkl;req2279.pkl;req2338.pkl;req2472.pkl;req3282.pkl;req3567.pkl;req3586.pkl;req3700.pkl;req4037.pkl;req4072.pkl;req4102.pkl;req4425.pkl;req5607.pkl;req5649.pkl;req5982.pkl;req6256.pkl;req6466.pkl;req6575.pkl;req6900.pkl;req8122.pkl;req8489.pkl;req8811.pkl
58,23,req247.pkl,"('G', '_', '_', ('&&', ('PRED', '!=', '_', '_'), ('PRED', '=', '_', '_')))",req247.pkl;req352.pkl;req739.pkl;req1489.pkl;req2013.pkl;req2019.pkl;req2487.pkl;req2654.pkl;req4996.pkl;req5350.pkl;req5453.pkl;req5685.pkl;req6182.pkl;req6393.pkl;req6423.pkl;req6482.pkl;req7410.pkl;req7650.pkl;req7701.pkl;req8270.pkl;req8483.pkl;req8575.pkl;req8641.pkl
59,21,req103.pkl,"('F', '_', '_', ('||', ('&&', ('PRED', '<=', '_', '_'), ('PRED', '>=', '_', '_')), ('PRED', '=', '_', '_')))",req103.pkl;req1473.pkl;req1621.pkl;req2998.pkl;req3193.pkl;req3453.pkl;req3519.pkl;req3665.pkl;req4020.pkl;req4912.pkl;req4988.pkl;req5173.pkl;req6101.pkl;req6224.pkl;req6301.pkl;req6588.pkl;req7089.pkl;req7297.pkl;req8626.pkl;req8708.pkl;req8827.pkl
60,21,req204.pkl,"('G', '_', '_', ('&&', ('PRED', '<', '_', '_'), ('PRED', '>', '_', '_'), ('PRED', '>', '_', '_')))",req204.pkl;req914.pkl;req1270.pkl;req2864.pkl;req2979.pkl;req3243.pkl;req3420.pkl;req3438.pkl;req4021.pkl;req4822.pkl;req5260.pkl;req5420.pkl;req6129.pkl;req6377.pkl;req6755.pkl;req7646.pkl;req7772.pkl;req7855.pkl;req8176.pkl;req8250.pkl;req8516.pkl
61,21,req384.pkl,"('G', '_', '_', ('||', ('PRED', '!=', '_', '_'), ('PRED', '<', '_', '_')))",req384.pkl;req483.pkl;req595.pkl;req1021.pkl;req1916.pkl;req2457.pkl;req2540.pkl;req2541.pkl;req2656.pkl;req3457.pkl;req3517.pkl;req3786.pkl;req4426.pkl;req5107.pkl;req5409.pkl;req7077.pkl;req7246.pkl;req7344.pkl;req7897.pkl;req8145.pkl;req8823.pkl
62,19,req70.pkl,"('G', '_', '_', ('||', ('PRED', '<', '_', '_'), ('PRED', '>', '_', '_')))",req70.pkl;req1157.pkl;req1167.pkl;req1881.pkl;req2615.pkl;req4369.pkl;req4448.pkl;req4941.pkl;req5269.pkl;req5975.pkl;req6280.pkl;req6616.pkl;req6634.pkl;req6902.pkl;req6961.pkl;req7166.pkl;req7767.pkl;req8220.pkl;req8550.pkl
63,19,req155.pkl,"('F', '_', '_', ('||', ('&&', ('PRED', '<', '_', '_'), ('PRED', '>', '_', '_')), ('PRED', '=', '_', '_')))",req155.pkl;req402.pkl;req494.pkl;req1461.pkl;req1614.pkl;req3062.pkl;req3246.pkl;req3760.pkl;req4111.pkl;req4798.pkl;req4906.pkl;req5680.pkl;req7141.pkl;req7184.pkl;req7534.pkl;req7581.pkl;req7713.pkl;req8276.pkl;req8561.pkl
64,19,req757.pkl,"('G', '_', '_', ('||', ('PRED', '<=', '_', '_'), ('PRED', '>', '_', '_')))",req757.pkl;req1631.pkl;req1787.pkl;req1816.pkl;req1860.pkl;req2171.pkl;req2395.pkl;req2484.pkl;req3025.pkl;req4008.pkl;req4023.pkl;req4485.pkl;req4632.pkl;req5532.pkl;req5643.pkl;req6732.pkl;req7689.pkl;req8488.pkl;req8742.pkl
65,18,req171.pkl,"('G', '_', '_', ('&&', ('PRED', '<', '_', '_'), ('PRED', '<', '_', '_'), ('PRED', '>', '_', '_')))",req171.pkl;req196.pkl;req2076.pkl;req2521.pkl;req2532.pkl;req2550.pkl;req2563.pkl;req2601.pkl;req3495.pkl;req3618.pkl;req5351.pkl;req6016.pkl;req6323.pkl;req7731.pkl;req7991.pkl;req8291.pkl;req8462.pkl;req8633.pkl
66,17,req52.pkl,"('G', '_', '_', ('&&', ('PRED', '=', '_', '_'), ('||', ('PRED', '!=', '_', '_'), ('PRED', '=', '_', '_'))))",req52.pkl;req325.pkl;req585.pkl;req610.pkl;req961.pkl;req2204.pkl;req2240.pkl;req2485.pkl;req2624.pkl;req2959.pkl;req3012.pkl;req3476.pkl;req4054.pkl;req4346.pkl;req6782.pkl;req7360.pkl;req7443.pkl
67,17,req495.pkl,"('G', '_', '_', ('&&', ('PRED', '<', '_', '_'), ('PRED', '<=', '_', '_'), ('PRED', '>', '_', '_')))",req495.pkl;req655.pkl;req678.pkl;req1367.pkl;req1383.pkl;req1406.pkl;req2873.pkl;req3147.pkl;req3680.pkl;req5361.pkl;req6704.pkl;req6927.pkl;req6944.pkl;req6973.pkl;req7698.pkl;req8208.pkl;req8209.pkl
68,17,req849.pkl,"('G', '_', '_', ('||', ('PRED', '<', '_', '_'), ('PRED', '>=', '_', '_')))",req849.pkl;req874.pkl;req1117.pkl;req1463.pkl;req2017.pkl;req2503.pkl;req3102.pkl;req3643.pkl;req4060.pkl;req6190.pkl;req7248.pkl;req7267.pkl;req7336.pkl;req7484.pkl;req8021.pkl;req8138.pkl;req8705.pkl
69,16,req125.pkl,"('G', '_', '_', ('&&', ('PRED', '<', '_', '_'), ('PRED', '>', '_', '_'), ('PRED', '>=', '_', '_')))",req125.pkl;req1089.pkl;req1737.pkl;req2486.pkl;req4225.pkl;req4318.pkl;req4435.pkl;req4530.pkl;req5001.pkl;req5313.pkl;req5631.pkl;req5860.pkl;req6861.pkl;req7462.pkl;req8769.pkl;req8884.pkl
70,16,req677.pkl,"('G', '_', '_', ('||', ('G', '_', '_', ('F', '_', '_', ('PRED', '=', '_', '_'))), ('PRED', '!=', '_', '_')))",req677.pkl;req730.pkl;req843.pkl;req899.pkl;req1095.pkl;req1970.pkl;req2412.pkl;req3123.pkl;req3505.pkl;req4293.pkl;req4732.pkl;req4839.pkl;req4894.pkl;req4929.pkl;req6711.pkl;req7958.pkl
71,16,req1162.pkl,"('G', '_', '_', ('&&', ('PRED', '>=', '_', '_'), ('||', ('PRED', '=', '_', '_'), ('PRED', '>', '_', '_'))))",req1162.pkl;req1387.pkl;req1707.pkl;req2186.pkl;req2390.pkl;req2885.pkl;req3013.pkl;req5571.pkl;req5977.pkl;req6141.pkl;req6436.pkl;req7736.pkl;req7966.pkl;req8066.pkl;req8193.pkl;req8372.pkl
72,16,req1609.pkl,"('G', '_', '_', ('||', ('F', '_', '_', ('G', '_', '_', ('PRED', '>=', '_', '_'))), ('PRED', '!=', '_', '_')))",req1609.pkl;req1923.pkl;req2000.pkl;req2071.pkl;req2089.pkl;req2291.pkl;req2697.pkl;req3480.pkl;req3646.pkl;req5895.pkl;req6072.pkl;req6692.pkl;req7892.pkl;req8024.pkl;req8125.pkl;req8368.pkl
73,15,req80.pkl,"('G', '_', '_', ('||', ('F', '_', '_', ('G', '_', '_', ('PRED', '=', '_', '_'))), ('PRED', '>', '_', '_')))",req80.pkl;req908.pkl;req1641.pkl;req2337.pkl;req3166.pkl;req3245.pkl;req5486.pkl;req6856.pkl;req6966.pkl;req7232.pkl;req7761.pkl;req8187.pkl;req8272.pkl;req8400.pkl;req8453.pkl
74,15,req246.pkl,"('F', '_', '_', ('||', ('NOT', ('PRED', '<=', '_', '_')), ('NOT', ('PRED', '>=', '_', '_'))))",req246.pkl;req306.pkl;req375.pkl;req451.pkl;req1289.pkl;req1605.pkl;req2002.pkl;req2751.pkl;req2790.pkl;req3167.pkl;req4076.pkl;req4250.pkl;req5837.pkl;req6046.pkl;req8656.pkl
75,15,req362.pkl,"('G', '_', '_', ('||', ('NOT', ('PRED', '<', '_', '_')), ('NOT', ('PRED', '>', '_', '_'))))",req362.pkl;req601.pkl;req682.pkl;req1596.pkl;req1690.pkl;req3462.pkl;req4246.pkl;req4939.pkl;req5083.pkl;req5105.pkl;req5866.pkl;req6843.pkl;req7576.pkl;req8089.pkl;req8714.pkl
76,15,req792.pkl,"('G', '_', '_', ('||', ('PRED', '<', '_', '_'), ('PRED', '<=', '_', '_')))",req792.pkl;req998.pkl;req1878.pkl;req1910.pkl;req2726.pkl;req4579.pkl;req6025.pkl;req6360.pkl;req6364.pkl;req6949.pkl;req7289.pkl;req7818.pkl;req7833.pkl;req7974.pkl;req8128.pkl
77,15,req1521.pkl,"('G', '_', '_', ('||', ('PRED', '>', '_', '_'), ('PRED', '>', '_', '_')))",req1521.pkl;req1774.pkl;req2286.pkl;req2481.pkl;req2941.pkl;req3673.pkl;req3942.pkl;req5236.pkl;req5729.pkl;req6524.pkl;req6709.pkl;req8147.pkl;req8167.pkl;req8521.pkl;req8738.pkl
78,14,req26.pkl,"('G', '_', '_', ('&&', ('PRED', '>', '_', '_'), ('PRED', '>', '_', '_')))",req26.pkl;req113.pkl;req1379.pkl;req1529.pkl;req2795.pkl;req3182.pkl;req4334.pkl;req4521.pkl;req5681.pkl;req6622.pkl;req7778.pkl;req8264.pkl;req8323.pkl;req8654.pkl
79,14,req40.pkl,"('G', '_', '_', ('&&', ('PRED', '<=', '_', '_'), ('PRED', '>=', '_', '_'), ('PRED', '>=', '_', '_')))",req40.pkl;req765.pkl;req879.pkl;req1042.pkl;req1281.pkl;req1983.pkl;req2117.pkl;req2847.pkl;req3107.pkl;req3301.pkl;req3848.pkl;req4460.pkl;req5645.pkl;req7241.pkl
80,14,req66.pkl,"('G', '_', '_', ('&&', ('PRED', '!=', '_', '_'), ('PRED', '<=', '_', '_')))",req66.pkl;req1034.pkl;req2251.pkl;req3135.pkl;req3319.pkl;req4030.pkl;req4526.pkl;req6253.pkl;req6258.pkl;req6883.pkl;req6989.pkl;req7595.pkl;req8501.pkl;req8586.pkl
81,14,req85.pkl,"('G', '_', '_', ('||', ('PRED', '>=', '_', '_'), ('PRED', '>=', '_', '_')))",req85.pkl;req210.pkl;req1481.pkl;req2042.pkl;req2776.pkl;req3044.pkl;req4915.pkl;req5207.pkl;req5332.pkl;req5552.pkl;req5651.pkl;req6418.pkl;req8239.pkl;req8797.pkl
82,14,req106.pkl,"('G', '_', '_', ('||', ('&&', ('PRED', '<', '_', '_'), ('PRED', '>', '_', '_')), ('PRED', '<', '_', '_')))",req106.pkl;req237.pkl;req705.pkl;req3046.pkl;req3142.pkl;req3503.pkl;req3761.pkl;req3922.pkl;req4009.pkl;req5116.pkl;req5555.pkl;req5923.pkl;req8332.pkl;req8774.pkl
83,14,req255.pkl,"('G', '_', '_', ('||', ('F', '_', '_', ('PRED', '=', '_', '_')), ('PRED', '!=', '_', '_')))",req255.pkl;req837.pkl;req934.pkl;req984.pkl;req1043.pkl;req1067.pkl;req1286.pkl;req2315.pkl;req3860.pkl;req4673.pkl;req4793.pkl;req7408.pkl;req7529.pkl;req8558.pkl
84,14,req288.pkl,"('G', '_', '_', ('&&', ('PRED', '!=', '_', '_'), ('PRED', '>=', '_', '_')))",req288.pkl;req353.pkl;req523.pkl;req1065.pkl;req1332.pkl;req1964.pkl;req2144.pkl;req3496.pkl;req4353.pkl;req6306.pkl;req7123.pkl;req7163.pkl;req7168.pkl;req8195.pkl
85,14,req310.pkl,"('G', '_', '_', ('&&', ('PRED', '<=', '_', '_'), ('||', ('PRED', '!=', '_', '_'), ('PRED', '>=', '_', '_'))))",req310.pkl;req499.pkl;req619.pkl;req654.pkl;req851.pkl;req2316.pkl;req6826.pkl;req7059.pkl;req7102.pkl;req7274.pkl;req7522.pkl;req7690.pkl;req8162.pkl;req8482.pkl
86,14,req476.pkl,"('G', '_', '_', ('&&', ('PRED', '!=', '_', '_'), ('PRED', '<', '_', '_')))",req476.pkl;req980.pkl;req1123.pkl;req1282.pkl;req2536.pkl;req3425.pkl;req3464.pkl;req3752.pkl;req6080.pkl;req6285.pkl;req6605.pkl;req7455.pkl;req8197.pkl;req8374.pkl
87,14,req519.pkl,"('G', '_', '_', ('&&', ('PRED', '>', '_', '_'), ('||', ('PRED', '=', '_', '_'), ('PRED', '>=', '_', '_'))))",req519.pkl;req1074.pkl;req1125.pkl;req1280.pkl;req1837.pkl;req2442.pkl;req2789.pkl;req4140.pkl;req4239.pkl;req5055.pkl;req7955.pkl;req8102.pkl;req8255.pkl;req8265.pkl
88,14,req737.pkl,"('F', '_', '_', ('&&', ('PRED', '!=', '_', '_'), ('PRED', '=', '_', '_')))",req737.pkl;req2438.pkl;req2439.pkl;req2741.pkl;req2973.pkl;req3401.pkl;req3510.pkl;req4497.pkl;req4520.pkl;req5334.pkl;req5712.pkl;req5935.pkl;req6771.pkl;req8718.pkl
89,14,req859.pkl,"('G', '_', '_', ('||', ('PRED', '<', '_', '_'), ('PRED', '<', '_', '_')))",req859.pkl;req1354.pkl;req1839.pkl;req1954.pkl;req2146.pkl;req2635.pkl;req2942.pkl;req3811.pkl;req5052.pkl;req6073.pkl;req6117.pkl;req6582.pkl;req6956.pkl;req8188.pkl
90,13,req110.pkl,"('G', '_', '_', ('&&', ('PRED', '<', '_', '_'), ('PRED', '<=', '_', '_'), ('PRED', '>', '_', '_'), ('PRED', '>=', '_', '_')))",req110.pkl;req676.pkl;req1994.pkl;req2093.pkl;req2297.pkl;req2434.pkl;req2576.pkl;req2969.pkl;req3308.pkl;req6088.pkl;req6456.pkl;req8053.pkl;req8281.pkl
91,13,req549.pkl,"('G', '_', '_', ('&&', ('PRED', '<', '_', '_'), ('PRED', '<', '_', '_')))",req549.pkl;req1137.pkl;req1223.pkl;req1376.pkl;req1441.pkl;req2232.pkl;req3118.pkl;req3920.pkl;req5285.pkl;req5403.pkl;req5425.pkl;req7224.pkl;req7688.pkl
92,13,req618.pkl,"('G', '_', '_', ('||', ('F', '_', '_', ('G', '_', '_', ('PRED', '=', '_', '_'))), ('PRED', '<=', '_', '_')))",req618.pkl;req1825.pkl;req1846.pkl;req3414.pkl;req4968.pkl;req5613.pkl;req5799.pkl;req6814.pkl;req6884.pkl;req7147.pkl;req7335.pkl;req8394.pkl;req8520.pkl
93,13,req668.pkl,"('G', '_', '_', ('||', ('NOT', ('PRED', '<=', '_', '_')), ('NOT', ('PRED', '>=', '_', '_'))))",req668.pkl;req1870.pkl;req1894.pkl;req1997.pkl;req2478.pkl;req2867.pkl;req3005.pkl;req3267.pkl;req4743.pkl;req4825.pkl;req6490.pkl;req7096.pkl;req8307.pkl
94,13,req808.pkl,"('G', '_', '_', ('&&', ('PRED', '<=', '_', '_'), ('PRED', '<=', '_', '_'), ('PRED', '>=', '_', '_')))",req808.pkl;req1381.pkl;req1610.pkl;req3490.pkl;req3703.pkl;req4365.pkl;req4724.pkl;req4875.pkl;req5391.pkl;req5414.pkl;req7009.pkl;req8078.pkl;req8157.pkl
95,13,req978.pkl,"('G', '_', '_', ('&&', ('PRED', '<', '_', '_'), ('||', ('PRED', '!=', '_', '_'), ('PRED', '>', '_', '_'))))",req978.pkl;req1271.pkl;req2203.pkl;req2628.pkl;req2661.pkl;req4164.pkl;req6202.pkl;req6700.pkl;req6767.pkl;req7630.pkl;req7830.pkl;req7950.pkl;req8339.pkl
96,13,req1629.pkl,"('F', '_', '_', ('||', ('PRED', '!=', '_', '_'), ('PRED', '=', '_', '_')))",req1629.pkl;req1682.pkl;req2197.pkl;req2253.pkl;req2817.pkl;req4320.pkl;req6764.pkl;req7420.pkl;req7448.pkl;req7944.pkl;req8491.pkl;req8496.pkl;req8726.pkl
97,12,req11.pkl,"('G', '_', '_', ('||', ('&&', ('PRED', '<=', '_', '_'), ('PRED', '>=', '_', '_')), ('PRED', '>=', '_', '_')))",req11.pkl;req137.pkl;req448.pkl;req2410.pkl;req3369.pkl;req3792.pkl;req4081.pkl;req5054.pkl;req6291.pkl;req6302.pkl;req6408.pkl;req7535.pkl
98,12,req594.pkl,"('G', '_', '_', ('&&', ('PRED', '=', '_', '_'), ('||', ('NOT', ('PRED', '<', '_', '_')), ('NOT', ('PRED', '>', '_', '_')))))",req594.pkl;req799.pkl;req1940.pkl;req2119.pkl;req2761.pkl;req3090.pkl;req3556.pkl;req4962.pkl;req6345.pkl;req7683.pkl;req8105.pkl;req8338.pkl
99,12,req828.pkl,"('G', '_', '_', ('||', ('F', '_', '_', ('G', '_', '_', ('PRED', '=', '_', '_'))), ('PRED', '>=', '_', '_')))",req828.pkl;req1120.pkl;req1496.pkl;req2397.pkl;req4437.pkl;req4607.pkl;req5024.pkl;req5238.pkl;req6096.pkl;req7280.pkl;req7370.pkl;req8404.pkl
100,12,req1619.pkl,"('G', '_', '_', ('&&', ('PRED', '!=', '_', '_'), ('PRED', '>', '_', '_')))",req1619.pkl;req1660.pkl;req1984.pkl;req2233.pkl;req3163.pkl;req4024.pkl;req4501.pkl;req5126.pkl;req6996.pkl;req7702.pkl;req8045.pkl;req8373.pkl
101,11,req107.pkl,"('F', '_', '_', ('||', ('&&', ('PRED', '<', '_', '_'), ('PRED', '>', '_', '_')), ('PRED', '<', '_', '_')))",req107.pkl;req897.pkl;req1746.pkl;req2101.pkl;req2592.pkl;req3469.pkl;req5586.pkl;req5966.pkl;req6517.pkl;req6957.pkl;req7092.pkl
102,11,req284.pkl,"('G', '_', '_', ('||', ('F', '_', '_', ('G', '_', '_', ('PRED', '<', '_', '_'))), ('PRED', '!=', '_', '_')))",req284.pkl;req1552.pkl;req2167.pkl;req2188.pkl;req3093.pkl;req3133.pkl;req5358.pkl;req6386.pkl;req6427.pkl;req7012.pkl;req8796.pkl
103,11,req446.pkl,"('G', '_', '_', ('||', ('PRED', '<=', '_', '_'), ('PRED', '<=', '_', '_')))",req446.pkl;req493.pkl;req1316.pkl;req2547.pkl;req2609.pkl;req2756.pkl;req3108.pkl;req4078.pkl;req4810.pkl;req7700.pkl;req8822.pkl
104,11,req556.pkl,"('G', '_', '_', ('&&', ('PRED', '<', '_', '_'), ('PRED', '<=', '_', '_'), ('PRED', '>=', '_', '_')))",req556.pkl;req1988.pkl;req3927.pkl;req5011.pkl;req5988.pkl;req6378.pkl;req6694.pkl;req6734.pkl;req8163.pkl;req8691.pkl;req8730.pkl
105,11,req643.pkl,"('F', '_', '_', ('&&', ('PRED', '<', '_', '_'), ('PRED', '<=', '_', '_'), ('PRED', '>=', '_', '_')))",req643.pkl;req1434.pkl;req5003.pkl;req6871.pkl;req7030.pkl;req7412.pkl;req7428.pkl;req8120.pkl;req8158.pkl;req8218.pkl;req8475.pkl
106,11,req811.pkl,"('G', '_', '_', ('||', ('&&', ('PRED', '<', '_', '_'), ('PRED', '>', '_', '_')), ('PRED', '<=', '_', '_')))",req811.pkl;req1454.pkl;req2298.pkl;req3175.pkl;req5028.pkl;req5450.pkl;req5796.pkl;req6313.pkl;req6724.pkl;req7226.pkl;req8724.pkl
107,11,req1308.pkl,"('F', '_', '_', ('||', ('NOT', ('PRED', '<', '_', '_')), ('NOT', ('PRED', '>', '_', '_'))))",req1308.pkl;req1797.pkl;req3343.pkl;req4932.pkl;req5384.pkl;req6615.pkl;req6907.pkl;req7036.pkl;req7789.pkl;req8280.pkl;req8614.pkl
108,10,req31.pkl,"('F', '_', '_', ('||', ('PRED', '<=', '_', '_'), ('PRED', '>=', '_', '_')))",req31.pkl;req3222.pkl;req3276.pkl;req3559.pkl;req4713.pkl;req5017.pkl;req5855.pkl;req5990.pkl;req6184.pkl;req6849.pkl
109,10,req50.pkl,"('G', '_', '_', ('&&', ('PRED', '<', '_', '_'), ('PRED', '<=', '_', '_')))",req50.pkl;req1024.pkl;req1179.pkl;req1775.pkl;req3383.pkl;req3881.pkl;req4623.pkl;req5364.pkl;req6653.pkl;req7235.pkl
110,10,req78.pkl,"('G', '_', '_', ('||', ('&&', ('PRED', '<', '_', '_'), ('PRED', '>', '_', '_')), ('PRED', '>=', '_', '_')))",req78.pkl;req281.pkl;req427.pkl;req480.pkl;req4919.pkl;req6855.pkl;req7566.pkl;req7847.pkl;req8152.pkl;req8232.pkl
111,10,req126.pkl,"('F', '_', '_', ('&&', ('PRED', '<', '_', '_'), ('PRED', '<=', '_', '_')))",req126.pkl;req165.pkl;req518.pkl;req875.pkl;req1088.pkl;req1192.pkl;req1585.pkl;req5037.pkl;req5046.pkl;req8405.pkl
112,10,req387.pkl,"('F', '_', '_', ('||', ('PRED', '<', '_', '_'), ('PRED', '<=', '_', '_')))",req387.pkl;req692.pkl;req1686.pkl;req2345.pkl;req3593.pkl;req4036.pkl;req6099.pkl;req6113.pkl;req7876.pkl;req8704.pkl
113,10,req537.pkl,"('F', '_', '_', ('&&', ('PRED', '<=', '_', '_'), ('PRED', '<=', '_', '_')))",req537.pkl;req2274.pkl;req2650.pkl;req2683.pkl;req3674.pkl;req3818.pkl;req4240.pkl;req4395.pkl;req7831.pkl;req8050.pkl
114,10,req827.pkl,"('G', '_', '_', ('||', ('F', '_', '_', ('G', '_', '_', ('PRED', '=', '_', '_'))), ('PRED', '<', '_', '_')))",req827.pkl;req1086.pkl;req1208.pkl;req3341.pkl;req5354.pkl;req5497.pkl;req6494.pkl;req8597.pkl;req8689.pkl;req8748.pkl
115,10,req1149.pkl,"('G', '_', '_', ('&&', ('PRED', '=', '_', '_'), ('||', ('NOT', ('PRED', '<=', '_', '_')), ('NOT', ('PRED', '>=', '_', '_')))))",req1149.pkl;req2223.pkl;req2417.pkl;req2538.pkl;req4483.pkl;req5362.pkl;req6375.pkl;req6600.pkl;req7437.pkl;req8356.pkl
116,10,req1155.pkl,"('G', '_', '_', ('&&', ('PRED', '=', '_', '_'), ('||', ('F', '_', '_', ('G', '_', '_', ('PRED', '=', '_', '_'))), ('PRED', '!=', '_', '_'))))",req1155.pkl;req1526.pkl;req3712.pkl;req3750.pkl;req4812.pkl;req5710.pkl;req6649.pkl;req7039.pkl;req7594.pkl;req8282.pkl
117,10,req1562.pkl,"('G', '_', '_', ('||', ('&&', ('PRED', '<=', '_', '_'), ('PRED', '>=', '_', '_')), ('PRED', '<=', '_', '_')))",req1562.pkl;req2056.pkl;req2450.pkl;req2807.pkl;req2972.pkl;req3633.pkl;req5635.pkl;req6442.pkl;req7083.pkl;req8582.pkl
118,10,req1991.pkl,"('F', '_', '_', ('&&', ('PRED', '<=', '_', '_'), ('PRED', '>', '_', '_'), ('PRED', '>=', '_', '_')))",req1991.pkl;req4018.pkl;req4597.pkl;req5127.pkl;req6171.pkl;req6518.pkl;req6854.pkl;req7923.pkl;req7949.pkl;req8104.pkl
119,10,req2252.pkl,"('G', '_', '_', ('||', ('F', '_', '_', ('G', '_', '_', ('PRED', '>', '_', '_'))), ('PRED', '!=', '_', '_')))",req2252.pkl;req3040.pkl;req3248.pkl;req3779.pkl;req5021.pkl;req5250.pkl;req6115.pkl;req6697.pkl;req6716.pkl;req7114.pkl
120,9,req74.pkl,"('F', '_', '_', ('&&', ('PRED', '>=', '_', '_'), ('PRED', '>=', '_', '_')))",req74.pkl;req685.pkl;req2644.pkl;req2842.pkl;req3926.pkl;req4505.pkl;req5110.pkl;req7308.pkl;req7837.pkl
121,9,req206.pkl,"('F', '_', '_', ('&&', ('PRED', '<=', '_', '_'), ('PRED', '<=', '_', '_'), ('PRED', '>=', '_', '_')))",req206.pkl;req1957.pkl;req2250.pkl;req2525.pkl;req3475.pkl;req5785.pkl;req6637.pkl;req6761.pkl;req8087.pkl
122,9,req332.pkl,"('G', '_', '_', ('||', ('F', '_', '_', ('PRED', '=', '_', '_')), ('PRED', '>', '_', '_')))",req332.pkl;req1534.pkl;req2026.pkl;req3312.pkl;req3867.pkl;req5847.pkl;req6558.pkl;req6631.pkl;req8083.pkl
123,9,req391.pkl,"('G', '_', '_', ('&&', ('PRED', '>', '_', '_'), ('||', ('G', '_', '_', ('F', '_', '_', ('PRED', '=', '_', '_'))), ('PRED', '>=', '_', '_'))))",req391.pkl;req1098.pkl;req2925.pkl;req3296.pkl;req3446.pkl;req3572.pkl;req3615.pkl;req5488.pkl;req6932.pkl
124,9,req553.pkl,"('F', '_', '_', ('||', ('PRED', '<=', '_', '_'), ('PRED', '<=', '_', '_')))",req553.pkl;req2147.pkl;req3400.pkl;req4177.pkl;req4185.pkl;req7686.pkl;req8300.pkl;req8422.pkl;req8793.pkl
125,9,req573.pkl,"('G', '_', '_', ('&&', ('PRED', '<', '_', '_'), ('||', ('PRED', '>', '_', '_'), ('PRED', '>=', '_', '_'))))",req573.pkl;req3380.pkl;req4392.pkl;req4489.pkl;req5209.pkl;req5656.pkl;req6054.pkl;req6191.pkl;req7866.pkl
126,9,req665.pkl,"('G', '_', '_', ('||', ('F', '_', '_', ('PRED', '=', '_', '_')), ('PRED', '>=', '_', '_')))",req665.pkl;req1437.pkl;req2268.pkl;req2341.pkl;req3581.pkl;req3819.pkl;req5546.pkl;req7389.pkl;req8085.pkl
127,9,req701.pkl,"('G', '_', '_', ('&&', ('PRED', '<=', '_', '_'), ('PRED', '<=', '_', '_')))",req701.pkl;req948.pkl;req1258.pkl;req2590.pkl;req4502.pkl;req4913.pkl;req6728.pkl;req7131.pkl;req7244.pkl
128,9,req1233.pkl,"('F', '_', '_', ('&&', ('PRED', '<', '_', '_'), ('PRED', '<=', '_', '_'), ('PRED', '>', '_', '_')))",req1233.pkl;req2322.pkl;req3399.pkl;req3749.pkl;req5405.pkl;req6220.pkl;req6325.pkl;req7956.pkl;req8127.pkl
129,9,req3232.pkl,"('F', '_', '_', ('&&', ('PRED', '=', '_', '_'), ('||', ('NOT', ('PRED', '<=', '_', '_')), ('NOT', ('PRED', '>=', '_', '_')))))",req3232.pkl;req3302.pkl;req3828.pkl;req3993.pkl;req4591.pkl;req5899.pkl;req7964.pkl;req7972.pkl;req8740.pkl
130,8,req14.pkl,"('G', '_', '_', ('||', ('PRED', '!=', '_', '_'), ('PRED', '=', '_', '_'), ('PRED', '>=', '_', '_')))",req14.pkl;req200.pkl;req924.pkl;req1818.pkl;req2618.pkl;req4270.pkl;req4596.pkl;req5280.pkl
131,8,req134.pkl,"('G', '_', '_', ('||', ('F', '_', '_', ('G', '_', '_', ('PRED', '<=', '_', '_'))), ('PRED', '!=', '_', '_')))",req134.pkl;req930.pkl;req3550.pkl;req4221.pkl;req4663.pkl;req5867.pkl;req6995.pkl;req7499.pkl
132,8,req222.pkl,"('G', '_', '_', ('UNTIL', '_', '_', ('||', ('PRED', '<', '_', '_'), ('PRED', '=', '_', '_')), ('PRED', '=', '_', '_')))",req222.pkl;req1025.pkl;req2510.pkl;req5237.pkl;req6519.pkl;req7653.pkl;req8094.pkl;req8646.pkl
133,8,req262.pkl,"('G', '_', '_', ('&&', ('PRED', '=', '_', '_'), ('||', ('PRED', '!=', '_', '_'), ('PRED', '<=', '_', '_'))))",req262.pkl;req1944.pkl;req4022.pkl;req5275.pkl;req7917.pkl;req8273.pkl;req8567.pkl;req8768.pkl
134,8,req287.pkl,"('F', '_', '_', ('&&', ('PRED', '<=', '_', '_'), ('PRED', '>=', '_', '_'), ('PRED', '>=', '_', '_')))",req287.pkl;req385.pkl;req3016.pkl;req3449.pkl;req4535.pkl;req7003.pkl;req7773.pkl;req8565.pkl
135,8,req413.pkl,"('G', '_', '_', ('||', ('PRED', '!=', '_', '_'), ('PRED', '<', '_', '_'), ('PRED', '=', '_', '_')))",req413.pkl;req854.pkl;req945.pkl;req6234.pkl;req7113.pkl;req7461.pkl;req7996.pkl;req8504.pkl
136,8,req653.pkl,"('G', '_', '_', ('||', ('G', '_', '_', ('F', '_', '_', ('PRED', '>', '_', '_'))), ('PRED', '!=', '_', '_')))",req653.pkl;req825.pkl;req1160.pkl;req2120.pkl;req2622.pkl;req4184.pkl;req4598.pkl;req5831.pkl
137,8,req734.pkl,"('F', '_', '_', ('||', ('PRED', '<', '_', '_'), ('PRED', '>', '_', '_')))",req734.pkl;req1288.pkl;req2083.pkl;req2620.pkl;req5561.pkl;req6873.pkl;req7108.pkl;req8624.pkl
138,8,req761.pkl,"('G', '_', '_', ('&&', ('PRED', '<=', '_', '_'), ('PRED', '=', '_', '_'), ('PRED', '>', '_', '_')))",req761.pkl;req3068.pkl;req3509.pkl;req3595.pkl;req3877.pkl;req4003.pkl;req4784.pkl;req6160.pkl
139,8,req1362.pkl,"('F', '_', '_', ('&&', ('PRED', '<', '_', '_'), ('PRED', '<=', '_', '_'), ('PRED', '>', '_', '_'), ('PRED', '>=', '_', '_')))",req1362.pkl;req2763.pkl;req3745.pkl;req5939.pkl;req5981.pkl;req7817.pkl;req8137.pkl;req8836.pkl
140,8,req1551.pkl,"('G', '_', '_', ('||', ('PRED', '!=', '_', '_'), ('PRED', '<=', '_', '_'), ('PRED', '=', '_', '_')))",req1551.pkl;req1704.pkl;req3306.pkl;req3965.pkl;req4406.pkl;req5502.pkl;req6568.pkl;req7178.pkl
141,8,req1556.pkl,"('G', '_', '_', ('||', ('PRED', '!=', '_', '_'), ('PRED', '=', '_', '_'), ('PRED', '>', '_', '_')))",req1556.pkl;req2855.pkl;req4725.pkl;req5746.pkl;req6537.pkl;req7288.pkl;req8210.pkl;req8533.pkl
142,8,req1560.pkl,"('F', '_', '_', ('||', ('PRED', '<', '_', '_'), ('PRED', '>=', '_', '_')))",req1560.pkl;req2077.pkl;req2744.pkl;req3216.pkl;req3698.pkl;req6465.pkl;req7846.pkl;req8251.pkl
143,8,req1741.pkl,"('G', '_', '_', ('&&', ('PRED', '>=', '_', '_'), ('||', ('F', '_', '_', ('G', '_', '_', ('PRED', '=', '_', '_'))), ('PRED', '>', '_', '_'))))",req1741.pkl;req2172.pkl;req2245.pkl;req4455.pkl;req4876.pkl;req5012.pkl;req5465.pkl;req5963.pkl
144,8,req1832.pkl,"('F', '_', '_', ('||', ('&&', ('PRED', '<=', '_', '_'), ('PRED', '>=', '_', '_')), ('PRED', '<=', '_', '_')))",req1832.pkl;req2031.pkl;req2429.pkl;req2652.pkl;req4267.pkl;req4419.pkl;req5339.pkl;req7519.pkl
145,8,req1855.pkl,"('G', '_', '_', ('||', ('F', '_', '_', ('PRED', '>', '_', '_')), ('PRED', '!=', '_', '_')))",req1855.pkl;req2662.pkl;req4692.pkl;req5222.pkl;req5953.pkl;req6209.pkl;req8497.pkl;req8528.pkl
146,8,req2225.pkl,"('G', '_', '_', ('||', ('PRED', '!=', '_', '_'), ('PRED', '=', '_', '_'), ('PRED', '=', '_', '_')))",req2225.pkl;req2821.pkl;req3701.pkl;req3913.pkl;req3994.pkl;req6515.pkl;req7018.pkl;req8625.pkl
147,8,req4315.pkl,"('G', '_', '_', ('||', ('PRED', '!=', '_', '_'), ('PRED', '!=', '_', '_')))",req4315.pkl;req4565.pkl;req5435.pkl;req5627.pkl;req5909.pkl;req6340.pkl;req6786.pkl;req7090.pkl
148,7,req24.pkl,"('F', '_', '_', ('||', ('PRED', '!=', '_', '_'), ('PRED', '>', '_', '_')))",req24.pkl;req225.pkl;req2658.pkl;req2948.pkl;req3964.pkl;req5628.pkl;req6103.pkl
149,7,req30.pkl,"('F', '_', '_', ('&&', ('PRED', '<', '_', '_'), ('PRED', '<', '_', '_'), ('PRED', '>', '_', '_')))",req30.pkl;req307.pkl;req1509.pkl;req1958.pkl;req3069.pkl;req3597.pkl;req5125.pkl
150,7,req123.pkl,"('F', '_', '_', ('||', ('PRED', '<=', '_', '_'), ('PRED', '>', '_', '_')))",req123.pkl;req357.pkl;req1523.pkl;req3098.pkl;req3825.pkl;req4202.pkl;req6066.pkl
151,7,req328.pkl,"('F', '_', '_', ('&&', ('PRED', '<', '_', '_'), ('PRED', '>', '_', '_'), ('PRED', '>=', '_', '_')))",req328.pkl;req445.pkl;req1275.pkl;req3195.pkl;req3812.pkl;req4665.pkl;req8503.pkl
152,7,req386.pkl,"('G', '_', '_', ('||', ('F', '_', '_', ('G', '_', '_', ('PRED', '!=', '_', '_'))), ('PRED', '!=', '_', '_')))",req386.pkl;req1228.pkl;req1371.pkl;req1732.pkl;req5261.pkl;req5820.pkl;req7862.pkl
153,7,req424.pkl,"('F', '_', '_', ('&&', ('PRED', '!=', '_', '_'), ('PRED', '>=', '_', '_')))",req424.pkl;req438.pkl;req1016.pkl;req2801.pkl;req4468.pkl;req5724.pkl;req7423.pkl
154,7,req571.pkl,"('G', '_', '_', ('&&', ('PRED', '!=', '_', '_'), ('PRED', '<=', '_', '_'), ('PRED', '>=', '_', '_')))",req571.pkl;req3905.pkl;req3924.pkl;req6305.pkl;req7983.pkl;req8099.pkl;req8351.pkl
155,7,req816.pkl,"('G', '_', '_', ('||', ('PRED', '<', '_', '_'), ('PRED', '=', '_', '_'), ('PRED', '>=', '_', '_')))",req816.pkl;req1051.pkl;req1899.pkl;req2005.pkl;req6904.pkl;req8408.pkl;req8795.pkl
156,7,req949.pkl,"('G', '_', '_', ('||', ('G', '_', '_', ('PRED', '=', '_', '_')), ('PRED', '>', '_', '_')))",req949.pkl;req1325.pkl;req1647.pkl;req1792.pkl;req3374.pkl;req5694.pkl;req8517.pkl
157,7,req964.pkl,"('F', '_', '_', ('&&', ('PRED', '<', '_', '_'), ('PRED', '<', '_', '_')))",req964.pkl;req2236.pkl;req2332.pkl;req3257.pkl;req3368.pkl;req4213.pkl;req7874.pkl
158,7,req1008.pkl,"('G', '_', '_', ('||', ('&&', ('PRED', '<', '_', '_'), ('PRED', '>', '_', '_')), ('&&', ('PRED', '<=', '_', '_'), ('PRED', '>=', '_', '_'))))",req1008.pkl;req3326.pkl;req3516.pkl;req5138.pkl;req6635.pkl;req8037.pkl;req8803.pkl
159,7,req1106.pkl,"('G', '_', '_', ('||', ('F', '_', '_', ('G', '_', '_', ('&&', ('PRED', '<', '_', '_'), ('PRED', '>', '_', '_')))), ('PRED', '!=', '_', '_')))",req1106.pkl;req2323.pkl;req4065.pkl;req4254.pkl;req4751.pkl;req5444.pkl;req8721.pkl
160,7,req1309.pkl,"('G', '_', '_', ('&&', ('PRED', '>=', '_', '_'), ('PRED', '>=', '_', '_')))",req1309.pkl;req1528.pkl;req1712.pkl;req1914.pkl;req3897.pkl;req4948.pkl;req8174.pkl
161,7,req1361.pkl,"('G', '_', '_', ('||', ('G', '_', '_', ('F', '_', '_', ('PRED', '=', '_', '_'))), ('PRED', '>', '_', '_')))",req1361.pkl;req1488.pkl;req1599.pkl;req2811.pkl;req6254.pkl;req8182.pkl;req8832.pkl
162,7,req1779.pkl,"('G', '_', '_', ('||', ('&&', ('PRED', '<=', '_', '_'), ('PRED', '>=', '_', '_')), ('PRED', '>', '_', '_')))",req1779.pkl;req2246.pkl;req4165.pkl;req5344.pkl;req6095.pkl;req6514.pkl;req7905.pkl
163,7,req2016.pkl,"('G', '_', '_', ('||', ('G', '_', '_', ('F', '_', '_', ('PRED', '=', '_', '_'))), ('PRED', '<', '_', '_')))",req2016.pkl;req3422.pkl;req3608.pkl;req4175.pkl;req7037.pkl;req7149.pkl;req8126.pkl
164,7,req2285.pkl,"('G', '_', '_', ('||', ('NOT', ('PRED', '<=', '_', '_')), ('NOT', ('PRED', '>=', '_', '_')), ('PRED', '=', '_', '_')))",req2285.pkl;req3731.pkl;req4945.pkl;req4976.pkl;req5399.pkl;req7293.pkl;req8237.pkl
165,7,req2469.pkl,"('G', '_', '_', ('&&', ('PRED', '>=', '_', '_'), ('||', ('G', '_', '_', ('F', '_', '_', ('PRED', '=', '_', '_'))), ('PRED', '>', '_', '_'))))",req2469.pkl;req2871.pkl;req3627.pkl;req3998.pkl;req5348.pkl;req5429.pkl;req6458.pkl
166,7,req2909.pkl,"('G', '_', '_', ('&&', ('PRED', '=', '_', '_'), ('||', ('PRED', '!=', '_', '_'), ('PRED', '>=', '_', '_'))))",req2909.pkl;req3009.pkl;req3270.pkl;req4749.pkl;req4930.pkl;req7086.pkl;req7989.pkl
167,7,req3235.pkl,"('F', '_', '_', ('||', ('&&', ('PRED', '<', '_', '_'), ('PRED', '>', '_', '_')), ('&&', ('PRED', '<=', '_', '_'), ('PRED', '>=', '_', '_'))))",req3235.pkl;req4286.pkl;req4928.pkl;req6380.pkl;req6985.pkl;req7313.pkl;req8075.pkl
168,7,req3402.pkl,"('G', '_', '_', ('||', ('&&', ('PRED', '<=', '_', '_'), ('PRED', '>=', '_', '_')), ('PRED', '!=', '_', '_'), ('PRED', '=', '_', '_')))",req3402.pkl;req3909.pkl;req4874.pkl;req5451.pkl;req6414.pkl;req6882.pkl;req8632.pkl
169,7,req3565.pkl,"('F', '_', '_', ('&&', ('PRED', '>', '_', '_'), ('PRED', '>', '_', '_')))",req3565.pkl;req4519.pkl;req5219.pkl;req5834.pkl;req6745.pkl;req6943.pkl;req8002.pkl
170,6,req98.pkl,"('F', '_', '_', ('||', ('PRED', '<', '_', '_'), ('PRED', '<', '_', '_')))",req98.pkl;req501.pkl;req1834.pkl;req3221.pkl;req5506.pkl;req6330.pkl
171,6,req108.pkl,"('G', '_', '_', ('&&', ('PRED', '>=', '_', '_'), ('||', ('PRED', '>', '_', '_'), ('PRED', '>=', '_', '_'))))",req108.pkl;req4049.pkl;req4097.pkl;req5993.pkl;req6991.pkl;req8661.pkl
172,6,req172.pkl,"('G', '_', '_', ('||', ('&&', ('PRED', '<', '_', '_'), ('PRED', '>', '_', '_')), ('PRED', '!=', '_', '_'), ('PRED', '=', '_', '_')))",req172.pkl;req1499.pkl;req3327.pkl;req4109.pkl;req6707.pkl;req7049.pkl
173,6,req280.pkl,"('G', '_', '_', ('&&', ('PRED', '=', '_', '_'), ('||', ('PRED', '<=', '_', '_'), ('PRED', '=', '_', '_'))))",req280.pkl;req723.pkl;req1807.pkl;req3384.pkl;req3481.pkl;req7467.pkl
174,6,req355.pkl,"('G', '_', '_', ('||', ('&&', ('PRED', '<', '_', '_'), ('PRED', '>', '_', '_')), ('PRED', '>', '_', '_')))",req355.pkl;req3722.pkl;req5213.pkl;req7362.pkl;req7743.pkl;req8367.pkl
175,6,req580.pkl,"('G', '_', '_', ('&&', ('PRED', '>=', '_', '_'), ('||', ('F', '_', '_', ('G', '_', '_', ('PRED', '=', '_', '_'))), ('PRED', '!=', '_', '_'))))",req580.pkl;req1734.pkl;req3081.pkl;req3653.pkl;req4820.pkl;req5498.pkl
176,6,req666.pkl,"('F', '_', '_', ('||', ('PRED', '>', '_', '_'), ('PRED', '>=', '_', '_')))",req666.pkl;req4829.pkl;req5447.pkl;req7311.pkl;req7722.pkl;req7814.pkl
177,6,req824.pkl,"('G', '_', '_', ('||', ('G', '_', '_', ('F', '_', '_', ('PRED', '<', '_', '_'))), ('PRED', '!=', '_', '_')))",req824.pkl;req1338.pkl;req3181.pkl;req4237.pkl;req6348.pkl;req6682.pkl
178,6,req838.pkl,"('G', '_', '_', ('||', ('PRED', '!=', '_', '_'), ('PRED', '<', '_', '_'), ('PRED', '>=', '_', '_')))",req838.pkl;req1327.pkl;req3258.pkl;req4121.pkl;req8584.pkl;req8640.pkl
179,6,req968.pkl,"('G', '_', '_', ('&&', ('PRED', '=', '_', '_'), ('||', ('PRED', '=', '_', '_'), ('PRED', '>', '_', '_'))))",req968.pkl;req2987.pkl;req4508.pkl;req5780.pkl;req7758.pkl;req8133.pkl
180,6,req1246.pkl,"('G', '_', '_', ('||', ('F', '_', '_', ('G', '_', '_', ('PRED', '!=', '_', '_'))), ('PRED', '>=', '_', '_')))",req1246.pkl;req4619.pkl;req4728.pkl;req5029.pkl;req5254.pkl;req7745.pkl
181,6,req1269.pkl,"('G', '_', '_', ('&&', ('PRED', '<', '_', '_'), ('||', ('NOT', ('PRED', '<', '_', '_')), ('NOT', ('PRED', '>', '_', '_')))))",req1269.pkl;req1292.pkl;req1891.pkl;req6860.pkl;req7399.pkl;req8222.pkl
182,6,req1451.pkl,"('G', '_', '_', ('||', ('F', '_', '_', ('PRED', '=', '_', '_')), ('PRED', '<=', '_', '_')))",req1451.pkl;req2584.pkl;req2936.pkl;req8073.pkl;req8200.pkl;req8682.pkl
183,6,req1824.pkl,"('G', '_', '_', ('&&', ('PRED', '<=', '_', '_'), ('PRED', '>=', '_', '_'), ('||', ('PRED', '>', '_', '_'), ('PRED', '>=', '_', '_'))))",req1824.pkl;req2459.pkl;req2989.pkl;req4316.pkl;req4571.pkl;req8034.pkl
184,6,req1885.pkl,"('G', '_', '_', ('||', ('PRED', '=', '_', '_'), ('PRED', '=', '_', '_'), ('PRED', '>', '_', '_')))",req1885.pkl;req3668.pkl;req5290.pkl;req6472.pkl;req6672.pkl;req7615.pkl
185,6,req1913.pkl,"('G', '_', '_', ('||', ('F', '_', '_', ('G', '_', '_', ('PRED', '<', '_', '_'))), ('PRED', '<', '_', '_')))",req1913.pkl;req3186.pkl;req3330.pkl;req3525.pkl;req3554.pkl;req3632.pkl
186,6,req1925.pkl,"('G', '_', '_', ('||', ('G', '_', '_', ('PRED', '<', '_', '_')), ('PRED', '!=', '_', '_')))",req1925.pkl;req3426.pkl;req5461.pkl;req5599.pkl;req6060.pkl;req8535.pkl
187,6,req1943.pkl,"('F', '_', '_', ('&&', ('PRED', '<', '_', '_'), ('PRED', '<', '_', '_'), ('PRED', '>', '_', '_'), ('PRED', '>', '_', '_')))",req1943.pkl;req2685.pkl;req5965.pkl;req6569.pkl;req6675.pkl;req7144.pkl
188,6,req3995.pkl,"('G', '_', '_', ('||', ('F', '_', '_', ('G', '_', '_', ('PRED', '>=', '_', '_'))), ('PRED', '<=', '_', '_')))",req3995.pkl;req5588.pkl;req6192.pkl;req7005.pkl;req7189.pkl;req7894.pkl
189,6,req4043.pkl,"('F', '_', '_', ('||', ('&&', ('PRED', '<', '_', '_'), ('PRED', '>', '_', '_')), ('&&', ('PRED', '<', '_', '_'), ('PRED', '>', '_', '_'))))",req4043.pkl;req5166.pkl;req5292.pkl;req5624.pkl;req8435.pkl;req8439.pkl
190,5,req76.pkl,"('G', '_', '_', ('||', ('G', '_', '_', ('PRED', '=', '_', '_')), ('PRED', '>=', '_', '_')))",req76.pkl;req311.pkl;req1396.pkl;req3569.pkl;req4002.pkl
191,5,req184.pkl,"('G', '_', '_', ('||', ('&&', ('PRED', '<=', '_', '_'), ('PRED', '>=', '_', '_')), ('PRED', '!=', '_', '_')))",req184.pkl;req1154.pkl;req1811.pkl;req2968.pkl;req8749.pkl
192,5,req213.pkl,"('G', '_', '_', ('||', ('&&', ('PRED', '<', '_', '_'), ('PRED', '>', '_', '_')), ('&&', ('PRED', '<', '_', '_'), ('PRED', '>', '_', '_'))))",req213.pkl;req2552.pkl;req5945.pkl;req7769.pkl;req8741.pkl
193,5,req257.pkl,"('G', '_', '_', ('||', ('PRED', '<', '_', '_'), ('PRED', '=', '_', '_'), ('PRED', '=', '_', '_')))",req257.pkl;req4614.pkl;req4903.pkl;req5577.pkl;req8566.pkl
194,5,req324.pkl,"('G', '_', '_', ('||', ('F', '_', '_', ('G', '_', '_', ('PRED', '>=', '_', '_'))), ('PRED', '>=', '_', '_')))",req324.pkl;req1432.pkl;req1727.pkl;req1978.pkl;req4150.pkl
195,5,req373.pkl,"('G', '_', '_', ('||', ('F', '_', '_', ('G', '_', '_', ('PRED', '>', '_', '_'))), ('PRED', '>', '_', '_')))",req373.pkl;req3037.pkl;req3575.pkl;req7074.pkl;req8012.pkl
196,5,req416.pkl,"('G', '_', '_', ('&&', ('PRED', '>', '_', '_'), ('||', ('PRED', '=', '_', '_'), ('PRED', '>', '_', '_'))))",req416.pkl;req1017.pkl;req4233.pkl;req6857.pkl;req7792.pkl
197,5,req437.pkl,"('F', '_', '_', ('||', ('&&', ('PRED', '<=', '_', '_'), ('PRED', '>=', '_', '_')), ('PRED', '>', '_', '_')))",req437.pkl;req1798.pkl;req7376.pkl;req7614.pkl;req8607.pkl
198,5,req555.pkl,"('F', '_', '_', ('&&', ('PRED', '<', '_', '_'), ('PRED', '>', '_', '_'), ('PRED', '>', '_', '_')))",req555.pkl;req2805.pkl;req4038.pkl;req7962.pkl;req8026.pkl
199,5,req663.pkl,"('G', '_', '_', ('&&', ('PRED', '>', '_', '_'), ('||', ('F', '_', '_', ('G', '_', '_', ('PRED', '=', '_', '_'))), ('PRED', '>=', '_', '_'))))",req663.pkl;req2564.pkl;req2702.pkl;req7426.pkl;req8302.pkl
200,5,req738.pkl,"('G', '_', '_', ('&&', ('PRED', '>', '_', '_'), ('||', ('PRED', '<=', '_', '_'), ('PRED', '=', '_', '_'))))",req738.pkl;req2695.pkl;req3693.pkl;req7619.pkl;req7982.pkl
201,5,req749.pkl,"('G', '_', '_', ('||', ('G', '_', '_', ('PRED', '>', '_', '_')), ('PRED', '!=', '_', '_')))",req749.pkl;req2312.pkl;req3738.pkl;req5709.pkl;req7047.pkl
202,5,req751.pkl,"('F', '_', '_', ('||', ('PRED', '!=', '_', '_'), ('PRED', '<=', '_', '_')))",req751.pkl;req1141.pkl;req6092.pkl;req6392.pkl;req8798.pkl
203,5,req764.pkl,"('F', '_', '_', ('&&', ('PRED', '<=', '_', '_'), ('PRED', '=', '_', '_'), ('PRED', '>', '_', '_')))",req764.pkl;req5789.pkl;req6199.pkl;req6525.pkl;req8135.pkl
204,5,req780.pkl,"('F', '_', '_', ('||', ('NOT', ('PRED', '<', '_', '_')), ('NOT', ('PRED', '>', '_', '_')), ('PRED', '=', '_', '_')))",req780.pkl;req1723.pkl;req4617.pkl;req7490.pkl;req8396.pkl
205,5,req810.pkl,"('G', '_', '_', ('||', ('PRED', '=', '_', '_'), ('PRED', '>', '_', '_'), ('PRED', '>', '_', '_')))",req810.pkl;req2025.pkl;req4183.pkl;req4717.pkl;req7283.pkl
206,5,req877.pkl,"('G', '_', '_', ('||', ('G', '_', '_', ('F', '_', '_', ('&&', ('PRED', '<', '_', '_'), ('PRED', '>', '_', '_')))), ('PRED', '!=', '_', '_')))",req877.pkl;req2045.pkl;req6270.pkl;req7421.pkl;req8772.pkl
207,5,req902.pkl,"('G', '_', '_', ('&&', ('PRED', '<', '_', '_'), ('||', ('PRED', '<', '_', '_'), ('PRED', '>', '_', '_'))))",req902.pkl;req2679.pkl;req5303.pkl;req8023.pkl;req8169.pkl
208,5,req960.pkl,"('G', '_', '_', ('||', ('F', '_', '_', ('NOT', ('PRED', '=', '_', '_'))), ('PRED', '<=', '_', '_')))",req960.pkl;req3626.pkl;req3667.pkl;req4581.pkl;req6768.pkl
209,5,req987.pkl,"('G', '_', '_', ('||', ('G', '_', '_', ('PRED', '=', '_', '_')), ('PRED', '<=', '_', '_')))",req987.pkl;req4711.pkl;req5145.pkl;req5905.pkl;req6664.pkl
210,5,req1073.pkl,"('G', '_', '_', ('||', ('G', '_', '_', ('F', '_', '_', ('PRED', '>=', '_', '_'))), ('PRED', '!=', '_', '_')))",req1073.pkl;req1586.pkl;req5135.pkl;req5418.pkl;req6049.pkl
211,5,req1260.pkl,"('G', '_', '_', ('||', ('G', '_', '_', ('F', '_', '_', ('PRED', '!=', '_', '_'))), ('PRED', '!=', '_', '_')))",req1260.pkl;req2491.pkl;req4472.pkl;req5481.pkl;req7440.pkl
212,5,req1337.pkl,"('G', '_', '_', ('&&', ('PRED', '>', '_', '_'), ('||', ('PRED', '!=', '_', '_'), ('PRED', '=', '_', '_'))))",req1337.pkl;req2993.pkl;req4701.pkl;req6651.pkl;req8572.pkl
213,5,req1360.pkl,"('G', '_', '_', ('&&', ('PRED', '>=', '_', '_'), ('||', ('PRED', '<', '_', '_'), ('PRED', '>=', '_', '_'))))",req1360.pkl;req2572.pkl;req3240.pkl;req5069.pkl;req8712.pkl
214,5,req1416.pkl,"('G', '_', '_', ('||', ('G', '_', '_', ('F', '_', '_', ('PRED', '=', '_', '_'))), ('PRED', '>=', '_', '_')))",req1416.pkl;req1638.pkl;req5765.pkl;req5772.pkl;req8331.pkl
215,5,req1486.pkl,"('G', '_', '_', ('||', ('NOT', ('PRED', '<=', '_', '_')), ('NOT', ('PRED', '>', '_', '_'))))",req1486.pkl;req4900.pkl;req6349.pkl;req7913.pkl;req8602.pkl
216,5,req1594.pkl,"('G', '_', '_', ('||', ('G', '_', '_', ('F', '_', '_', ('PRED', '<=', '_', '_'))), ('PRED', '<=', '_', '_')))",req1594.pkl;req1802.pkl;req4347.pkl;req4553.pkl;req5078.pkl
217,5,req1636.pkl,"('G', '_', '_', ('||', ('F', '_', '_', ('G', '_', '_', ('PRED', '>', '_', '_'))), ('PRED', '>=', '_', '_')))",req1636.pkl;req5763.pkl;req5826.pkl;req6545.pkl;req7257.pkl
218,5,req1709.pkl,"('G', '_', '_', ('&&', ('PRED', '<', '_', '_'), ('PRED', '>', '_', '_'), ('||', ('PRED', '!=', '_', '_'), ('PRED', '=', '_', '_'))))",req1709.pkl;req3447.pkl;req4718.pkl;req6577.pkl;req6804.pkl
219,5,req1719.pkl,"('G', '_', '_', ('&&', ('PRED', '>', '_', '_'), ('||', ('G', '_', '_', ('PRED', '=', '_', '_')), ('PRED', '>=', '_', '_'))))",req1719.pkl;req3991.pkl;req4404.pkl;req6294.pkl;req6671.pkl
220,5,req1847.pkl,"('G', '_', '_', ('||', ('F', '_', '_', ('&&', ('PRED', '<', '_', '_'), ('PRED', '>', '_', '_'))), ('PRED', '!=', '_', '_')))",req1847.pkl;req2004.pkl;req3207.pkl;req6488.pkl;req7508.pkl
221,5,req1867.pkl,"('F', '_', '_', ('&&', ('PRED', '!=', '_', '_'), ('PRED', '<', '_', '_')))",req1867.pkl;req5200.pkl;req6228.pkl;req8124.pkl;req8134.pkl
222,5,req1879.pkl,"('G', '_', '_', ('||', ('&&', ('PRED', '<=', '_', '_'), ('PRED', '>=', '_', '_')), ('PRED', '<', '_', '_')))",req1879.pkl;req5006.pkl;req7186.pkl;req7544.pkl;req8789.pkl
223,5,req2021.pkl,"('G', '_', '_', ('&&', ('PRED', '>', '_', '_'), ('||', ('PRED', '>', '_', '_'), ('PRED', '>=', '_', '_'))))",req2021.pkl;req4897.pkl;req5788.pkl;req6055.pkl;req8038.pkl
224,5,req2214.pkl,"('G', '_', '_', ('||', ('NOT', ('PRED', '<', '_', '_')), ('NOT', ('PRED', '>', '_', '_')), ('PRED', '!=', '_', '_')))",req2214.pkl;req3684.pkl;req4908.pkl;req6324.pkl;req6434.pkl
225,5,req2343.pkl,"('G', '_', '_', ('||', ('F', '_', '_', ('G', '_', '_', ('PRED', '<=', '_', '_'))), ('PRED', '>=', '_', '_')))",req2343.pkl;req4323.pkl;req4381.pkl;req4808.pkl;req6794.pkl
226,5,req2420.pkl,"('G', '_', '_', ('&&', ('PRED', '<', '_', '_'), ('PRED', '>', '_', '_'), ('||', ('PRED', '!=', '_', '_'), ('PRED', '>', '_', '_'))))",req2420.pkl;req3558.pkl;req5071.pkl;req6288.pkl;req6397.pkl
227,5,req2653.pkl,"('G', '_', '_', ('&&', ('PRED', '=', '_', '_'), ('||', ('PRED', '!=', '_', '_'), ('PRED', '<', '_', '_'))))",req2653.pkl;req5211.pkl;req5524.pkl;req7531.pkl;req8786.pkl
228,5,req2797.pkl,"('G', '_', '_', ('||', ('F', '_', '_', ('G', '_', '_', ('&&', ('PRED', '<=', '_', '_'), ('PRED', '>=', '_', '_')))), ('PRED', '!=', '_', '_')))",req2797.pkl;req3137.pkl;req5068.pkl;req6489.pkl;req6823.pkl
229,5,req2813.pkl,"('G', '_', '_', ('||', ('NOT', ('PRED', '<', '_', '_')), ('NOT', ('PRED', '>', '_', '_')), ('PRED', '<=', '_', '_')))",req2813.pkl;req5031.pkl;req5871.pkl;req6069.pkl;req8330.pkl
230,5,req3038.pkl,"('G', '_', '_', ('&&', ('PRED', '<', '_', '_'), ('PRED', '=', '_', '_'), ('PRED', '>=', '_', '_')))",req3038.pkl;req3685.pkl;req6005.pkl;req6311.pkl;req7571.pkl
231,5,req3106.pkl,"('F', '_', '_', ('||', ('&&', ('PRED', '<', '_', '_'), ('PRED', '>', '_', '_')), ('PRED', '<=', '_', '_')))",req3106.pkl;req5949.pkl;req6803.pkl;req7870.pkl;req8006.pkl
232,5,req3223.pkl,"('G', '_', '_', ('&&', ('PRED', '>', '_', '_'), ('||', ('PRED', '<=', '_', '_'), ('PRED', '>=', '_', '_'))))",req3223.pkl;req3570.pkl;req4457.pkl;req4817.pkl;req6845.pkl
233,5,req3376.pkl,"('F', '_', '_', ('&&', ('PRED', '=', '_', '_'), ('||', ('NOT', ('PRED', '<', '_', '_')), ('NOT', ('PRED', '>', '_', '_')))))",req3376.pkl;req3622.pkl;req4884.pkl;req5618.pkl;req5767.pkl
234,5,req3530.pkl,"('G', '_', '_', ('&&', ('PRED', '<=', '_', '_'), ('||', ('PRED', '!=', '_', '_'), ('PRED', '=', '_', '_'))))",req3530.pkl;req5986.pkl;req6433.pkl;req7739.pkl;req8523.pkl
235,5,req3728.pkl,"('F', '_', '_', ('&&', ('PRED', '!=', '_', '_'), ('PRED', '<=', '_', '_')))",req3728.pkl;req5952.pkl;req6610.pkl;req7013.pkl;req7398.pkl
236,5,req5327.pkl,"('G', '_', '_', ('&&', ('PRED', '=', '_', '_'), ('||', ('PRED', '<', '_', '_'), ('PRED', '<=', '_', '_'))))",req5327.pkl;req5331.pkl;req6033.pkl;req6144.pkl;req8371.pkl
237,4,req69.pkl,"('G', '_', '_', ('||', ('F', '_', '_', ('G', '_', '_', ('PRED', '<', '_', '_'))), ('PRED', '<=', '_', '_')))",req69.pkl;req5308.pkl;req5692.pkl;req8366.pkl
238,4,req114.pkl,"('G', '_', '_', ('&&', ('PRED', '=', '_', '_'), ('||', ('PRED', '!=', '_', '_'), ('PRED', '>', '_', '_'))))",req114.pkl;req3836.pkl;req7120.pkl;req7882.pkl
239,4,req135.pkl,"('G', '_', '_', ('&&', ('PRED', '<=', '_', '_'), ('PRED', '>=', '_', '_'), ('||', ('NOT', ('PRED', '<', '_', '_')), ('NOT', ('PRED', '>', '_', '_')))))",req135.pkl;req592.pkl;req1717.pkl;req3533.pkl
240,4,req268.pkl,"('G', '_', '_', ('||', ('&&', ('PRED', '<=', '_', '_'), ('PRED', '>', '_', '_')), ('PRED', '=', '_', '_')))",req268.pkl;req857.pkl;req3164.pkl;req3936.pkl
241,4,req279.pkl,"('F', '_', '_', ('||', ('&&', ('PRED', '<=', '_', '_'), ('PRED', '>', '_', '_')), ('PRED', '=', '_', '_')))",req279.pkl;req1177.pkl;req3382.pkl;req6710.pkl
242,4,req331.pkl,"('G', '_', '_', ('||', ('G', '_', '_', ('F', '_', '_', ('PRED', '=', '_', '_'))), ('PRED', '=', '_', '_')))",req331.pkl;req887.pkl;req1662.pkl;req5106.pkl
243,4,req340.pkl,"('F', '_', '_', ('||', ('NOT', ('PRED', '<=', '_', '_')), ('NOT', ('PRED', '>=', '_', '_')), ('PRED', '=', '_', '_')))",req340.pkl;req5274.pkl;req7651.pkl;req8247.pkl
244,4,req469.pkl,"('G', '_', '_', ('&&', ('PRED', '=', '_', '_'), ('||', ('PRED', '<', '_', '_'), ('PRED', '=', '_', '_'))))",req469.pkl;req868.pkl;req1650.pkl;req8227.pkl
245,4,req521.pkl,"('G', '_', '_', ('||', ('&&', ('PRED', '<', '_', '_'), ('PRED', '>=', '_', '_')), ('PRED', '=', '_', '_')))",req521.pkl;req2389.pkl;req2902.pkl;req6533.pkl
246,4,req531.pkl,"('G', '_', '_', ('&&', ('PRED', '<=', '_', '_'), ('||', ('PRED', '=', '_', '_'), ('PRED', '>=', '_', '_'))))",req531.pkl;req5994.pkl;req6032.pkl;req6238.pkl
247,4,req579.pkl,"('G', '_', '_', ('&&', ('PRED', '<=', '_', '_'), ('PRED', '=', '_', '_'), ('||', ('PRED', '!=', '_', '_'), ('PRED', '>=', '_', '_'))))",req579.pkl;req1029.pkl;req6233.pkl;req7867.pkl
248,4,req633.pkl,"('G', '_', '_', ('||', ('PRED', '=', '_', '_'), ('PRED', '>=', '_', '_'), ('PRED', '>=', '_', '_')))",req633.pkl;req3152.pkl;req3940.pkl;req7715.pkl
249,4,req634.pkl,"('G', '_', '_', ('&&', ('PRED', '=', '_', '_'), ('||', ('PRED', '<=', '_', '_'), ('PRED', '>', '_', '_'))))",req634.pkl;req1622.pkl;req5802.pkl;req6725.pkl
250,4,req694.pkl,"('G', '_', '_', ('&&', ('PRED', '<=', '_', '_'), ('||', ('PRED', '>=', '_', '_'), ('PRED', '>=', '_', '_'))))",req694.pkl;req3088.pkl;req5646.pkl;req6554.pkl
251,4,req719.pkl,"('G', '_', '_', ('&&', ('PRED', '=', '_', '_'), ('||', ('F', '_', '_', ('G', '_', '_', ('PRED', '=', '_', '_'))), ('PRED', '<', '_', '_'))))",req719.pkl;req2777.pkl;req5730.pkl;req8754.pkl
252,4,req735.pkl,"('G', '_', '_', ('&&', ('PRED', '>', '_', '_'), ('||', ('F', '_', '_', ('PRED', '=', '_', '_')), ('PRED', '>=', '_', '_'))))",req735.pkl;req790.pkl;req4763.pkl;req5423.pkl
253,4,req781.pkl,"('G', '_', '_', ('&&', ('PRED', '<=', '_', '_'), ('||', ('PRED', '<', '_', '_'), ('PRED', '>=', '_', '_'))))",req781.pkl;req1298.pkl;req5076.pkl;req8121.pkl
254,4,req993.pkl,"('G', '_', '_', ('||', ('F', '_', '_', ('PRED', '=', '_', '_')), ('PRED', '<', '_', '_')))",req993.pkl;req2386.pkl;req6374.pkl;req6402.pkl
255,4,req1056.pkl,"('G', '_', '_', ('&&', ('PRED', '>', '_', '_'), ('||', ('NOT', ('PRED', '<', '_', '_')), ('NOT', ('PRED', '>', '_', '_')))))",req1056.pkl;req5663.pkl;req6179.pkl;req6645.pkl
256,4,req1084.pkl,"('G', '_', '_', ('&&', ('PRED', '=', '_', '_'), ('||', ('NOT', ('PRED', '<=', '_', '_')), ('NOT', ('PRED', '>=', '_', '_')), ('PRED', '=', '_', '_'))))",req1084.pkl;req3834.pkl;req5868.pkl;req7475.pkl
257,4,req1090.pkl,"('G', '_', '_', ('&&', ('PRED', '=', '_', '_'), ('||', ('G', '_', '_', ('PRED', '=', '_', '_')), ('PRED', '!=', '_', '_'))))",req1090.pkl;req3339.pkl;req4552.pkl;req6009.pkl
258,4,req1151.pkl,"('F', '_', '_', ('||', ('PRED', '!=', '_', '_'), ('PRED', '<', '_', '_')))",req1151.pkl;req4126.pkl;req5194.pkl;req7968.pkl
259,4,req1165.pkl,"('G', '_', '_', ('||', ('NOT', ('PRED', '<', '_', '_')), ('NOT', ('PRED', '>=', '_', '_'))))",req1165.pkl;req3710.pkl;req4998.pkl;req5654.pkl
260,4,req1193.pkl,"('G', '_', '_', ('&&', ('PRED', '=', '_', '_'), ('||', ('NOT', ('PRED', '<', '_', '_')), ('NOT', ('PRED', '>', '_', '_')), ('PRED', '=', '_', '_'))))",req1193.pkl;req4605.pkl;req7139.pkl;req7273.pkl
261,4,req1198.pkl,"('G', '_', '_', ('||', ('F', '_', '_', ('G', '_', '_', ('PRED', '=', '_', '_'))), ('PRED', '!=', '_', '_'), ('PRED', '=', '_', '_')))",req1198.pkl;req3200.pkl;req3804.pkl;req7242.pkl
262,4,req1248.pkl,"('G', '_', '_', ('&&', ('PRED', '>', '_', '_'), ('||', ('PRED', '!=', '_', '_'), ('PRED', '<', '_', '_'))))",req1248.pkl;req3370.pkl;req5797.pkl;req6108.pkl
263,4,req1364.pkl,"('G', '_', '_', ('||', ('F', '_', '_', ('G', '_', '_', ('&&', ('PRED', '<=', '_', '_'), ('PRED', '>=', '_', '_')))), ('PRED', '<=', '_', '_')))",req1364.pkl;req1703.pkl;req4276.pkl;req8603.pkl
264,4,req1390.pkl,"('G', '_', '_', ('||', ('F', '_', '_', ('G', '_', '_', ('&&', ('PRED', '<', '_', '_'), ('PRED', '>', '_', '_')))), ('PRED', '<=', '_', '_')))",req1390.pkl;req4122.pkl;req7910.pkl;req8642.pkl
265,4,req1456.pkl,"('G', '_', '_', ('&&', ('PRED', '>', '_', '_'), ('||', ('F', '_', '_', ('G', '_', '_', ('&&', ('PRED', '<', '_', '_'), ('PRED', '>', '_', '_')))), ('PRED', '>=', '_', '_'))))",req1456.pkl;req2385.pkl;req7277.pkl;req8431.pkl
266,4,req1555.pkl,"('G', '_', '_', ('||', ('F', '_', '_', ('G', '_', '_', ('PRED', '<', '_', '_'))), ('PRED', '>', '_', '_')))",req1555.pkl;req4671.pkl;req5795.pkl;req6776.pkl
267,4,req1739.pkl,"('G', '_', '_', ('||', ('F', '_', '_', ('G', '_', '_', ('PRED', '=', '_', '_'))), ('PRED', '!=', '_', '_'), ('PRED', '<=', '_', '_')))",req1739.pkl;req4925.pkl;req7159.pkl;req7212.pkl
268,4,req1795.pkl,"('G', '_', '_', ('&&', ('PRED', '<=', '_', '_'), ('||', ('PRED', '>', '_', '_'), ('PRED', '>=', '_', '_'))))",req1795.pkl;req2304.pkl;req5936.pkl;req8156.pkl
269,4,req1862.pkl,"('G', '_', '_', ('&&', ('PRED', '<', '_', '_'), ('PRED', '<', '_', '_'), ('PRED', '>', '_', '_'), ('PRED', '>', '_', '_')))",req1862.pkl;req2276.pkl;req4809.pkl;req4973.pkl
270,4,req1886.pkl,"('F', '_', '_', ('||', ('&&', ('PRED', '<', '_', '_'), ('PRED', '>', '_', '_')), ('PRED', '>=', '_', '_')))",req1886.pkl;req4730.pkl;req7413.pkl;req8245.pkl
271,4,req1919.pkl,"('G', '_', '_', ('||', ('G', '_', '_', ('F', '_', '_', ('PRED', '<=', '_', '_'))), ('PRED', '!=', '_', '_')))",req1919.pkl;req2095.pkl;req2599.pkl;req7295.pkl
272,4,req1929.pkl,"('F', '_', '_', ('||', ('&&', ('PRED', '<', '_', '_'), ('PRED', '>', '_', '_')), ('PRED', '>', '_', '_')))",req1929.pkl;req4348.pkl;req4931.pkl;req6584.pkl
273,4,req1946.pkl,"('G', '_', '_', ('&&', ('PRED', '>=', '_', '_'), ('||', ('F', '_', '_', ('G', '_', '_', ('PRED', '>', '_', '_'))), ('PRED', '>=', '_', '_'))))",req1946.pkl;req4720.pkl;req5162.pkl;req6249.pkl
274,4,req2041.pkl,"('G', '_', '_', ('||', ('G', '_', '_', ('PRED', '>=', '_', '_')), ('PRED', '!=', '_', '_')))",req2041.pkl;req2587.pkl;req7481.pkl;req7916.pkl
275,4,req2073.pkl,"('G', '_', '_', ('||', ('G', '_', '_', ('&&', ('PRED', '<', '_', '_'), ('PRED', '>', '_', '_'))), ('PRED', '>=', '_', '_')))",req2073.pkl;req2091.pkl;req3298.pkl;req8016.pkl
276,4,req2421.pkl,"('G', '_', '_', ('&&', ('PRED', '<', '_', '_'), ('||', ('PRED', '!=', '_', '_'), ('PRED', '>=', '_', '_'))))",req2421.pkl;req5077.pkl;req5146.pkl;req8746.pkl
277,4,req2671.pkl,"('G', '_', '_', ('&&', ('PRED', '!=', '_', '_'), ('PRED', '!=', '_', '_')))",req2671.pkl;req3375.pkl;req3916.pkl;req4154.pkl
278,4,req2714.pkl,"('F', '_', '_', ('||', ('PRED', '>=', '_', '_'), ('PRED', '>=', '_', '_')))",req2714.pkl;req3111.pkl;req5563.pkl;req7738.pkl
279,4,req2739.pkl,"('G', '_', '_', ('&&', ('PRED', '<', '_', '_'), ('PRED', '>', '_', '_'), ('||', ('G', '_', '_', ('F', '_', '_', ('PRED', '=', '_', '_'))), ('PRED', '!=', '_', '_'))))",req2739.pkl;req3497.pkl;req5297.pkl;req7503.pkl
280,4,req2754.pkl,"('G', '_', '_', ('||', ('F', '_', '_', ('G', '_', '_', ('PRED', '>=', '_', '_'))), ('PRED', '<', '_', '_')))",req2754.pkl;req3367.pkl;req4242.pkl;req6535.pkl
281,4,req2895.pkl,"('G', '_', '_', ('&&', ('PRED', '=', '_', '_'), ('||', ('F', '_', '_', ('G', '_', '_', ('&&', ('PRED', '<=', '_', '_'), ('PRED', '>=', '_', '_')))), ('PRED', '!=', '_', '_'))))",req2895.pkl;req3304.pkl;req6553.pkl;req7216.pkl
282,4,req3224.pkl,"('G', '_', '_', ('&&', ('PRED', '=', '_', '_'), ('||', ('F', '_', '_', ('G', '_', '_', ('PRED', '>', '_', '_'))), ('PRED', '!=', '_', '_'))))",req3224.pkl;req3405.pkl;req6579.pkl;req8815.pkl
283,4,req3408.pkl,"('F', '_', '_', ('&&', ('PRED', '<', '_', '_'), ('PRED', '>', '_', '_'), ('||', ('NOT', ('PRED', '<', '_', '_')), ('NOT', ('PRED', '>', '_', '_')))))",req3408.pkl;req3830.pkl;req4964.pkl;req8055.pkl
284,4,req3723.pkl,"('G', '_', '_', ('||', ('F', '_', '_', ('PRED', '<', '_', '_')), ('PRED', '!=', '_', '_')))",req3723.pkl;req5716.pkl;req5898.pkl;req7590.pkl
285,4,req3741.pkl,"('G', '_', '_', ('&&', ('PRED', '=', '_', '_'), ('||', ('PRED', '=', '_', '_'), ('PRED', '>=', '_', '_'))))",req3741.pkl;req4848.pkl;req5941.pkl;req5973.pkl
286,4,req3837.pkl,"('G', '_', '_', ('&&', ('PRED', '<', '_', '_'), ('||', ('PRED', '!=', '_', '_'), ('PRED', '=', '_', '_'))))",req3837.pkl;req7271.pkl;req7384.pkl;req7957.pkl
287,4,req3854.pkl,"('G', '_', '_', ('||', ('NOT', ('PRED', '<', '_', '_')), ('NOT', ('PRED', '>', '_', '_')), ('PRED', '=', '_', '_')))",req3854.pkl;req3918.pkl;req5455.pkl;req5904.pkl
288,4,req3908.pkl,"('G', '_', '_', ('&&', ('PRED', '=', '_', '_'), ('||', ('F', '_', '_', ('G', '_', '_', ('PRED', '=', '_', '_'))), ('PRED', '>', '_', '_'))))",req3908.pkl;req5073.pkl;req6523.pkl;req6773.pkl
289,4,req4007.pkl,"('F', '_', '_', ('||', ('&&', ('PRED', '<=', '_', '_'), ('PRED', '>=', '_', '_')), ('PRED', '!=', '_', '_')))",req4007.pkl;req4889.pkl;req6401.pkl;req6971.pkl
290,4,req4160.pkl,"('G', '_', '_', ('||', ('F', '_', '_', ('G', '_', '_', ('PRED', '=', '_', '_'))), ('PRED', '=', '_', '_')))",req4160.pkl;req6376.pkl;req7463.pkl;req8313.pkl
291,4,req4708.pkl,"('G', '_', '_', ('&&', ('PRED', '<=', '_', '_'), ('PRED', '<=', '_', '_'), ('PRED', '>=', '_', '_'), ('PRED', '>=', '_', '_')))",req4708.pkl;req5690.pkl;req5989.pkl;req6136.pkl
292,4,req4712.pkl,"('G', '_', '_', ('&&', ('PRED', '>', '_', '_'), ('||', ('F', '_', '_', ('G', '_', '_', ('PRED', '<=', '_', '_'))), ('PRED', '>=', '_', '_'))))",req4712.pkl;req5132.pkl;req5310.pkl;req8211.pkl
293,4,req5129.pkl,"('G', '_', '_', ('&&', ('PRED', '<=', '_', '_'), ('||', ('PRED', '<=', '_', '_'), ('PRED', '>', '_', '_'))))",req5129.pkl;req5902.pkl;req8192.pkl;req8350.pkl
294,4,req6236.pkl,"('G', '_', '_', ('||', ('PRED', '<=', '_', '_'), ('PRED', '=', '_', '_'), ('PRED', '>=', '_', '_')))",req6236.pkl;req7682.pkl;req7940.pkl;req8777.pkl
295,3,req1.pkl,"('G', '_', '_', ('&&', ('PRED', '<', '_', '_'), ('PRED', '>', '_', '_'), ('||', ('F', '_', '_', ('G', '_', '_', ('PRED', '=', '_', '_'))), ('PRED', '!=', '_', '_'))))",req1.pkl;req410.pkl;req7871.pkl
296,3,req7.pkl,"('G', '_', '_', ('&&', ('PRED', '>', '_', '_'), ('||', ('PRED', '>=', '_', '_'), ('PRED', '>=', '_', '_'))))",req7.pkl;req3694.pkl;req8812.pkl
297,3,req22.pkl,"('G', '_', '_', ('||', ('&&', ('PRED', '<', '_', '_'), ('PRED', '>', '_', '_')), ('PRED', '=', '_', '_'), ('PRED', '>=', '_', '_')))",req22.pkl;req5262.pkl;req5882.pkl
298,3,req42.pkl,"('G', '_', '_', ('&&', ('PRED', '<', '_', '_'), ('||', ('PRED', '=', '_', '_'), ('PRED', '>=', '_', '_'))))",req42.pkl;req3851.pkl;req7017.pkl
299,3,req45.pkl,"('G', '_', '_', ('||', ('G', '_', '_', ('F', '_', '_', ('PRED', '>=', '_', '_'))), ('PRED', '>', '_', '_')))",req45.pkl;req5312.pkl;req7733.pkl
300,3,req48.pkl,"('G', '_', '_', ('&&', ('PRED', '>', '_', '_'), ('||', ('G', '_', '_', ('F', '_', '_', ('PRED', '<=', '_', '_'))), ('PRED', '>=', '_', '_'))))",req48.pkl;req3590.pkl;req8298.pkl
301,3,req88.pkl,"('G', '_', '_', ('||', ('F', '_', '_', ('G', '_', '_', ('PRED', '<=', '_', '_'))), ('PRED', '>', '_', '_')))",req88.pkl;req5476.pkl;req6178.pkl
302,3,req111.pkl,"('G', '_', '_', ('||', ('G', '_', '_', ('F', '_', '_', ('&&', ('PRED', '<', '_', '_'), ('PRED', '>', '_', '_')))), ('PRED', '>', '_', '_')))",req111.pkl;req5401.pkl;req7367.pkl
303,3,req150.pkl,"('G', '_', '_', ('&&', ('PRED', '>=', '_', '_'), ('||', ('G', '_', '_', ('PRED', '=', '_', '_')), ('PRED', '!=', '_', '_'))))",req150.pkl;req5485.pkl;req7696.pkl
304,3,req173.pkl,"('G', '_', '_', ('&&', ('PRED', '>=', '_', '_'), ('||', ('PRED', '!=', '_', '_'), ('PRED', '=', '_', '_'))))",req173.pkl;req2063.pkl;req3053.pkl
305,3,req178.pkl,"('G', '_', '_', ('&&', ('PRED', '=', '_', '_'), ('||', ('F', '_', '_', ('G', '_', '_', ('PRED', '=', '_', '_'))), ('PRED', '>=', '_', '_'))))",req178.pkl;req858.pkl;req7483.pkl
306,3,req180.pkl,"('G', '_', '_', ('||', ('G', '_', '_', ('&&', ('PRED', '<', '_', '_'), ('PRED', '>', '_', '_'))), ('PRED', '!=', '_', '_')))",req180.pkl;req2557.pkl;req4211.pkl
307,3,req218.pkl,"('G', '_', '_', ('&&', ('PRED', '=', '_', '_'), ('||', ('F', '_', '_', ('G', '_', '_', ('PRED', '>=', '_', '_'))), ('PRED', '!=', '_', '_'))))",req218.pkl;req1262.pkl;req1389.pkl
308,3,req243.pkl,"('G', '_', '_', ('&&', ('PRED', '=', '_', '_'), ('||', ('G', '_', '_', ('F', '_', '_', ('PRED', '=', '_', '_'))), ('NOT', ('PRED', '<=', '_', '_')), ('NOT', ('PRED', '>=', '_', '_')))))",req243.pkl;req2465.pkl;req2836.pkl
309,3,req256.pkl,"('G', '_', '_', ('||', ('F', '_', '_', ('&&', ('PRED', '<=', '_', '_'), ('PRED', '>=', '_', '_'))), ('PRED', '!=', '_', '_')))",req256.pkl;req2517.pkl;req8397.pkl
310,3,req289.pkl,"('G', '_', '_', ('&&', ('PRED', '>', '_', '_'), ('||', ('F', '_', '_', ('PRED', '=', '_', '_')), ('PRED', '!=', '_', '_'))))",req289.pkl;req4274.pkl;req4947.pkl
311,3,req354.pkl,"('F', '_', '_', ('||', ('PRED', '>', '_', '_'), ('PRED', '>', '_', '_')))",req354.pkl;req809.pkl;req3424.pkl
312,3,req381.pkl,"('G', '_', '_', ('||', ('F', '_', '_', ('G', '_', '_', ('PRED', '=', '_', '_'))), ('PRED', '<', '_', '_'), ('PRED', '=', '_', '_')))",req381.pkl;req2081.pkl;req7130.pkl
313,3,req389.pkl,"('F', '_', '_', ('||', ('NOT', ('PRED', '<=', '_', '_')), ('NOT', ('PRED', '>', '_', '_'))))",req389.pkl;req6086.pkl;req8450.pkl
314,3,req473.pkl,"('G', '_', '_', ('||', ('NOT', ('PRED', '<', '_', '_')), ('NOT', ('PRED', '>', '_', '_')), ('PRED', '<=', '_', '_'), ('PRED', '=', '_', '_')))",req473.pkl;req4056.pkl;req7324.pkl
315,3,req528.pkl,"('G', '_', '_', ('||', ('NOT', ('PRED', '<', '_', '_')), ('NOT', ('PRED', '>', '_', '_')), ('PRED', '<', '_', '_')))",req528.pkl;req7528.pkl;req7781.pkl
316,3,req538.pkl,"('F', '_', '_', ('&&', ('PRED', '<', '_', '_'), ('||', ('NOT', ('PRED', '<=', '_', '_')), ('NOT', ('PRED', '>=', '_', '_')))))",req538.pkl;req1346.pkl;req7243.pkl
317,3,req570.pkl,"('G', '_', '_', ('||', ('G', '_', '_', ('F', '_', '_', ('PRED', '=', '_', '_'))), ('PRED', '!=', '_', '_'), ('PRED', '=', '_', '_')))",req570.pkl;req1231.pkl;req2700.pkl
318,3,req642.pkl,"('G', '_', '_', ('||', ('PRED', '<=', '_', '_'), ('PRED', '=', '_', '_'), ('PRED', '>', '_', '_')))",req642.pkl;req2419.pkl;req7965.pkl
319,3,req656.pkl,"('G', '_', '_', ('&&', ('PRED', '=', '_', '_'), ('||', ('PRED', '=', '_', '_'), ('PRED', '=', '_', '_'))))",req656.pkl;req742.pkl;req7800.pkl
320,3,req768.pkl,"('F', '_', '_', ('&&', ('PRED', '!=', '_', '_'), ('PRED', '<=', '_', '_'), ('PRED', '>=', '_', '_')))",req768.pkl;req3548.pkl;req6281.pkl
321,3,req817.pkl,"('G', '_', '_', ('&&', ('PRED', '<=', '_', '_'), ('PRED', '>=', '_', '_'), ('||', ('PRED', '!=', '_', '_'), ('PRED', '=', '_', '_'))))",req817.pkl;req1173.pkl;req2508.pkl
322,3,req836.pkl,"('G', '_', '_', ('&&', ('PRED', '<=', '_', '_'), ('||', ('PRED', '<=', '_', '_'), ('PRED', '>=', '_', '_'))))",req836.pkl;req1267.pkl;req5220.pkl
323,3,req866.pkl,"('G', '_', '_', ('&&', ('PRED', '=', '_', '_'), ('||', ('PRED', '>', '_', '_'), ('PRED', '>=', '_', '_'))))",req866.pkl;req4747.pkl;req5182.pkl
324,3,req873.pkl,"('G', '_', '_', ('&&', ('PRED', '<', '_', '_'), ('PRED', '>=', '_', '_'), ('||', ('PRED', '>', '_', '_'), ('PRED', '>', '_', '_'))))",req873.pkl;req2009.pkl;req4514.pkl
325,3,req933.pkl,"('G', '_', '_', ('&&', ('PRED', '=', '_', '_'), ('||', ('PRED', '<', '_', '_'), ('PRED', '>', '_', '_'))))",req933.pkl;req1785.pkl;req7998.pkl
326,3,req935.pkl,"('G', '_', '_', ('&&', ('PRED', '>=', '_', '_'), ('||', ('G', '_', '_', ('F', '_', '_', ('PRED', '<', '_', '_'))), ('PRED', '>', '_', '_'))))",req935.pkl;req1708.pkl;req3890.pkl
327,3,req944.pkl,"('F', '_', '_', ('||', ('NOT', ('PRED', '<', '_', '_')), ('NOT', ('PRED', '>=', '_', '_'))))",req944.pkl;req3838.pkl;req6789.pkl
328,3,req947.pkl,"('G', '_', '_', ('||', ('F', '_', '_', ('G', '_', '_', ('&&', ('PRED', '<', '_', '_'), ('PRED', '>', '_', '_')))), ('PRED', '=', '_', '_')))",req947.pkl;req2235.pkl;req4338.pkl
329,3,req950.pkl,"('G', '_', '_', ('||', ('F', '_', '_', ('G', '_', '_', ('PRED', '=', '_', '_'))), ('F', '_', '_', ('NOT', ('PRED', '=', '_', '_')))))",req950.pkl;req2494.pkl;req8801.pkl
330,3,req982.pkl,"('G', '_', '_', ('&&', ('PRED', '<=', '_', '_'), ('PRED', '>', '_', '_'), ('PRED', '>', '_', '_')))",req982.pkl;req6717.pkl;req7900.pkl
331,3,req997.pkl,"('G', '_', '_', ('&&', ('PRED', '<=', '_', '_'), ('PRED', '>=', '_', '_'), ('||', ('PRED', '!=', '_', '_'), ('PRED', '<', '_', '_'))))",req997.pkl;req2737.pkl;req4220.pkl
332,3,req1002.pkl,"('G', '_', '_', ('||', ('PRED', '<=', '_', '_'), ('PRED', '<=', '_', '_'), ('PRED', '=', '_', '_')))",req1002.pkl;req2497.pkl;req8246.pkl
333,3,req1012.pkl,"('G', '_', '_', ('&&', ('PRED', '>', '_', '_'), ('||', ('F', '_', '_', ('G', '_', '_', ('PRED', '<', '_', '_'))), ('PRED', '>=', '_', '_'))))",req1012.pkl;req1058.pkl;req8669.pkl
334,3,req1035.pkl,"('G', '_', '_', ('||', ('F', '_', '_', ('NOT', ('PRED', '=', '_', '_'))), ('PRED', '>', '_', '_')))",req1035.pkl;req4082.pkl;req6452.pkl
335,3,req1047.pkl,"('G', '_', '_', ('&&', ('PRED', '>=', '_', '_'), ('||', ('PRED', '!=', '_', '_'), ('PRED', '>', '_', '_'))))",req1047.pkl;req4857.pkl;req7617.pkl
336,3,req1112.pkl,"('G', '_', '_', ('||', ('G', '_', '_', ('PRED', '<=', '_', '_')), ('PRED', '!=', '_', '_')))",req1112.pkl;req3283.pkl;req3362.pkl
337,3,req1147.pkl,"('G', '_', '_', ('&&', ('PRED', '>=', '_', '_'), ('||', ('PRED', '<=', '_', '_'), ('PRED', '=', '_', '_'))))",req1147.pkl;req3335.pkl;req8542.pkl
338,3,req1158.pkl,"('G', '_', '_', ('&&', ('PRED', '>', '_', '_'), ('||', ('F', '_', '_', ('G', '_', '_', ('PRED', '>', '_', '_'))), ('PRED', '>=', '_', '_'))))",req1158.pkl;req2222.pkl;req4070.pkl
339,3,req1161.pkl,"('G', '_', '_', ('||', ('F', '_', '_', ('PRED', '<=', '_', '_')), ('PRED', '!=', '_', '_')))",req1161.pkl;req3777.pkl;req8608.pkl
340,3,req1171.pkl,"('G', '_', '_', ('&&', ('PRED', '>', '_', '_'), ('||', ('PRED', '<=', '_', '_'), ('PRED', '>', '_', '_'))))",req1171.pkl;req1665.pkl;req8286.pkl
341,3,req1243.pkl,"('G', '_', '_', ('UNTIL', '_', '_', ('||', ('PRED', '!=', '_', '_'), ('PRED', '=', '_', '_')), ('PRED', '=', '_', '_')))",req1243.pkl;req3338.pkl;req4308.pkl
342,3,req1305.pkl,"('G', '_', '_', ('||', ('PRED', '!=', '_', '_'), ('PRED', '<=', '_', '_'), ('PRED', '<=', '_', '_')))",req1305.pkl;req3492.pkl;req5862.pkl
343,3,req1330.pkl,"('G', '_', '_', ('&&', ('PRED', '>', '_', '_'), ('||', ('G', '_', '_', ('F', '_', '_', ('PRED', '>=', '_', '_'))), ('PRED', '>=', '_', '_'))))",req1330.pkl;req4039.pkl;req8775.pkl
344,3,req1378.pkl,"('G', '_', '_', ('||', ('F', '_', '_', ('G', '_', '_', ('PRED', '<=', '_', '_'))), ('PRED', '!=', '_', '_'), ('PRED', '=', '_', '_')))",req1378.pkl;req7228.pkl;req7339.pkl
345,3,req1508.pkl,"('G', '_', '_', ('||', ('F', '_', '_', ('G', '_', '_', ('PRED', '>', '_', '_'))), ('PRED', '<=', '_', '_')))",req1508.pkl;req2962.pkl;req7643.pkl
346,3,req1557.pkl,"('G', '_', '_', ('||', ('NOT', ('PRED', '<=', '_', '_')), ('NOT', ('PRED', '>=', '_', '_')), ('PRED', '>', '_', '_')))",req1557.pkl;req2125.pkl;req6091.pkl
347,3,req1694.pkl,"('G', '_', '_', ('&&', ('PRED', '>=', '_', '_'), ('||', ('NOT', ('PRED', '<', '_', '_')), ('NOT', ('PRED', '>', '_', '_')))))",req1694.pkl;req3404.pkl;req6207.pkl
348,3,req1755.pkl,"('F', '_', '_', ('&&', ('PRED', '<', '_', '_'), ('PRED', '=', '_', '_'), ('PRED', '>=', '_', '_')))",req1755.pkl;req5018.pkl;req5019.pkl
349,3,req1771.pkl,"('G', '_', '_', ('&&', ('PRED', '>=', '_', '_'), ('||', ('G', '_', '_', ('PRED', '>', '_', '_')), ('PRED', '>', '_', '_'))))",req1771.pkl;req3351.pkl;req5181.pkl
350,3,req1815.pkl,"('G', '_', '_', ('||', ('PRED', '<', '_', '_'), ('PRED', '<=', '_', '_'), ('PRED', '=', '_', '_')))",req1815.pkl;req2549.pkl;req7401.pkl
351,3,req1936.pkl,"('G', '_', '_', ('||', ('PRED', '!=', '_', '_'), ('PRED', '!=', '_', '_'), ('PRED', '>', '_', '_')))",req1936.pkl;req3097.pkl;req7841.pkl
352,3,req1967.pkl,"('G', '_', '_', ('&&', ('PRED', '=', '_', '_'), ('||', ('G', '_', '_', ('F', '_', '_', ('PRED', '=', '_', '_'))), ('PRED', '!=', '_', '_'))))",req1967.pkl;req4814.pkl;req4972.pkl
353,3,req2048.pkl,"('G', '_', '_', ('||', ('F', '_', '_', ('NOT', ('PRED', '=', '_', '_'))), ('PRED', '>=', '_', '_')))",req2048.pkl;req7145.pkl;req7797.pkl
354,3,req2143.pkl,"('G', '_', '_', ('||', ('F', '_', '_', ('PRED', '!=', '_', '_')), ('PRED', '!=', '_', '_')))",req2143.pkl;req4975.pkl;req6878.pkl
355,3,req2159.pkl,"('G', '_', '_', ('||', ('G', '_', '_', ('&&', ('PRED', '<=', '_', '_'), ('PRED', '>=', '_', '_'))), ('PRED', '!=', '_', '_')))",req2159.pkl;req2187.pkl;req5541.pkl
356,3,req2174.pkl,"('G', '_', '_', ('||', ('G', '_', '_', ('NOT', ('PRED', '=', '_', '_'))), ('G', '_', '_', ('PRED', '=', '_', '_'))))",req2174.pkl;req7575.pkl;req7824.pkl
357,3,req2237.pkl,"('G', '_', '_', ('||', ('NOT', ('PRED', '<', '_', '_')), ('NOT', ('PRED', '>=', '_', '_')), ('PRED', '=', '_', '_')))",req2237.pkl;req4766.pkl;req5669.pkl
358,3,req2305.pkl,"('G', '_', '_', ('&&', ('PRED', '>=', '_', '_'), ('||', ('PRED', '!=', '_', '_'), ('PRED', '<=', '_', '_'))))",req2305.pkl;req6218.pkl;req6310.pkl
359,3,req2381.pkl,"('G', '_', '_', ('||', ('F', '_', '_', ('PRED', '>', '_', '_')), ('PRED', '<', '_', '_')))",req2381.pkl;req7392.pkl;req8428.pkl
360,3,req2479.pkl,"('G', '_', '_', ('&&', ('PRED', '>', '_', '_'), ('||', ('NOT', ('PRED', '<=', '_', '_')), ('NOT', ('PRED', '>=', '_', '_')))))",req2479.pkl;req6134.pkl;req7325.pkl
361,3,req2480.pkl,"('G', '_', '_', ('||', ('PRED', '!=', '_', '_'), ('PRED', '!=', '_', '_'), ('PRED', '=', '_', '_')))",req2480.pkl;req3371.pkl;req8595.pkl
362,3,req2501.pkl,"('G', '_', '_', ('||', ('&&', ('PRED', '<', '_', '_'), ('PRED', '>', '_', '_')), ('NOT', ('PRED', '<', '_', '_')), ('NOT', ('PRED', '>', '_', '_'))))",req2501.pkl;req5171.pkl;req8360.pkl
363,3,req2562.pkl,"('G', '_', '_', ('&&', ('PRED', '>=', '_', '_'), ('||', ('PRED', '<', '_', '_'), ('PRED', '>', '_', '_'))))",req2562.pkl;req5733.pkl;req8296.pkl
364,3,req2704.pkl,"('G', '_', '_', ('&&', ('PRED', '>', '_', '_'), ('||', ('F', '_', '_', ('G', '_', '_', ('PRED', '=', '_', '_'))), ('NOT', ('PRED', '<=', '_', '_')), ('NOT', ('PRED', '>=', '_', '_')))))",req2704.pkl;req6866.pkl;req8212.pkl
365,3,req2706.pkl,"('G', '_', '_', ('||', ('&&', ('PRED', '<', '_', '_'), ('PRED', '>', '_', '_')), ('PRED', '!=', '_', '_')))",req2706.pkl;req3210.pkl;req5427.pkl
366,3,req2766.pkl,"('G', '_', '_', ('||', ('PRED', '!=', '_', '_'), ('PRED', '>', '_', '_'), ('PRED', '>=', '_', '_')))",req2766.pkl;req4294.pkl;req6872.pkl
367,3,req2853.pkl,"('G', '_', '_', ('||', ('G', '_', '_', ('F', '_', '_', ('PRED', '>=', '_', '_'))), ('PRED', '<', '_', '_')))",req2853.pkl;req5655.pkl;req7154.pkl
368,3,req2875.pkl,"('G', '_', '_', ('||', ('PRED', '!=', '_', '_'), ('PRED', '<=', '_', '_'), ('PRED', '>', '_', '_')))",req2875.pkl;req4095.pkl;req6440.pkl
369,3,req2880.pkl,"('G', '_', '_', ('||', ('F', '_', '_', ('PRED', '<=', '_', '_')), ('PRED', '<', '_', '_')))",req2880.pkl;req5445.pkl;req6312.pkl
370,3,req2975.pkl,"('G', '_', '_', ('||', ('F', '_', '_', ('G', '_', '_', ('PRED', '<=', '_', '_'))), ('PRED', '=', '_', '_')))",req2975.pkl;req3032.pkl;req6573.pkl
371,3,req2986.pkl,"('G', '_', '_', ('&&', ('PRED', '!=', '_', '_'), ('PRED', '<', '_', '_'), ('PRED', '>', '_', '_')))",req2986.pkl;req3008.pkl;req3772.pkl
372,3,req3000.pkl,"('F', '_', '_', ('||', ('PRED', '!=', '_', '_'), ('PRED', '>=', '_', '_')))",req3000.pkl;req7110.pkl;req8309.pkl
373,3,req3026.pkl,"('G', '_', '_', ('||', ('PRED', '=', '_', '_'), ('PRED', '=', '_', '_'), ('PRED', '>=', '_', '_')))",req3026.pkl;req5529.pkl;req8314.pkl
374,3,req3131.pkl,"('G', '_', '_', ('&&', ('PRED', '=', '_', '_'), ('||', ('F', '_', '_', ('G', '_', '_', ('PRED', '=', '_', '_'))), ('PRED', '<=', '_', '_'))))",req3131.pkl;req6603.pkl;req6948.pkl
375,3,req3256.pkl,"('G', '_', '_', ('||', ('F', '_', '_', ('G', '_', '_', ('PRED', '<=', '_', '_'))), ('PRED', '<', '_', '_')))",req3256.pkl;req7187.pkl;req8529.pkl
376,3,req3397.pkl,"('G', '_', '_', ('&&', ('PRED', '<', '_', '_'), ('||', ('NOT', ('PRED', '<=', '_', '_')), ('NOT', ('PRED', '>=', '_', '_')))))",req3397.pkl;req5559.pkl;req8032.pkl
377,3,req3508.pkl,"('G', '_', '_', ('||', ('PRED', '!=', '_', '_'), ('PRED', '<', '_', '_'), ('PRED', '<=', '_', '_')))",req3508.pkl;req7545.pkl;req7810.pkl
378,3,req3524.pkl,"('G', '_', '_', ('&&', ('PRED', '<', '_', '_'), ('PRED', '>', '_', '_'), ('||', ('PRED', '>', '_', '_'), ('PRED', '>=', '_', '_'))))",req3524.pkl;req6041.pkl;req7407.pkl
379,3,req3539.pkl,"('G', '_', '_', ('&&', ('PRED', '<=', '_', '_'), ('PRED', '>=', '_', '_'), ('||', ('PRED', '!=', '_', '_'), ('PRED', '>=', '_', '_'))))",req3539.pkl;req4169.pkl;req5436.pkl
380,3,req3620.pkl,"('G', '_', '_', ('&&', ('PRED', '<=', '_', '_'), ('||', ('PRED', '!=', '_', '_'), ('PRED', '<', '_', '_'))))",req3620.pkl;req6836.pkl;req8022.pkl
381,3,req3636.pkl,"('G', '_', '_', ('UNTIL', '_', '_', ('||', ('PRED', '=', '_', '_'), ('PRED', '>', '_', '_')), ('PRED', '<', '_', '_')))",req3636.pkl;req6547.pkl;req6684.pkl
382,3,req3652.pkl,"('G', '_', '_', ('||', ('F', '_', '_', ('G', '_', '_', ('&&', ('PRED', '<', '_', '_'), ('PRED', '>', '_', '_')))), ('PRED', '>=', '_', '_')))",req3652.pkl;req3853.pkl;req5997.pkl
383,3,req3679.pkl,"('G', '_', '_', ('||', ('G', '_', '_', ('F', '_', '_', ('PRED', '=', '_', '_'))), ('PRED', '<=', '_', '_')))",req3679.pkl;req5554.pkl;req7125.pkl
384,3,req3919.pkl,"('G', '_', '_', ('||', ('F', '_', '_', ('PRED', '>', '_', '_')), ('PRED', '<=', '_', '_')))",req3919.pkl;req4333.pkl;req8326.pkl
385,3,req3989.pkl,"('G', '_', '_', ('||', ('PRED', '<=', '_', '_'), ('PRED', '=', '_', '_'), ('PRED', '=', '_', '_')))",req3989.pkl;req7720.pkl;req7954.pkl
386,3,req4059.pkl,"('G', '_', '_', ('&&', ('PRED', '=', '_', '_'), ('||', ('F', '_', '_', ('G', '_', '_', ('PRED', '<', '_', '_'))), ('PRED', '!=', '_', '_'))))",req4059.pkl;req4867.pkl;req7812.pkl
387,3,req4209.pkl,"('G', '_', '_', ('&&', ('PRED', '<', '_', '_'), ('PRED', '<', '_', '_'), ('PRED', '>', '_', '_'), ('PRED', '>=', '_', '_')))",req4209.pkl;req4705.pkl;req8601.pkl
388,3,req4391.pkl,"('G', '_', '_', ('&&', ('PRED', '=', '_', '_'), ('||', ('F', '_', '_', ('G', '_', '_', ('PRED', '>=', '_', '_'))), ('PRED', '>=', '_', '_'))))",req4391.pkl;req4951.pkl;req8364.pkl
389,3,req4400.pkl,"('G', '_', '_', ('&&', ('PRED', '=', '_', '_'), ('||', ('G', '_', '_', ('PRED', '>=', '_', '_')), ('PRED', '<', '_', '_'))))",req4400.pkl;req7053.pkl;req7649.pkl
390,3,req4407.pkl,"('G', '_', '_', ('||', ('F', '_', '_', ('G', '_', '_', ('PRED', '<', '_', '_'))), ('PRED', '>=', '_', '_')))",req4407.pkl;req6695.pkl;req7669.pkl
391,3,req4430.pkl,"('G', '_', '_', ('&&', ('PRED', '>', '_', '_'), ('||', ('F', '_', '_', ('G', '_', '_', ('PRED', '=', '_', '_'))), ('PRED', '!=', '_', '_'))))",req4430.pkl;req8486.pkl;req8509.pkl
392,3,req4470.pkl,"('G', '_', '_', ('||', ('F', '_', '_', ('G', '_', '_', ('PRED', '>=', '_', '_'))), ('PRED', '>', '_', '_')))",req4470.pkl;req7208.pkl;req8136.pkl
393,3,req4886.pkl,"('G', '_', '_', ('||', ('&&', ('PRED', '<=', '_', '_'), ('PRED', '>=', '_', '_')), ('PRED', '!=', '_', '_'), ('PRED', '>', '_', '_')))",req4886.pkl;req7445.pkl;req7458.pkl
394,3,req5038.pkl,"('F', '_', '_', ('&&', ('PRED', '!=', '_', '_'), ('PRED', '>', '_', '_')))",req5038.pkl;req5043.pkl;req7589.pkl
395,3,req5040.pkl,"('G', '_', '_', ('&&', ('PRED', '=', '_', '_'), ('||', ('F', '_', '_', ('PRED', '=', '_', '_')), ('PRED', '<', '_', '_'))))",req5040.pkl;req5329.pkl;req7340.pkl
396,3,req5484.pkl,"('G', '_', '_', ('||', ('F', '_', '_', ('NOT', ('PRED', '<=', '_', '_'))), ('PRED', '!=', '_', '_')))",req5484.pkl;req6493.pkl;req7058.pkl
397,3,req6990.pkl,"('G', '_', '_', ('||', ('PRED', '<', '_', '_'), ('PRED', '<', '_', '_'), ('PRED', '=', '_', '_')))",req6990.pkl;req7348.pkl;req7912.pkl
398,3,req7927.pkl,"('G', '_', '_', ('||', ('F', '_', '_', ('G', '_', '_', ('PRED', '=', '_', '_'))), ('NOT', ('PRED', '<', '_', '_')), ('NOT', ('PRED', '>', '_', '_')), ('PRED', '>', '_', '_')))",req7927.pkl;req7947.pkl;req8324.pkl
399,2,req15.pkl,"('G', '_', '_', ('&&', ('PRED', '>', '_', '_'), ('||', ('G', '_', '_', ('F', '_', '_', ('PRED', '<', '_', '_'))), ('PRED', '>=', '_', '_'))))",req15.pkl;req4516.pkl
400,2,req37.pkl,"('G', '_', '_', ('||', ('G', '_', '_', ('F', '_', '_', ('PRED', '>', '_', '_'))), ('PRED', '>=', '_', '_')))",req37.pkl;req3857.pkl
401,2,req44.pkl,"('F', '_', '_', ('&&', ('PRED', '<', '_', '_'), ('PRED', '>=', '_', '_'), ('||', ('NOT', ('PRED', '<=', '_', '_')), ('NOT', ('PRED', '>=', '_', '_')))))",req44.pkl;req6227.pkl
402,2,req47.pkl,"('G', '_', '_', ('||', ('NOT', ('PRED', '<', '_', '_')), ('NOT', ('PRED', '>', '_', '_')), ('PRED', '!=', '_', '_'), ('PRED', '<=', '_', '_')))",req47.pkl;req733.pkl
403,2,req53.pkl,"('G', '_', '_', ('&&', ('PRED', '>=', '_', '_'), ('||', ('PRED', '>=', '_', '_'), ('PRED', '>=', '_', '_'))))",req53.pkl;req2970.pkl
404,2,req89.pkl,"('F', '_', '_', ('||', ('&&', ('PRED', '<', '_', '_'), ('PRED', '>', '_', '_')), ('NOT', ('PRED', '<', '_', '_')), ('NOT', ('PRED', '>', '_', '_'))))",req89.pkl;req7122.pkl
405,2,req94.pkl,"('G', '_', '_', ('&&', ('PRED', '>', '_', '_'), ('||', ('F', '_', '_', ('G', '_', '_', ('PRED', '!=', '_', '_'))), ('PRED', '>=', '_', '_'))))",req94.pkl;req4517.pkl
406,2,req99.pkl,"('G', '_', '_', ('&&', ('PRED', '=', '_', '_'), ('||', ('NOT', ('PRED', '<', '_', '_')), ('NOT', ('PRED', '>', '_', '_')), ('PRED', '!=', '_', '_'))))",req99.pkl;req8295.pkl
407,2,req129.pkl,"('G', '_', '_', ('&&', ('PRED', '>', '_', '_'), ('||', ('PRED', '!=', '_', '_'), ('PRED', '>=', '_', '_'))))",req129.pkl;req7785.pkl
408,2,req131.pkl,"('G', '_', '_', ('||', ('PRED', '!=', '_', '_'), ('PRED', '!=', '_', '_'), ('PRED', '<=', '_', '_')))",req131.pkl;req7259.pkl
409,2,req139.pkl,"('G', '_', '_', ('||', ('F', '_', '_', ('G', '_', '_', ('PRED', '<', '_', '_'))), ('PRED', '<', '_', '_'), ('PRED', '=', '_', '_')))",req139.pkl;req2560.pkl
410,2,req157.pkl,"('G', '_', '_', ('&&', ('PRED', '<', '_', '_'), ('||', ('PRED', '<=', '_', '_'), ('PRED', '=', '_', '_'))))",req157.pkl;req2534.pkl
411,2,req167.pkl,"('G', '_', '_', ('||', ('&&', ('PRED', '<=', '_', '_'), ('||', ('PRED', '>', '_', '_'), ('PRED', '>=', '_', '_'))), ('PRED', '>=', '_', '_')))",req167.pkl;req4642.pkl
412,2,req168.pkl,"('G', '_', '_', ('&&', ('PRED', '<', '_', '_'), ('PRED', '<', '_', '_'), ('PRED', '>=', '_', '_')))",req168.pkl;req3502.pkl
413,2,req177.pkl,"('G', '_', '_', ('UNTIL', '_', '_', ('||', ('PRED', '!=', '_', '_'), ('PRED', '>=', '_', '_')), ('PRED', '>', '_', '_')))",req177.pkl;req6299.pkl
414,2,req207.pkl,"('G', '_', '_', ('||', ('F', '_', '_', ('G', '_', '_', ('&&', ('PRED', '<=', '_', '_'), ('PRED', '>=', '_', '_')))), ('PRED', '!=', '_', '_'), ('PRED', '=', '_', '_')))",req207.pkl;req8579.pkl
415,2,req235.pkl,"('G', '_', '_', ('||', ('F', '_', '_', ('G', '_', '_', ('PRED', '=', '_', '_'))), ('PRED', '!=', '_', '_'), ('PRED', '>=', '_', '_')))",req235.pkl;req7858.pkl
416,2,req258.pkl,"('G', '_', '_', ('||', ('G', '_', '_', ('PRED', '!=', '_', '_')), ('PRED', '<', '_', '_'), ('PRED', '>=', '_', '_')))",req258.pkl;req1595.pkl
417,2,req273.pkl,"('G', '_', '_', ('&&', ('PRED', '!=', '_', '_'), ('||', ('G', '_', '_', ('PRED', '=', '_', '_')), ('PRED', '!=', '_', '_'))))",req273.pkl;req3802.pkl
418,2,req321.pkl,"('G', '_', '_', ('&&', ('PRED', '>=', '_', '_'), ('||', ('F', '_', '_', ('G', '_', '_', ('PRED', '>=', '_', '_'))), ('NOT', ('PRED', '<', '_', '_')), ('NOT', ('PRED', '>', '_', '_')))))",req321.pkl;req6431.pkl
419,2,req323.pkl,"('G', '_', '_', ('||', ('F', '_', '_', ('G', '_', '_', ('PRED', '<', '_', '_'))), ('F', '_', '_', ('NOT', ('PRED', '=', '_', '_')))))",req323.pkl;req533.pkl
420,2,req326.pkl,"('G', '_', '_', ('||', ('PRED', '<', '_', '_'), ('PRED', '<=', '_', '_'), ('PRED', '<=', '_', '_')))",req326.pkl;req5696.pkl
421,2,req356.pkl,"('F', '_', '_', ('&&', ('PRED', '<=', '_', '_'), ('PRED', '>', '_', '_'), ('PRED', '>', '_', '_')))",req356.pkl;req1295.pkl
422,2,req370.pkl,"('G', '_', '_', ('UNTIL', '_', '_', ('||', ('PRED', '<=', '_', '_'), ('PRED', '=', '_', '_')), ('PRED', '=', '_', '_')))",req370.pkl;req6262.pkl
423,2,req425.pkl,"('G', '_', '_', ('||', ('G', '_', '_', ('F', '_', '_', ('PRED', '>', '_', '_'))), ('PRED', '<', '_', '_')))",req425.pkl;req3455.pkl
424,2,req441.pkl,"('G', '_', '_', ('&&', ('PRED', '>=', '_', '_'), ('||', ('PRED', '<', '_', '_'), ('PRED', '=', '_', '_'))))",req441.pkl;req4662.pkl
425,2,req456.pkl,"('G', '_', '_', ('&&', ('PRED', '<=', '_', '_'), ('||', ('PRED', '<', '_', '_'), ('PRED', '<=', '_', '_'))))",req456.pkl;req3809.pkl
426,2,req534.pkl,"('G', '_', '_', ('||', ('F', '_', '_', ('PRED', '>', '_', '_')), ('PRED', '!=', '_', '_'), ('PRED', '<', '_', '_')))",req534.pkl;req5380.pkl
427,2,req574.pkl,"('G', '_', '_', ('||', ('NOT', ('PRED', '<=', '_', '_')), ('NOT', ('PRED', '>=', '_', '_')), ('PRED', '=', '_', '_'), ('PRED', '>', '_', '_')))",req574.pkl;req6351.pkl
428,2,req604.pkl,"('G', '_', '_', ('||', ('F', '_', '_', ('G', '_', '_', ('PRED', '=', '_', '_'))), ('F', '_', '_', ('NOT', ('PRED', '>=', '_', '_')))))",req604.pkl;req7146.pkl
429,2,req607.pkl,"('G', '_', '_', ('||', ('G', '_', '_', ('F', '_', '_', ('PRED', '=', '_', '_'))), ('PRED', '=', '_', '_'), ('PRED', '>', '_', '_')))",req607.pkl;req4735.pkl
430,2,req680.pkl,"('G', '_', '_', ('||', ('&&', ('PRED', '>=', '_', '_'), ('||', ('PRED', '<=', '_', '_'), ('PRED', '>', '_', '_'))), ('PRED', '>=', '_', '_')))",req680.pkl;req1959.pkl
431,2,req713.pkl,"('G', '_', '_', ('&&', ('PRED', '>', '_', '_'), ('||', ('G', '_', '_', ('PRED', '=', '_', '_')), ('PRED', '<=', '_', '_'))))",req713.pkl;req5979.pkl
432,2,req721.pkl,"('G', '_', '_', ('||', ('G', '_', '_', ('PRED', '=', '_', '_')), ('PRED', '<', '_', '_'), ('PRED', '=', '_', '_')))",req721.pkl;req8570.pkl
433,2,req778.pkl,"('G', '_', '_', ('||', ('F', '_', '_', ('NOT', ('PRED', '=', '_', '_'))), ('G', '_', '_', ('NOT', ('PRED', '=', '_', '_')))))",req778.pkl;req6670.pkl
434,2,req819.pkl,"('G', '_', '_', ('&&', ('PRED', '>', '_', '_'), ('||', ('PRED', '>', '_', '_'), ('PRED', '>', '_', '_'))))",req819.pkl;req3614.pkl
435,2,req826.pkl,"('G', '_', '_', ('||', ('&&', ('PRED', '<', '_', '_'), ('PRED', '>', '_', '_')), ('F', '_', '_', ('PRED', '=', '_', '_')), ('PRED', '<', '_', '_')))",req826.pkl;req4145.pkl
436,2,req845.pkl,"('G', '_', '_', ('&&', ('PRED', '<=', '_', '_'), ('||', ('PRED', '>', '_', '_'), ('PRED', '>', '_', '_'))))",req845.pkl;req6474.pkl
437,2,req856.pkl,"('G', '_', '_', ('UNTIL', '_', '_', ('||', ('PRED', '!=', '_', '_'), ('PRED', '=', '_', '_')), ('PRED', '<=', '_', '_')))",req856.pkl;req4412.pkl
438,2,req860.pkl,"('G', '_', '_', ('&&', ('PRED', '<=', '_', '_'), ('PRED', '=', '_', '_'), ('||', ('PRED', '>=', '_', '_'), ('PRED', '>=', '_', '_'))))",req860.pkl;req4729.pkl
439,2,req872.pkl,"('G', '_', '_', ('||', ('&&', ('PRED', '<', '_', '_'), ('PRED', '>', '_', '_')), ('PRED', '!=', '_', '_'), ('PRED', '<', '_', '_')))",req872.pkl;req2544.pkl
440,2,req901.pkl,"('G', '_', '_', ('&&', ('PRED', '<', '_', '_'), ('PRED', '>', '_', '_'), ('||', ('F', '_', '_', ('G', '_', '_', ('PRED', '=', '_', '_'))), ('PRED', '<', '_', '_'))))",req901.pkl;req1204.pkl
441,2,req917.pkl,"('F', '_', '_', ('&&', ('PRED', '<=', '_', '_'), ('PRED', '<=', '_', '_'), ('PRED', '>', '_', '_')))",req917.pkl;req6196.pkl
442,2,req931.pkl,"('G', '_', '_', ('||', ('G', '_', '_', ('&&', ('PRED', '<=', '_', '_'), ('PRED', '>=', '_', '_'))), ('PRED', '<=', '_', '_')))",req931.pkl;req6647.pkl
443,2,req957.pkl,"('G', '_', '_', ('&&', ('PRED', '>', '_', '_'), ('||', ('F', '_', '_', ('G', '_', '_', ('PRED', '>', '_', '_'))), ('PRED', '!=', '_', '_'))))",req957.pkl;req8412.pkl
444,2,req972.pkl,"('G', '_', '_', ('&&', ('PRED', '<', '_', '_'), ('||', ('NOT', ('PRED', '<=', '_', '_')), ('NOT', ('PRED', '>', '_', '_')))))",req972.pkl;req5504.pkl
445,2,req986.pkl,"('G', '_', '_', ('&&', ('PRED', '>=', '_', '_'), ('||', ('PRED', '<=', '_', '_'), ('PRED', '>', '_', '_'))))",req986.pkl;req4482.pkl
446,2,req991.pkl,"('G', '_', '_', ('&&', ('PRED', '<=', '_', '_'), ('PRED', '>', '_', '_'), ('||', ('PRED', '>', '_', '_'), ('PRED', '>=', '_', '_'))))",req991.pkl;req1053.pkl
447,2,req994.pkl,"('G', '_', '_', ('&&', ('PRED', '>=', '_', '_'), ('||', ('G', '_', '_', ('&&', ('PRED', '<', '_', '_'), ('PRED', '>', '_', '_'))), ('PRED', '!=', '_', '_'))))",req994.pkl;req5503.pkl
448,2,req1007.pkl,"('G', '_', '_', ('&&', ('PRED', '=', '_', '_'), ('||', ('F', '_', '_', ('G', '_', '_', ('PRED', '=', '_', '_'))), ('NOT', ('PRED', '<=', '_', '_')), ('NOT', ('PRED', '>=', '_', '_')))))",req1007.pkl;req6201.pkl
449,2,req1105.pkl,"('G', '_', '_', ('||', ('F', '_', '_', ('G', '_', '_', ('||', ('NOT', ('PRED', '<=', '_', '_')), ('NOT', ('PRED', '>=', '_', '_'))))), ('PRED', '!=', '_', '_')))",req1105.pkl;req5508.pkl
450,2,req1108.pkl,"('G', '_', '_', ('||', ('F', '_', '_', ('G', '_', '_', ('PRED', '<', '_', '_'))), ('PRED', '!=', '_', '_'), ('PRED', '>', '_', '_')))",req1108.pkl;req1664.pkl
451,2,req1119.pkl,"('G', '_', '_', ('||', ('&&', ('PRED', '<', '_', '_'), ('PRED', '>', '_', '_')), ('&&', ('PRED', '<', '_', '_'), ('||', ('PRED', '!=', '_', '_'), ('PRED', '>', '_', '_')))))",req1119.pkl;req4450.pkl
452,2,req1134.pkl,"('G', '_', '_', ('||', ('F', '_', '_', ('G', '_', '_', ('PRED', '=', '_', '_'))), ('G', '_', '_', ('NOT', ('PRED', '>', '_', '_')))))",req1134.pkl;req2151.pkl
453,2,req1159.pkl,"('F', '_', '_', ('&&', ('PRED', '<=', '_', '_'), ('||', ('NOT', ('PRED', '<=', '_', '_')), ('NOT', ('PRED', '>=', '_', '_')))))",req1159.pkl;req7068.pkl
454,2,req1201.pkl,"('G', '_', '_', ('&&', ('PRED', '<=', '_', '_'), ('||', ('F', '_', '_', ('G', '_', '_', ('PRED', '=', '_', '_'))), ('PRED', '>=', '_', '_'))))",req1201.pkl;req3842.pkl
455,2,req1238.pkl,"('G', '_', '_', ('||', ('F', '_', '_', ('G', '_', '_', ('||', ('NOT', ('PRED', '<=', '_', '_')), ('NOT', ('PRED', '>', '_', '_'))))), ('PRED', '!=', '_', '_')))",req1238.pkl;req8555.pkl
456,2,req1240.pkl,"('G', '_', '_', ('||', ('F', '_', '_', ('G', '_', '_', ('&&', ('PRED', '<=', '_', '_'), ('PRED', '>=', '_', '_')))), ('PRED', '<', '_', '_')))",req1240.pkl;req8596.pkl
457,2,req1252.pkl,"('G', '_', '_', ('||', ('F', '_', '_', ('PRED', '<=', '_', '_')), ('PRED', '>', '_', '_')))",req1252.pkl;req3064.pkl
458,2,req1357.pkl,"('G', '_', '_', ('&&', ('PRED', '<=', '_', '_'), ('||', ('NOT', ('PRED', '<=', '_', '_')), ('NOT', ('PRED', '>', '_', '_')))))",req1357.pkl;req6087.pkl
459,2,req1369.pkl,"('G', '_', '_', ('UNTIL', '_', '_', ('||', ('&&', ('PRED', '<=', '_', '_'), ('PRED', '>=', '_', '_')), ('PRED', '!=', '_', '_')), ('PRED', '>', '_', '_')))",req1369.pkl;req5592.pkl
460,2,req1403.pkl,"('G', '_', '_', ('&&', ('PRED', '=', '_', '_'), ('||', ('PRED', '<', '_', '_'), ('PRED', '>=', '_', '_'))))",req1403.pkl;req7865.pkl
461,2,req1409.pkl,"('G', '_', '_', ('||', ('PRED', '!=', '_', '_'), ('PRED', '<', '_', '_'), ('PRED', '>', '_', '_')))",req1409.pkl;req7849.pkl
462,2,req1420.pkl,"('G', '_', '_', ('||', ('F', '_', '_', ('NOT', ('PRED', '=', '_', '_'))), ('PRED', '!=', '_', '_')))",req1420.pkl;req3696.pkl
463,2,req1448.pkl,"('G', '_', '_', ('||', ('&&', ('PRED', '<=', '_', '_'), ('PRED', '>=', '_', '_')), ('PRED', '<=', '_', '_'), ('PRED', '>', '_', '_')))",req1448.pkl;req3132.pkl
464,2,req1474.pkl,"('G', '_', '_', ('||', ('G', '_', '_', ('F', '_', '_', ('PRED', '=', '_', '_'))), ('G', '_', '_', ('NOT', ('NOT', ('PRED', '=', '_', '_'))))))",req1474.pkl;req3688.pkl
465,2,req1504.pkl,"('G', '_', '_', ('||', ('G', '_', '_', ('PRED', '<=', '_', '_')), ('PRED', '=', '_', '_')))",req1504.pkl;req4677.pkl
466,2,req1516.pkl,"('G', '_', '_', ('||', ('G', '_', '_', ('&&', ('PRED', '<', '_', '_'), ('PRED', '>', '_', '_'))), ('PRED', '<', '_', '_')))",req1516.pkl;req4723.pkl
467,2,req1524.pkl,"('G', '_', '_', ('&&', ('PRED', '<=', '_', '_'), ('||', ('G', '_', '_', ('F', '_', '_', ('&&', ('PRED', '<=', '_', '_'), ('PRED', '>=', '_', '_')))), ('PRED', '<=', '_', '_'))))",req1524.pkl;req8629.pkl
468,2,req1537.pkl,"('G', '_', '_', ('||', ('G', '_', '_', ('PRED', '=', '_', '_')), ('PRED', '!=', '_', '_'), ('PRED', '=', '_', '_')))",req1537.pkl;req6464.pkl
469,2,req1538.pkl,"('G', '_', '_', ('&&', ('PRED', '=', '_', '_'), ('||', ('F', '_', '_', ('G', '_', '_', ('PRED', '>', '_', '_'))), ('PRED', '>=', '_', '_'))))",req1538.pkl;req3515.pkl
470,2,req1561.pkl,"('G', '_', '_', ('UNTIL', '_', '_', ('||', ('PRED', '=', '_', '_'), ('PRED', '>=', '_', '_')), ('PRED', '=', '_', '_')))",req1561.pkl;req4954.pkl
471,2,req1578.pkl,"('G', '_', '_', ('||', ('G', '_', '_', ('F', '_', '_', ('PRED', '<', '_', '_'))), ('PRED', '=', '_', '_')))",req1578.pkl;req8765.pkl
472,2,req1584.pkl,"('G', '_', '_', ('&&', ('PRED', '>=', '_', '_'), ('||', ('F', '_', '_', ('G', '_', '_', ('&&', ('PRED', '<=', '_', '_'), ('PRED', '>=', '_', '_')))), ('PRED', '>', '_', '_'))))",req1584.pkl;req3054.pkl
473,2,req1604.pkl,"('G', '_', '_', ('&&', ('PRED', '=', '_', '_'), ('||', ('F', '_', '_', ('G', '_', '_', ('PRED', '!=', '_', '_'))), ('PRED', '<=', '_', '_'))))",req1604.pkl;req2074.pkl
474,2,req1646.pkl,"('G', '_', '_', ('&&', ('PRED', '=', '_', '_'), ('||', ('G', '_', '_', ('F', '_', '_', ('PRED', '<=', '_', '_'))), ('PRED', '>', '_', '_'))))",req1646.pkl;req6862.pkl
475,2,req1661.pkl,"('G', '_', '_', ('&&', ('PRED', '<=', '_', '_'), ('||', ('NOT', ('PRED', '<=', '_', '_')), ('NOT', ('PRED', '>=', '_', '_')), ('PRED', '<', '_', '_'))))",req1661.pkl;req5093.pkl
476,2,req1680.pkl,"('G', '_', '_', ('&&', ('PRED', '<', '_', '_'), ('PRED', '>', '_', '_'), ('||', ('NOT', ('PRED', '<=', '_', '_')), ('NOT', ('PRED', '>=', '_', '_')))))",req1680.pkl;req7020.pkl
477,2,req1683.pkl,"('G', '_', '_', ('UNTIL', '_', '_', ('||', ('PRED', '!=', '_', '_'), ('PRED', '<', '_', '_')), ('PRED', '=', '_', '_')))",req1683.pkl;req5835.pkl
478,2,req1804.pkl,"('G', '_', '_', ('&&', ('PRED', '>', '_', '_'), ('||', ('PRED', '=', '_', '_'), ('PRED', '=', '_', '_'))))",req1804.pkl;req3903.pkl
479,2,req1853.pkl,"('G', '_', '_', ('&&', ('PRED', '=', '_', '_'), ('||', ('G', '_', '_', ('F', '_', '_', ('PRED', '<=', '_', '_'))), ('PRED', '!=', '_', '_'))))",req1853.pkl;req2645.pkl
480,2,req1858.pkl,"('G', '_', '_', ('&&', ('PRED', '!=', '_', '_'), ('PRED', '<', '_', '_'), ('||', ('PRED', '!=', '_', '_'), ('PRED', '>', '_', '_'))))",req1858.pkl;req3080.pkl
481,2,req1875.pkl,"('G', '_', '_', ('&&', ('PRED', '=', '_', '_'), ('||', ('F', '_', '_', ('G', '_', '_', ('PRED', '!=', '_', '_'))), ('PRED', '!=', '_', '_'))))",req1875.pkl;req5884.pkl
482,2,req1883.pkl,"('G', '_', '_', ('||', ('G', '_', '_', ('&&', ('PRED', '<=', '_', '_'), ('PRED', '>=', '_', '_'))), ('PRED', '!=', '_', '_'), ('PRED', '>=', '_', '_')))",req1883.pkl;req8148.pkl
483,2,req1962.pkl,"('G', '_', '_', ('||', ('G', '_', '_', ('PRED', '>', '_', '_')), ('PRED', '<', '_', '_')))",req1962.pkl;req2211.pkl
484,2,req1966.pkl,"('G', '_', '_', ('||', ('&&', ('PRED', '<', '_', '_'), ('PRED', '>=', '_', '_')), ('PRED', '<', '_', '_')))",req1966.pkl;req2104.pkl
485,2,req1974.pkl,"('G', '_', '_', ('&&', ('PRED', '>=', '_', '_'), ('||', ('F', '_', '_', ('G', '_', '_', ('PRED', '<=', '_', '_'))), ('PRED', '>', '_', '_'))))",req1974.pkl;req7934.pkl
486,2,req1982.pkl,"('G', '_', '_', ('&&', ('PRED', '=', '_', '_'), ('||', ('G', '_', '_', ('F', '_', '_', ('PRED', '<', '_', '_'))), ('NOT', ('PRED', '<=', '_', '_')), ('NOT', ('PRED', '>=', '_', '_')))))",req1982.pkl;req4428.pkl
487,2,req1985.pkl,"('G', '_', '_', ('||', ('G', '_', '_', ('F', '_', '_', ('PRED', '<=', '_', '_'))), ('PRED', '!=', '_', '_'), ('PRED', '<', '_', '_')))",req1985.pkl;req5039.pkl
488,2,req2012.pkl,"('G', '_', '_', ('||', ('G', '_', '_', ('F', '_', '_', ('PRED', '=', '_', '_'))), ('G', '_', '_', ('NOT', ('PRED', '<=', '_', '_')))))",req2012.pkl;req6901.pkl
489,2,req2149.pkl,"('G', '_', '_', ('&&', ('PRED', '>', '_', '_'), ('||', ('G', '_', '_', ('F', '_', '_', ('PRED', '=', '_', '_'))), ('PRED', '<', '_', '_'))))",req2149.pkl;req6543.pkl
490,2,req2169.pkl,"('G', '_', '_', ('||', ('&&', ('PRED', '<=', '_', '_'), ('PRED', '>', '_', '_')), ('PRED', '<', '_', '_')))",req2169.pkl;req4302.pkl
491,2,req2181.pkl,"('G', '_', '_', ('&&', ('PRED', '=', '_', '_'), ('||', ('F', '_', '_', ('PRED', '=', '_', '_')), ('PRED', '>=', '_', '_'))))",req2181.pkl;req5365.pkl
492,2,req2248.pkl,"('G', '_', '_', ('||', ('F', '_', '_', ('PRED', '=', '_', '_')), ('PRED', '<=', '_', '_'), ('PRED', '=', '_', '_')))",req2248.pkl;req2944.pkl
493,2,req2288.pkl,"('F', '_', '_', ('||', ('NOT', ('PRED', '<', '_', '_')), ('NOT', ('PRED', '>', '_', '_')), ('PRED', '>', '_', '_')))",req2288.pkl;req6428.pkl
494,2,req2431.pkl,"('G', '_', '_', ('&&', ('PRED', '=', '_', '_'), ('||', ('F', '_', '_', ('NOT', ('PRED', '=', '_', '_'))), ('PRED', '!=', '_', '_'))))",req2431.pkl;req8723.pkl
495,2,req2493.pkl,"('G', '_', '_', ('||', ('NOT', ('PRED', '<', '_', '_')), ('NOT', ('PRED', '>=', '_', '_')), ('PRED', '>', '_', '_')))",req2493.pkl;req8297.pkl
496,2,req2512.pkl,"('G', '_', '_', ('&&', ('PRED', '<', '_', '_'), ('PRED', '>', '_', '_'), ('||', ('PRED', '<=', '_', '_'), ('PRED', '=', '_', '_'))))",req2512.pkl;req2876.pkl
497,2,req2579.pkl,"('G', '_', '_', ('||', ('F', '_', '_', ('&&', ('PRED', '<=', '_', '_'), ('PRED', '>', '_', '_'))), ('PRED', '!=', '_', '_')))",req2579.pkl;req6702.pkl
498,2,req2627.pkl,"('G', '_', '_', ('||', ('G', '_', '_', ('NOT', ('PRED', '>=', '_', '_'))), ('PRED', '!=', '_', '_')))",req2627.pkl;req4531.pkl
499,2,req2690.pkl,"('G', '_', '_', ('||', ('PRED', '<=', '_', '_'), ('PRED', '<=', '_', '_'), ('PRED', '>', '_', '_')))",req2690.pkl;req3419.pkl
500,2,req2699.pkl,"('G', '_', '_', ('||', ('G', '_', '_', ('PRED', '=', '_', '_')), ('PRED', '<', '_', '_'), ('PRED', '>=', '_', '_')))",req2699.pkl;req6967.pkl
501,2,req2720.pkl,"('G', '_', '_', ('&&', ('PRED', '=', '_', '_'), ('||', ('G', '_', '_', ('PRED', '<=', '_', '_')), ('PRED', '!=', '_', '_'))))",req2720.pkl;req5814.pkl
502,2,req2760.pkl,"('F', '_', '_', ('||', ('&&', ('PRED', '<', '_', '_'), ('PRED', '>=', '_', '_')), ('PRED', '=', '_', '_')))",req2760.pkl;req7994.pkl
503,2,req2783.pkl,"('G', '_', '_', ('||', ('G', '_', '_', ('NOT', ('PRED', '=', '_', '_'))), ('PRED', '=', '_', '_')))",req2783.pkl;req2922.pkl
504,2,req2785.pkl,"('G', '_', '_', ('||', ('F', '_', '_', ('G', '_', '_', ('&&', ('PRED', '<', '_', '_'), ('PRED', '>', '_', '_')))), ('PRED', '>', '_', '_')))",req2785.pkl;req8834.pkl
505,2,req2799.pkl,"('G', '_', '_', ('&&', ('PRED', '=', '_', '_'), ('||', ('G', '_', '_', ('PRED', '!=', '_', '_')), ('PRED', '!=', '_', '_'))))",req2799.pkl;req4696.pkl
506,2,req2914.pkl,"('G', '_', '_', ('||', ('PRED', '<', '_', '_'), ('PRED', '>', '_', '_'), ('PRED', '>', '_', '_')))",req2914.pkl;req6997.pkl
507,2,req2945.pkl,"('G', '_', '_', ('&&', ('PRED', '!=', '_', '_'), ('||', ('F', '_', '_', ('G', '_', '_', ('PRED', '>=', '_', '_'))), ('PRED', '!=', '_', '_'))))",req2945.pkl;req3151.pkl
508,2,req2966.pkl,"('G', '_', '_', ('&&', ('PRED', '<=', '_', '_'), ('PRED', '>', '_', '_'), ('||', ('PRED', '!=', '_', '_'), ('PRED', '>=', '_', '_'))))",req2966.pkl;req3990.pkl
509,2,req3002.pkl,"('G', '_', '_', ('&&', ('PRED', '>', '_', '_'), ('||', ('G', '_', '_', ('F', '_', '_', ('&&', ('PRED', '<=', '_', '_'), ('PRED', '>=', '_', '_')))), ('PRED', '>=', '_', '_'))))",req3002.pkl;req5492.pkl
510,2,req3043.pkl,"('G', '_', '_', ('||', ('F', '_', '_', ('G', '_', '_', ('PRED', '<=', '_', '_'))), ('PRED', '<=', '_', '_')))",req3043.pkl;req3932.pkl
511,2,req3056.pkl,"('F', '_', '_', ('&&', ('PRED', '<=', '_', '_'), ('PRED', '<=', '_', '_'), ('PRED', '>=', '_', '_'), ('PRED', '>=', '_', '_')))",req3056.pkl;req3704.pkl
512,2,req3159.pkl,"('G', '_', '_', ('||', ('F', '_', '_', ('G', '_', '_', ('&&', ('PRED', '<', '_', '_'), ('PRED', '>', '_', '_')))), ('PRED', '!=', '_', '_'), ('PRED', '=', '_', '_')))",req3159.pkl;req7815.pkl
513,2,req3173.pkl,"('G', '_', '_', ('&&', ('PRED', '>', '_', '_'), ('||', ('NOT', ('PRED', '<=', '_', '_')), ('NOT', ('PRED', '>', '_', '_')))))",req3173.pkl;req8485.pkl
514,2,req3174.pkl,"('G', '_', '_', ('||', ('&&', ('PRED', '<', '_', '_'), ('PRED', '>', '_', '_')), ('PRED', '<', '_', '_'), ('PRED', '<=', '_', '_')))",req3174.pkl;req4198.pkl
515,2,req3187.pkl,"('G', '_', '_', ('&&', ('PRED', '>=', '_', '_'), ('||', ('F', '_', '_', ('G', '_', '_', ('&&', ('PRED', '<', '_', '_'), ('PRED', '>', '_', '_')))), ('NOT', ('PRED', '<', '_', '_')), ('NOT', ('PRED', '>', '_', '_')))))",req3187.pkl;req6563.pkl
516,2,req3205.pkl,"('G', '_', '_', ('&&', ('PRED', '!=', '_', '_'), ('||', ('G', '_', '_', ('F', '_', '_', ('PRED', '<', '_', '_'))), ('PRED', '!=', '_', '_'))))",req3205.pkl;req6248.pkl
517,2,req3247.pkl,"('G', '_', '_', ('||', ('F', '_', '_', ('&&', ('PRED', '<=', '_', '_'), ('PRED', '>=', '_', '_'))), ('PRED', '>=', '_', '_')))",req3247.pkl;req7155.pkl
518,2,req3263.pkl,"('G', '_', '_', ('||', ('NOT', ('PRED', '<=', '_', '_')), ('NOT', ('PRED', '>=', '_', '_')), ('PRED', '<', '_', '_')))",req3263.pkl;req3654.pkl
519,2,req3344.pkl,"('G', '_', '_', ('||', ('G', '_', '_', ('NOT', ('PRED', '=', '_', '_'))), ('PRED', '!=', '_', '_')))",req3344.pkl;req3751.pkl
520,2,req3348.pkl,"('G', '_', '_', ('&&', ('PRED', '<=', '_', '_'), ('||', ('NOT', ('PRED', '<=', '_', '_')), ('NOT', ('PRED', '>=', '_', '_')), ('PRED', '=', '_', '_'))))",req3348.pkl;req4498.pkl
521,2,req3373.pkl,"('G', '_', '_', ('||', ('F', '_', '_', ('G', '_', '_', ('PRED', '<', '_', '_'))), ('PRED', '=', '_', '_')))",req3373.pkl;req3999.pkl
522,2,req3379.pkl,"('G', '_', '_', ('&&', ('PRED', '>', '_', '_'), ('||', ('F', '_', '_', ('G', '_', '_', ('PRED', '=', '_', '_'))), ('PRED', '<=', '_', '_'))))",req3379.pkl;req6574.pkl
523,2,req3396.pkl,"('F', '_', '_', ('||', ('NOT', ('PRED', '<=', '_', '_')), ('NOT', ('PRED', '>=', '_', '_')), ('PRED', '<=', '_', '_')))",req3396.pkl;req7570.pkl
524,2,req3427.pkl,"('G', '_', '_', ('&&', ('PRED', '<', '_', '_'), ('PRED', '>', '_', '_'), ('||', ('F', '_', '_', ('G', '_', '_', ('PRED', '=', '_', '_'))), ('PRED', '>=', '_', '_'))))",req3427.pkl;req7451.pkl
525,2,req3439.pkl,"('G', '_', '_', ('||', ('F', '_', '_', ('G', '_', '_', ('&&', ('PRED', '<=', '_', '_'), ('PRED', '>=', '_', '_')))), ('PRED', '=', '_', '_')))",req3439.pkl;req5199.pkl
526,2,req3458.pkl,"('G', '_', '_', ('&&', ('PRED', '>=', '_', '_'), ('||', ('F', '_', '_', ('G', '_', '_', ('PRED', '<', '_', '_'))), ('PRED', '>', '_', '_'))))",req3458.pkl;req6669.pkl
527,2,req3472.pkl,"('G', '_', '_', ('||', ('F', '_', '_', ('PRED', '<', '_', '_')), ('PRED', '<', '_', '_')))",req3472.pkl;req4538.pkl
528,2,req3482.pkl,"('G', '_', '_', ('UNTIL', '_', '_', ('||', ('PRED', '!=', '_', '_'), ('PRED', '=', '_', '_')), ('PRED', '<', '_', '_')))",req3482.pkl;req5521.pkl
529,2,req3491.pkl,"('G', '_', '_', ('&&', ('PRED', '=', '_', '_'), ('||', ('F', '_', '_', ('&&', ('PRED', '<', '_', '_'), ('PRED', '>', '_', '_'))), ('PRED', '<=', '_', '_'))))",req3491.pkl;req7197.pkl
530,2,req3542.pkl,"('G', '_', '_', ('||', ('F', '_', '_', ('PRED', '>=', '_', '_')), ('PRED', '<', '_', '_')))",req3542.pkl;req8370.pkl
531,2,req3578.pkl,"('G', '_', '_', ('&&', ('PRED', '<', '_', '_'), ('PRED', '>', '_', '_'), ('||', ('NOT', ('PRED', '<', '_', '_')), ('NOT', ('PRED', '>', '_', '_')))))",req3578.pkl;req5770.pkl
532,2,req3621.pkl,"('G', '_', '_', ('UNTIL', '_', '_', ('||', ('&&', ('PRED', '<=', '_', '_'), ('PRED', '>=', '_', '_')), ('PRED', '!=', '_', '_')), ('PRED', '>=', '_', '_')))",req3621.pkl;req7853.pkl
533,2,req3637.pkl,"('G', '_', '_', ('&&', ('PRED', '=', '_', '_'), ('||', ('NOT', ('PRED', '<=', '_', '_')), ('NOT', ('PRED', '>', '_', '_')))))",req3637.pkl;req8376.pkl
534,2,req3639.pkl,"('G', '_', '_', ('||', ('F', '_', '_', ('&&', ('PRED', '<=', '_', '_'), ('PRED', '>=', '_', '_'))), ('PRED', '>', '_', '_')))",req3639.pkl;req6036.pkl
535,2,req3697.pkl,"('G', '_', '_', ('||', ('G', '_', '_', ('PRED', '=', '_', '_')), ('PRED', '<', '_', '_')))",req3697.pkl;req7256.pkl
536,2,req3717.pkl,"('G', '_', '_', ('||', ('NOT', ('PRED', '<', '_', '_')), ('NOT', ('PRED', '>', '_', '_')), ('PRED', '>=', '_', '_')))",req3717.pkl;req5027.pkl
537,2,req3771.pkl,"('G', '_', '_', ('||', ('&&', ('PRED', '>', '_', '_'), ('||', ('&&', ('PRED', '<', '_', '_'), ('PRED', '>', '_', '_')), ('PRED', '>=', '_', '_'))), ('PRED', '=', '_', '_')))",req3771.pkl;req5815.pkl
538,2,req3799.pkl,"('G', '_', '_', ('&&', ('PRED', '!=', '_', '_'), ('||', ('F', '_', '_', ('G', '_', '_', ('PRED', '>', '_', '_'))), ('PRED', '!=', '_', '_'))))",req3799.pkl;req6527.pkl
539,2,req3841.pkl,"('F', '_', '_', ('||', ('&&', ('PRED', '<=', '_', '_'), ('PRED', '>=', '_', '_')), ('PRED', '<', '_', '_')))",req3841.pkl;req5315.pkl
540,2,req3849.pkl,"('G', '_', '_', ('&&', ('PRED', '<=', '_', '_'), ('PRED', '>=', '_', '_'), ('||', ('NOT', ('PRED', '<', '_', '_')), ('NOT', ('PRED', '>=', '_', '_')))))",req3849.pkl;req7880.pkl
541,2,req3862.pkl,"('F', '_', '_', ('||', ('&&', ('PRED', '<=', '_', '_'), ('PRED', '>', '_', '_')), ('PRED', '>=', '_', '_')))",req3862.pkl;req7909.pkl
542,2,req3880.pkl,"('G', '_', '_', ('&&', ('PRED', '>', '_', '_'), ('||', ('G', '_', '_', ('PRED', '=', '_', '_')), ('PRED', '!=', '_', '_'))))",req3880.pkl;req8745.pkl
543,2,req3898.pkl,"('G', '_', '_', ('&&', ('PRED', '=', '_', '_'), ('||', ('G', '_', '_', ('PRED', '<', '_', '_')), ('PRED', '!=', '_', '_'))))",req3898.pkl;req6110.pkl
544,2,req3914.pkl,"('G', '_', '_', ('||', ('F', '_', '_', ('PRED', '=', '_', '_')), ('PRED', '!=', '_', '_'), ('PRED', '=', '_', '_')))",req3914.pkl;req5009.pkl
545,2,req3987.pkl,"('G', '_', '_', ('||', ('F', '_', '_', ('G', '_', '_', ('PRED', '>=', '_', '_'))), ('PRED', '<=', '_', '_'), ('PRED', '>', '_', '_')))",req3987.pkl;req7748.pkl
546,2,req3997.pkl,"('G', '_', '_', ('&&', ('PRED', '<=', '_', '_'), ('PRED', '>=', '_', '_'), ('||', ('PRED', '=', '_', '_'), ('PRED', '>', '_', '_'))))",req3997.pkl;req8077.pkl
547,2,req4073.pkl,"('G', '_', '_', ('&&', ('PRED', '<', '_', '_'), ('||', ('G', '_', '_', ('PRED', '=', '_', '_')), ('PRED', '!=', '_', '_'))))",req4073.pkl;req5819.pkl
548,2,req4080.pkl,"('G', '_', '_', ('&&', ('PRED', '>=', '_', '_'), ('||', ('NOT', ('PRED', '<=', '_', '_')), ('NOT', ('PRED', '>=', '_', '_')))))",req4080.pkl;req5057.pkl
549,2,req4106.pkl,"('G', '_', '_', ('||', ('F', '_', '_', ('G', '_', '_', ('||', ('NOT', ('PRED', '<', '_', '_')), ('NOT', ('PRED', '>', '_', '_'))))), ('PRED', '!=', '_', '_')))",req4106.pkl;req6357.pkl
550,2,req4229.pkl,"('G', '_', '_', ('&&', ('PRED', '<=', '_', '_'), ('||', ('G', '_', '_', ('PRED', '=', '_', '_')), ('PRED', '<=', '_', '_'))))",req4229.pkl;req4252.pkl
551,2,req4230.pkl,"('G', '_', '_', ('&&', ('PRED', '<', '_', '_'), ('||', ('PRED', '<=', '_', '_'), ('PRED', '>', '_', '_'))))",req4230.pkl;req6477.pkl
552,2,req4256.pkl,"('G', '_', '_', ('||', ('F', '_', '_', ('&&', ('PRED', '<', '_', '_'), ('PRED', '>', '_', '_'))), ('PRED', '<=', '_', '_')))",req4256.pkl;req8665.pkl
553,2,req4331.pkl,"('G', '_', '_', ('||', ('F', '_', '_', ('PRED', '>=', '_', '_')), ('PRED', '!=', '_', '_')))",req4331.pkl;req4952.pkl
554,2,req4513.pkl,"('G', '_', '_', ('||', ('NOT', ('PRED', '<=', '_', '_')), ('NOT', ('PRED', '>=', '_', '_')), ('PRED', '<', '_', '_'), ('PRED', '=', '_', '_')))",req4513.pkl;req6140.pkl
555,2,req4518.pkl,"('G', '_', '_', ('||', ('G', '_', '_', ('F', '_', '_', ('PRED', '=', '_', '_'))), ('G', '_', '_', ('NOT', ('PRED', '>=', '_', '_')))))",req4518.pkl;req5644.pkl
556,2,req4544.pkl,"('G', '_', '_', ('||', ('NOT', ('PRED', '<=', '_', '_')), ('NOT', ('PRED', '>=', '_', '_')), ('PRED', '>=', '_', '_')))",req4544.pkl;req5151.pkl
557,2,req4572.pkl,"('G', '_', '_', ('&&', ('PRED', '<', '_', '_'), ('PRED', '>=', '_', '_'), ('||', ('PRED', '!=', '_', '_'), ('PRED', '=', '_', '_'))))",req4572.pkl;req8101.pkl
558,2,req4577.pkl,"('G', '_', '_', ('||', ('F', '_', '_', ('G', '_', '_', ('PRED', '=', '_', '_'))), ('G', '_', '_', ('NOT', ('NOT', ('PRED', '<', '_', '_'))))))",req4577.pkl;req5379.pkl
559,2,req4613.pkl,"('G', '_', '_', ('&&', ('PRED', '=', '_', '_'), ('PRED', '>', '_', '_'), ('||', ('PRED', '=', '_', '_'), ('PRED', '>', '_', '_'))))",req4613.pkl;req5482.pkl
560,2,req4651.pkl,"('G', '_', '_', ('||', ('G', '_', '_', ('PRED', '<', '_', '_')), ('PRED', '<=', '_', '_')))",req4651.pkl;req7579.pkl
561,2,req4678.pkl,"('G', '_', '_', ('&&', ('PRED', '<=', '_', '_'), ('||', ('PRED', '<', '_', '_'), ('PRED', '=', '_', '_'))))",req4678.pkl;req8628.pkl
562,2,req4684.pkl,"('G', '_', '_', ('||', ('PRED', '<', '_', '_'), ('PRED', '<', '_', '_'), ('PRED', '>=', '_', '_')))",req4684.pkl;req6561.pkl
563,2,req4685.pkl,"('F', '_', '_', ('||', ('&&', ('PRED', '<=', '_', '_'), ('PRED', '>=', '_', '_')), ('NOT', ('PRED', '<=', '_', '_')), ('NOT', ('PRED', '>=', '_', '_'))))",req4685.pkl;req5689.pkl
564,2,req4746.pkl,"('G', '_', '_', ('||', ('G', '_', '_', ('NOT', ('&&', ('PRED', '<=', '_', '_'), ('PRED', '>=', '_', '_')))), ('PRED', '!=', '_', '_')))",req4746.pkl;req5870.pkl
565,2,req4755.pkl,"('G', '_', '_', ('||', ('F', '_', '_', ('PRED', '<', '_', '_')), ('PRED', '<=', '_', '_')))",req4755.pkl;req6279.pkl
566,2,req4762.pkl,"('G', '_', '_', ('||', ('F', '_', '_', ('NOT', ('PRED', '<', '_', '_'))), ('G', '_', '_', ('&&', ('PRED', '<=', '_', '_'), ('PRED', '>=', '_', '_')))))",req4762.pkl;req6132.pkl
567,2,req4846.pkl,"('G', '_', '_', ('||', ('G', '_', '_', ('&&', ('PRED', '<=', '_', '_'), ('PRED', '>', '_', '_'))), ('PRED', '!=', '_', '_')))",req4846.pkl;req7488.pkl
568,2,req4859.pkl,"('G', '_', '_', ('||', ('F', '_', '_', ('G', '_', '_', ('PRED', '>', '_', '_'))), ('F', '_', '_', ('NOT', ('PRED', '=', '_', '_')))))",req4859.pkl;req6013.pkl
569,2,req4956.pkl,"('G', '_', '_', ('&&', ('PRED', '<=', '_', '_'), ('||', ('PRED', '<', '_', '_'), ('PRED', '<', '_', '_'))))",req4956.pkl;req5742.pkl
570,2,req4983.pkl,"('G', '_', '_', ('&&', ('PRED', '<', '_', '_'), ('PRED', '=', '_', '_'), ('||', ('PRED', '!=', '_', '_'), ('PRED', '>', '_', '_'))))",req4983.pkl;req6359.pkl
571,2,req5047.pkl,"('G', '_', '_', ('&&', ('PRED', '>=', '_', '_'), ('||', ('F', '_', '_', ('G', '_', '_', ('PRED', '!=', '_', '_'))), ('PRED', '>', '_', '_'))))",req5047.pkl;req6321.pkl
572,2,req5082.pkl,"('G', '_', '_', ('||', ('NOT', ('PRED', '<=', '_', '_')), ('NOT', ('PRED', '>=', '_', '_')), ('PRED', '=', '_', '_'), ('PRED', '=', '_', '_')))",req5082.pkl;req6114.pkl
573,2,req5154.pkl,"('G', '_', '_', ('&&', ('PRED', '=', '_', '_'), ('||', ('NOT', ('PRED', '<=', '_', '_')), ('NOT', ('PRED', '>=', '_', '_')), ('PRED', '!=', '_', '_'))))",req5154.pkl;req6112.pkl
574,2,req5169.pkl,"('G', '_', '_', ('&&', ('PRED', '<=', '_', '_'), ('PRED', '>=', '_', '_'), ('||', ('PRED', '=', '_', '_'), ('PRED', '=', '_', '_'))))",req5169.pkl;req5258.pkl
575,2,req5223.pkl,"('G', '_', '_', ('||', ('F', '_', '_', ('NOT', ('PRED', '>=', '_', '_'))), ('PRED', '!=', '_', '_')))",req5223.pkl;req7300.pkl
576,2,req5270.pkl,"('G', '_', '_', ('||', ('&&', ('PRED', '<', '_', '_'), ('||', ('NOT', ('PRED', '<', '_', '_')), ('NOT', ('PRED', '>', '_', '_')), ('PRED', '>', '_', '_'))), ('PRED', '=', '_', '_')))",req5270.pkl;req8479.pkl
577,2,req5276.pkl,"('G', '_', '_', ('||', ('F', '_', '_', ('G', '_', '_', ('PRED', '!=', '_', '_'))), ('PRED', '>', '_', '_')))",req5276.pkl;req7158.pkl
578,2,req5293.pkl,"('G', '_', '_', ('||', ('F', '_', '_', ('G', '_', '_', ('PRED', '!=', '_', '_'))), ('PRED', '<', '_', '_')))",req5293.pkl;req7881.pkl
579,2,req5377.pkl,"('G', '_', '_', ('&&', ('PRED', '>=', '_', '_'), ('||', ('F', '_', '_', ('G', '_', '_', ('&&', ('PRED', '<', '_', '_'), ('PRED', '>', '_', '_')))), ('PRED', '>=', '_', '_'))))",req5377.pkl;req7638.pkl
580,2,req5513.pkl,"('G', '_', '_', ('&&', ('PRED', '=', '_', '_'), ('||', ('F', '_', '_', ('G', '_', '_', ('&&', ('PRED', '<', '_', '_'), ('PRED', '>', '_', '_')))), ('PRED', '!=', '_', '_'))))",req5513.pkl;req7213.pkl
581,2,req5519.pkl,"('G', '_', '_', ('&&', ('PRED', '<=', '_', '_'), ('PRED', '=', '_', '_'), ('||', ('PRED', '>', '_', '_'), ('PRED', '>=', '_', '_'))))",req5519.pkl;req7656.pkl
582,2,req5603.pkl,"('G', '_', '_', ('&&', ('PRED', '>=', '_', '_'), ('||', ('PRED', '=', '_', '_'), ('PRED', '>=', '_', '_'))))",req5603.pkl;req5769.pkl
583,2,req5661.pkl,"('G', '_', '_', ('||', ('G', '_', '_', ('PRED', '<', '_', '_')), ('PRED', '<', '_', '_')))",req5661.pkl;req7176.pkl
584,2,req5674.pkl,"('G', '_', '_', ('||', ('F', '_', '_', ('G', '_', '_', ('PRED', '>', '_', '_'))), ('PRED', '<', '_', '_')))",req5674.pkl;req7550.pkl
585,2,req5705.pkl,"('G', '_', '_', ('||', ('G', '_', '_', ('F', '_', '_', ('PRED', '=', '_', '_'))), ('NOT', ('PRED', '<=', '_', '_')), ('NOT', ('PRED', '>=', '_', '_')), ('PRED', '=', '_', '_')))",req5705.pkl;req6793.pkl
586,2,req5752.pkl,"('G', '_', '_', ('&&', ('PRED', '>', '_', '_'), ('||', ('G', '_', '_', ('PRED', '>=', '_', '_')), ('PRED', '>=', '_', '_'))))",req5752.pkl;req8644.pkl
587,2,req5908.pkl,"('G', '_', '_', ('||', ('PRED', '<', '_', '_'), ('PRED', '=', '_', '_'), ('PRED', '>', '_', '_')))",req5908.pkl;req7672.pkl
588,2,req5951.pkl,"('G', '_', '_', ('||', ('G', '_', '_', ('F', '_', '_', ('&&', ('PRED', '<=', '_', '_'), ('PRED', '>=', '_', '_')))), ('PRED', '=', '_', '_')))",req5951.pkl;req7109.pkl
589,2,req5958.pkl,"('G', '_', '_', ('&&', ('PRED', '>', '_', '_'), ('||', ('F', '_', '_', ('G', '_', '_', ('&&', ('PRED', '<=', '_', '_'), ('PRED', '>=', '_', '_')))), ('PRED', '>=', '_', '_'))))",req5958.pkl;req7167.pkl
590,2,req6030.pkl,"('G', '_', '_', ('||', ('&&', ('PRED', '<=', '_', '_'), ('PRED', '>', '_', '_')), ('PRED', '<=', '_', '_')))",req6030.pkl;req7072.pkl
591,2,req6106.pkl,"('G', '_', '_', ('&&', ('PRED', '<=', '_', '_'), ('PRED', '>', '_', '_'), ('||', ('PRED', '>=', '_', '_'), ('PRED', '>=', '_', '_'))))",req6106.pkl;req8722.pkl
592,2,req6158.pkl,"('G', '_', '_', ('&&', ('PRED', '>=', '_', '_'), ('||', ('F', '_', '_', ('PRED', '>', '_', '_')), ('PRED', '>', '_', '_'))))",req6158.pkl;req7877.pkl
593,2,req6168.pkl,"('G', '_', '_', ('||', ('F', '_', '_', ('G', '_', '_', ('&&', ('PRED', '<=', '_', '_'), ('PRED', '>=', '_', '_')))), ('PRED', '>', '_', '_')))",req6168.pkl;req8507.pkl
594,2,req6264.pkl,"('G', '_', '_', ('&&', ('PRED', '>=', '_', '_'), ('||', ('F', '_', '_', ('G', '_', '_', ('&&', ('PRED', '<', '_', '_'), ('PRED', '>', '_', '_')))), ('PRED', '<=', '_', '_'))))",req6264.pkl;req7697.pkl
595,2,req6290.pkl,"('G', '_', '_', ('||', ('PRED', '!=', '_', '_'), ('PRED', '>', '_', '_'), ('PRED', '>', '_', '_')))",req6290.pkl;req8677.pkl
596,2,req6329.pkl,"('G', '_', '_', ('||', ('NOT', ('PRED', '<', '_', '_')), ('NOT', ('PRED', '>', '_', '_')), ('PRED', '>', '_', '_'), ('PRED', '>', '_', '_')))",req6329.pkl;req8067.pkl
597,2,req6422.pkl,"('G', '_', '_', ('&&', ('PRED', '>', '_', '_'), ('||', ('G', '_', '_', ('F', '_', '_', ('&&', ('PRED', '<', '_', '_'), ('PRED', '>', '_', '_')))), ('PRED', '>=', '_', '_'))))",req6422.pkl;req6960.pkl
598,2,req6485.pkl,"('G', '_', '_', ('||', ('F', '_', '_', ('G', '_', '_', ('PRED', '=', '_', '_'))), ('PRED', '=', '_', '_'), ('PRED', '>', '_', '_')))",req6485.pkl;req7127.pkl
599,2,req6503.pkl,"('G', '_', '_', ('&&', ('PRED', '<', '_', '_'), ('||', ('F', '_', '_', ('G', '_', '_', ('PRED', '=', '_', '_'))), ('PRED', '!=', '_', '_'))))",req6503.pkl;req7468.pkl
600,2,req6532.pkl,"('G', '_', '_', ('&&', ('PRED', '=', '_', '_'), ('||', ('G', '_', '_', ('F', '_', '_', ('PRED', '>=', '_', '_'))), ('PRED', '<=', '_', '_'))))",req6532.pkl;req8437.pkl
601,2,req6751.pkl,"('G', '_', '_', ('UNTIL', '_', '_', ('||', ('PRED', '!=', '_', '_'), ('PRED', '=', '_', '_')), ('&&', ('PRED', '<=', '_', '_'), ('PRED', '>=', '_', '_'))))",req6751.pkl;req6942.pkl
602,2,req6897.pkl,"('G', '_', '_', ('&&', ('PRED', '=', '_', '_'), ('||', ('F', '_', '_', ('G', '_', '_', ('PRED', '<=', '_', '_'))), ('PRED', '!=', '_', '_'))))",req6897.pkl;req7469.pkl
603,2,req6974.pkl,"('G', '_', '_', ('||', ('G', '_', '_', ('F', '_', '_', ('PRED', '>', '_', '_'))), ('PRED', '>', '_', '_')))",req6974.pkl;req8352.pkl
604,2,req6984.pkl,"('G', '_', '_', ('&&', ('PRED', '<', '_', '_'), ('||', ('F', '_', '_', ('G', '_', '_', ('PRED', '=', '_', '_'))), ('PRED', '>', '_', '_'))))",req6984.pkl;req8773.pkl
605,2,req7027.pkl,"('G', '_', '_', ('||', ('PRED', '>', '_', '_'), ('PRED', '>', '_', '_'), ('PRED', '>', '_', '_')))",req7027.pkl;req7464.pkl
606,2,req7041.pkl,"('G', '_', '_', ('||', ('&&', ('NOT', ('NOT', ('PRED', '<=', '_', '_'))), ('NOT', ('NOT', ('PRED', '>=', '_', '_')))), ('PRED', '=', '_', '_')))",req7041.pkl;req8657.pkl
607,2,req7203.pkl,"('F', '_', '_', ('||', ('&&', ('PRED', '<', '_', '_'), ('PRED', '>', '_', '_')), ('&&', ('PRED', '<=', '_', '_'), ('PRED', '>', '_', '_'))))",req7203.pkl;req7557.pkl
608,2,req7310.pkl,"('G', '_', '_', ('||', ('G', '_', '_', ('F', '_', '_', ('PRED', '<', '_', '_'))), ('PRED', '<=', '_', '_')))",req7310.pkl;req7884.pkl
609,2,req7343.pkl,"('G', '_', '_', ('&&', ('PRED', '=', '_', '_'), ('||', ('NOT', ('PRED', '<', '_', '_')), ('NOT', ('PRED', '>=', '_', '_')))))",req7343.pkl;req7993.pkl
610,2,req7364.pkl,"('G', '_', '_', ('||', ('G', '_', '_', ('F', '_', '_', ('PRED', '<=', '_', '_'))), ('PRED', '>=', '_', '_')))",req7364.pkl;req8725.pkl
611,2,req7403.pkl,"('G', '_', '_', ('||', ('F', '_', '_', ('PRED', '>=', '_', '_')), ('PRED', '>=', '_', '_')))",req7403.pkl;req8732.pkl
612,2,req7416.pkl,"('F', '_', '_', ('&&', ('PRED', '!=', '_', '_'), ('PRED', '<', '_', '_'), ('PRED', '>', '_', '_')))",req7416.pkl;req7506.pkl
613,2,req7439.pkl,"('G', '_', '_', ('&&', ('PRED', '=', '_', '_'), ('||', ('NOT', ('PRED', '<=', '_', '_')), ('NOT', ('PRED', '>=', '_', '_')), ('PRED', '<', '_', '_'))))",req7439.pkl;req8818.pkl
614,2,req7559.pkl,"('F', '_', '_', ('||', ('&&', ('PRED', '<=', '_', '_'), ('PRED', '>=', '_', '_')), ('PRED', '>=', '_', '_')))",req7559.pkl;req7788.pkl
615,2,req7597.pkl,"('F', '_', '_', ('||', ('&&', ('PRED', '<=', '_', '_'), ('PRED', '>=', '_', '_')), ('NOT', ('PRED', '<', '_', '_')), ('NOT', ('PRED', '>', '_', '_'))))",req7597.pkl;req8463.pkl
616,2,req7654.pkl,"('G', '_', '_', ('&&', ('PRED', '>=', '_', '_'), ('||', ('NOT', ('PRED', '<=', '_', '_')), ('NOT', ('PRED', '>=', '_', '_')), ('PRED', '>', '_', '_'))))",req7654.pkl;req8537.pkl
617,2,req7717.pkl,"('G', '_', '_', ('||', ('G', '_', '_', ('PRED', '<', '_', '_')), ('PRED', '>=', '_', '_')))",req7717.pkl;req8375.pkl
618,2,req7852.pkl,"('G', '_', '_', ('&&', ('PRED', '>=', '_', '_'), ('||', ('PRED', '!=', '_', '_'), ('PRED', '<', '_', '_'))))",req7852.pkl;req8751.pkl
619,2,req8481.pkl,"('G', '_', '_', ('||', ('F', '_', '_', ('G', '_', '_', ('&&', ('PRED', '<', '_', '_'), ('PRED', '>', '_', '_')))), ('PRED', '<', '_', '_')))",req8481.pkl;req8802.pkl
620,2,req8829.pkl,"('G', '_', '_', ('&&', ('PRED', '>', '_', '_'), ('||', ('F', '_', '_', ('G', '_', '_', ('PRED', '>', '_', '_'))), ('PRED', '>', '_', '_'))))",req8829.pkl;req8865.pkl
621,2,req8868.pkl,"('G', '_', '_', ('||', ('G', '_', '_', ('F', '_', '_', ('VAR', '_'))), ('NOT', ('VAR', '_'))))",req8868.pkl;req8887.pkl
622,1,req6.pkl,"('G', '_', '_', ('||', ('G', '_', '_', ('NOT', ('PRED', '=', '_', '_'))), ('G', '_', '_', ('PRED', '>', '_', '_'))))",req6.pkl
623,1,req12.pkl,"('G', '_', '_', ('&&', ('PRED', '>', '_', '_'), ('||', ('F', '_', '_', ('PRED', '<', '_', '_')), ('NOT', ('PRED', '<', '_', '_')), ('NOT', ('PRED', '>', '_', '_')))))",req12.pkl
624,1,req18.pkl,"('G', '_', '_', ('&&', ('PRED', '>=', '_', '_'), ('||', ('F', '_', '_', ('G', '_', '_', ('PRED', '<', '_', '_'))), ('NOT', ('PRED', '<=', '_', '_')), ('NOT', ('PRED', '>=', '_', '_')))))",req18.pkl
625,1,req34.pkl,"('G', '_', '_', ('||', ('NOT', ('UNTIL', '_', '_', ('PRED', '>', '_', '_'), ('PRED', '=', '_', '_'))), ('PRED', '>', '_', '_')))",req34.pkl
626,1,req75.pkl,"('G', '_', '_', ('||', ('&&', ('PRED', '<=', '_', '_'), ('PRED', '>=', '_', '_')), ('G', '_', '_', ('F', '_', '_', ('||', ('NOT', ('PRED', '<', '_', '_')), ('NOT', ('PRED', '>', '_', '_'))))), ('NOT', ('PRED', '<=', '_', '_')), ('NOT', ('PRED', '>=', '_', '_'))))",req75.pkl
627,1,req77.pkl,"('G', '_', '_', ('&&', ('PRED', '<', '_', '_'), ('||', ('F', '_', '_', ('G', '_', '_', ('&&', ('PRED', '<', '_', '_'), ('PRED', '>', '_', '_')))), ('NOT', ('PRED', '<=', '_', '_')), ('NOT', ('PRED', '>=', '_', '_')))))",req77.pkl
628,1,req86.pkl,"('G', '_', '_', ('||', ('F', '_', '_', ('NOT', ('&&', ('PRED', '<=', '_', '_'), ('PRED', '>=', '_', '_')))), ('NOT', ('PRED', '<=', '_', '_')), ('NOT', ('PRED', '>=', '_', '_')), ('PRED', '=', '_', '_')))",req86.pkl
629,1,req90.pkl,"('G', '_', '_', ('&&', ('PRED', '<=', '_', '_'), ('||', ('G', '_', '_', ('&&', ('PRED', '<=', '_', '_'), ('PRED', '>', '_', '_'))), ('NOT', ('PRED', '<=', '_', '_')), ('NOT', ('PRED', '>=', '_', '_')))))",req90.pkl
630,1,req100.pkl,"('G', '_', '_', ('UNTIL', '_', '_', ('||', ('&&', ('PRED', '<=', '_', '_'), ('PRED', '>=', '_', '_')), ('G', '_', '_', ('NOT', ('&&', ('PRED', '<', '_', '_'), ('PRED', '>', '_', '_'))))), ('PRED', '=', '_', '_')))",req100.pkl
631,1,req109.pkl,"('G', '_', '_', ('UNTIL', '_', '_', ('PRED', '=', '_', '_'), ('||', ('G', '_', '_', ('PRED', '>=', '_', '_')), ('PRED', '>', '_', '_'))))",req109.pkl
632,1,req116.pkl,"('G', '_', '_', ('&&', ('PRED', '>', '_', '_'), ('||', ('F', '_', '_', ('PRED', '<=', '_', '_')), ('NOT', ('PRED', '<=', '_', '_')), ('NOT', ('PRED', '>=', '_', '_')))))",req116.pkl
633,1,req122.pkl,"('G', '_', '_', ('||', ('&&', ('PRED', '<', '_', '_'), ('PRED', '>', '_', '_')), ('NOT', ('PRED', '<', '_', '_')), ('NOT', ('PRED', '>', '_', '_')), ('PRED', '=', '_', '_')))",req122.pkl
634,1,req132.pkl,"('G', '_', '_', ('&&', ('PRED', '>', '_', '_'), ('||', ('G', '_', '_', ('NOT', ('&&', ('PRED', '<', '_', '_'), ('PRED', '>', '_', '_')))), ('PRED', '>=', '_', '_'))))",req132.pkl
635,1,req140.pkl,"('G', '_', '_', ('&&', ('PRED', '<', '_', '_'), ('PRED', '<=', '_', '_'), ('||', ('PRED', '<', '_', '_'), ('PRED', '>', '_', '_'))))",req140.pkl
636,1,req147.pkl,"('G', '_', '_', ('&&', ('PRED', '>=', '_', '_'), ('||', ('G', '_', '_', ('PRED', '=', '_', '_')), ('PRED', '>=', '_', '_'))))",req147.pkl
637,1,req151.pkl,"('G', '_', '_', ('||', ('NOT', ('PRED', '<', '_', '_')), ('NOT', ('PRED', '>', '_', '_')), ('PRED', '<', '_', '_'), ('PRED', '>', '_', '_')))",req151.pkl
638,1,req166.pkl,"('G', '_', '_', ('&&', ('PRED', '<', '_', '_'), ('||', ('G', '_', '_', ('PRED', '>=', '_', '_')), ('PRED', '!=', '_', '_'))))",req166.pkl
639,1,req170.pkl,"('G', '_', '_', ('&&', ('||', ('&&', ('NOT', ('NOT', ('PRED', '<', '_', '_'))), ('NOT', ('NOT', ('PRED', '>', '_', '_')))), ('G', '_', '_', ('PRED', '<', '_', '_'))), ('||', ('NOT', ('PRED', '<=', '_', '_')), ('NOT', ('PRED', '>=', '_', '_')))))",req170.pkl
640,1,req175.pkl,"('G', '_', '_', ('||', ('F', '_', '_', ('G', '_', '_', ('PRED', '>=', '_', '_'))), ('PRED', '<', '_', '_'), ('PRED', '=', '_', '_')))",req175.pkl
641,1,req183.pkl,"('G', '_', '_', ('UNTIL', '_', '_', ('||', ('F', '_', '_', ('NOT', ('PRED', '=', '_', '_'))), ('PRED', '=', '_', '_')), ('PRED', '=', '_', '_')))",req183.pkl
642,1,req185.pkl,"('G', '_', '_', ('&&', ('PRED', '<=', '_', '_'), ('PRED', '>=', '_', '_'), ('||', ('G', '_', '_', ('PRED', '<=', '_', '_')), ('PRED', '<=', '_', '_'))))",req185.pkl
643,1,req190.pkl,"('G', '_', '_', ('&&', ('PRED', '<', '_', '_'), ('||', ('F', '_', '_', ('&&', ('PRED', '<', '_', '_'), ('PRED', '>', '_', '_'))), ('PRED', '<', '_', '_'))))",req190.pkl
644,1,req201.pkl,"('G', '_', '_', ('||', ('G', '_', '_', ('PRED', '=', '_', '_')), ('NOT', ('PRED', '<=', '_', '_')), ('NOT', ('PRED', '>=', '_', '_')), ('PRED', '>=', '_', '_')))",req201.pkl
645,1,req203.pkl,"('G', '_', '_', ('UNTIL', '_', '_', ('||', ('PRED', '!=', '_', '_'), ('PRED', '>=', '_', '_')), ('PRED', '<', '_', '_')))",req203.pkl
646,1,req223.pkl,"('G', '_', '_', ('UNTIL', '_', '_', ('&&', ('PRED', '=', '_', '_'), ('||', ('PRED', '=', '_', '_'), ('PRED', '>', '_', '_'))), ('&&', ('PRED', '<', '_', '_'), ('PRED', '>', '_', '_'))))",req223.pkl
647,1,req227.pkl,"('G', '_', '_', ('&&', ('PRED', '>', '_', '_'), ('||', ('F', '_', '_', ('&&', ('PRED', '<=', '_', '_'), ('PRED', '>', '_', '_'))), ('PRED', '>=', '_', '_'))))",req227.pkl
648,1,req232.pkl,"('G', '_', '_', ('||', ('&&', ('NOT', ('NOT', ('PRED', '<=', '_', '_'))), ('NOT', ('NOT', ('PRED', '>=', '_', '_')))), ('PRED', '=', '_', '_'), ('PRED', '>=', '_', '_')))",req232.pkl
649,1,req233.pkl,"('G', '_', '_', ('&&', ('PRED', '=', '_', '_'), ('||', ('G', '_', '_', ('F', '_', '_', ('&&', ('PRED', '<', '_', '_'), ('PRED', '>', '_', '_')))), ('PRED', '<=', '_', '_'))))",req233.pkl
650,1,req240.pkl,"('G', '_', '_', ('&&', ('PRED', '>=', '_', '_'), ('||', ('F', '_', '_', ('NOT', ('PRED', '=', '_', '_'))), ('PRED', '<=', '_', '_'))))",req240.pkl
651,1,req244.pkl,"('G', '_', '_', ('UNTIL', '_', '_', ('||', ('PRED', '=', '_', '_'), ('PRED', '>', '_', '_')), ('PRED', '=', '_', '_')))",req244.pkl
652,1,req251.pkl,"('G', '_', '_', ('&&', ('PRED', '<', '_', '_'), ('PRED', '>', '_', '_'), ('||', ('F', '_', '_', ('PRED', '=', '_', '_')), ('NOT', ('PRED', '<=', '_', '_')), ('NOT', ('PRED', '>=', '_', '_')))))",req251.pkl
653,1,req260.pkl,"('G', '_', '_', ('&&', ('PRED', '<', '_', '_'), ('PRED', '>', '_', '_'), ('||', ('F', '_', '_', ('PRED', '=', '_', '_')), ('PRED', '!=', '_', '_'))))",req260.pkl
654,1,req264.pkl,"('G', '_', '_', ('||', ('&&', ('NOT', ('NOT', ('PRED', '<', '_', '_'))), ('NOT', ('NOT', ('PRED', '>', '_', '_')))), ('F', '_', '_', ('G', '_', '_', ('&&', ('PRED', '<=', '_', '_'), ('PRED', '>=', '_', '_'))))))",req264.pkl
655,1,req269.pkl,"('G', '_', '_', ('||', ('PRED', '!=', '_', '_'), ('PRED', '<', '_', '_'), ('PRED', '<', '_', '_')))",req269.pkl
656,1,req278.pkl,"('G', '_', '_', ('&&', ('PRED', '=', '_', '_'), ('||', ('F', '_', '_', ('NOT', ('PRED', '=', '_', '_'))), ('PRED', '<=', '_', '_'))))",req278.pkl
657,1,req283.pkl,"('G', '_', '_', ('||', ('F', '_', '_', ('G', '_', '_', ('PRED', '<', '_', '_'))), ('F', '_', '_', ('NOT', ('NOT', ('PRED', '!=', '_', '_'))))))",req283.pkl
658,1,req286.pkl,"('G', '_', '_', ('&&', ('PRED', '=', '_', '_'), ('||', ('G', '_', '_', ('F', '_', '_', ('&&', ('PRED', '<', '_', '_'), ('PRED', '>', '_', '_')))), ('PRED', '>', '_', '_'))))",req286.pkl
659,1,req300.pkl,"('F', '_', '_', ('&&', ('PRED', '>', '_', '_'), ('||', ('NOT', ('PRED', '<=', '_', '_')), ('NOT', ('PRED', '>=', '_', '_')))))",req300.pkl
660,1,req313.pkl,"('G', '_', '_', ('||', ('F', '_', '_', ('NOT', ('PRED', '=', '_', '_'))), ('PRED', '<=', '_', '_'), ('PRED', '>', '_', '_')))",req313.pkl
661,1,req315.pkl,"('G', '_', '_', ('UNTIL', '_', '_', ('||', ('PRED', '=', '_', '_'), ('PRED', '>=', '_', '_')), ('&&', ('PRED', '<', '_', '_'), ('PRED', '>', '_', '_'))))",req315.pkl
662,1,req320.pkl,"('G', '_', '_', ('||', ('F', '_', '_', ('G', '_', '_', ('PRED', '>=', '_', '_'))), ('F', '_', '_', ('NOT', ('||', ('NOT', ('PRED', '<', '_', '_')), ('NOT', ('PRED', '>=', '_', '_')))))))",req320.pkl
663,1,req322.pkl,"('G', '_', '_', ('||', ('&&', ('PRED', '>=', '_', '_'), ('||', ('PRED', '=', '_', '_'), ('PRED', '>=', '_', '_'))), ('PRED', '>', '_', '_')))",req322.pkl
664,1,req335.pkl,"('G', '_', '_', ('&&', ('PRED', '=', '_', '_'), ('||', ('&&', ('NOT', ('NOT', ('PRED', '<', '_', '_'))), ('NOT', ('NOT', ('PRED', '>', '_', '_')))), ('PRED', '>', '_', '_'))))",req335.pkl
665,1,req346.pkl,"('G', '_', '_', ('UNTIL', '_', '_', ('||', ('&&', ('PRED', '<=', '_', '_'), ('PRED', '>=', '_', '_')), ('PRED', '!=', '_', '_')), ('&&', ('PRED', '<', '_', '_'), ('PRED', '>', '_', '_'))))",req346.pkl
666,1,req358.pkl,"('G', '_', '_', ('&&', ('PRED', '<', '_', '_'), ('PRED', '>', '_', '_'), ('PRED', '>=', '_', '_'), ('||', ('PRED', '!=', '_', '_'), ('PRED', '<', '_', '_'))))",req358.pkl
667,1,req361.pkl,"('G', '_', '_', ('||', ('G', '_', '_', ('F', '_', '_', ('PRED', '=', '_', '_'))), ('PRED', '!=', '_', '_'), ('PRED', '>', '_', '_')))",req361.pkl
668,1,req369.pkl,"('F', '_', '_', ('||', ('&&', ('PRED', '<', '_', '_'), ('PRED', '>=', '_', '_')), ('&&', ('PRED', '<=', '_', '_'), ('PRED', '>=', '_', '_'))))",req369.pkl
669,1,req372.pkl,"('G', '_', '_', ('&&', ('PRED', '<', '_', '_'), ('||', ('F', '_', '_', ('G', '_', '_', ('PRED', '=', '_', '_'))), ('PRED', '>=', '_', '_'))))",req372.pkl
670,1,req383.pkl,"('F', '_', '_', ('||', ('PRED', '!=', '_', '_'), ('PRED', '!=', '_', '_')))",req383.pkl
671,1,req388.pkl,"('G', '_', '_', ('&&', ('PRED', '<=', '_', '_'), ('PRED', '=', '_', '_'), ('||', ('&&', ('NOT', ('NOT', ('PRED', '<=', '_', '_'))), ('NOT', ('NOT', ('PRED', '>=', '_', '_')))), ('PRED', '!=', '_', '_'))))",req388.pkl
672,1,req397.pkl,"('G', '_', '_', ('||', ('&&', ('NOT', ('NOT', ('PRED', '<', '_', '_'))), ('NOT', ('NOT', ('PRED', '>', '_', '_')))), ('G', '_', '_', ('PRED', '<', '_', '_'))))",req397.pkl
673,1,req403.pkl,"('G', '_', '_', ('&&', ('PRED', '>=', '_', '_'), ('||', ('G', '_', '_', ('&&', ('PRED', '<=', '_', '_'), ('PRED', '>', '_', '_'))), ('PRED', '!=', '_', '_'))))",req403.pkl
674,1,req404.pkl,"('G', '_', '_', ('&&', ('PRED', '<=', '_', '_'), ('PRED', '>', '_', '_'), ('PRED', '>=', '_', '_'), ('||', ('PRED', '!=', '_', '_'), ('PRED', '=', '_', '_'))))",req404.pkl
675,1,req407.pkl,"('G', '_', '_', ('||', ('G', '_', '_', ('F', '_', '_', ('PRED', '>', '_', '_'))), ('PRED', '<=', '_', '_'), ('PRED', '=', '_', '_')))",req407.pkl
676,1,req408.pkl,"('G', '_', '_', ('&&', ('PRED', '<=', '_', '_'), ('PRED', '=', '_', '_'), ('||', ('PRED', '>', '_', '_'), ('PRED', '>', '_', '_'))))",req408.pkl
677,1,req409.pkl,"('G', '_', '_', ('||', ('G', '_', '_', ('F', '_', '_', ('PRED', '<', '_', '_'))), ('PRED', '>=', '_', '_'), ('PRED', '>=', '_', '_')))",req409.pkl
678,1,req419.pkl,"('G', '_', '_', ('||', ('G', '_', '_', ('F', '_', '_', ('PRED', '<', '_', '_'))), ('PRED', '>=', '_', '_')))",req419.pkl
679,1,req444.pkl,"('G', '_', '_', ('||', ('&&', ('PRED', '<', '_', '_'), ('PRED', '>=', '_', '_')), ('F', '_', '_', ('G', '_', '_', ('&&', ('PRED', '<', '_', '_'), ('PRED', '>', '_', '_')))), ('PRED', '>', '_', '_')))",req444.pkl
680,1,req447.pkl,"('F', '_', '_', ('||', ('&&', ('PRED', '<', '_', '_'), ('PRED', '>', '_', '_')), ('NOT', ('PRED', '<=', '_', '_')), ('NOT', ('PRED', '>', '_', '_'))))",req447.pkl
681,1,req466.pkl,"('G', '_', '_', ('&&', ('PRED', '<', '_', '_'), ('||', ('&&', ('NOT', ('NOT', ('PRED', '<', '_', '_'))), ('NOT', ('NOT', ('PRED', '>', '_', '_')))), ('PRED', '>', '_', '_'))))",req466.pkl
682,1,req467.pkl,"('G', '_', '_', ('||', ('F', '_', '_', ('G', '_', '_', ('&&', ('PRED', '<=', '_', '_'), ('PRED', '>=', '_', '_')))), ('G', '_', '_', ('NOT', ('PRED', '<=', '_', '_')))))",req467.pkl
683,1,req474.pkl,"('G', '_', '_', ('||', ('PRED', '<', '_', '_'), ('PRED', '>', '_', '_'), ('PRED', '>=', '_', '_')))",req474.pkl
684,1,req481.pkl,"('G', '_', '_', ('&&', ('PRED', '<', '_', '_'), ('||', ('G', '_', '_', ('PRED', '!=', '_', '_')), ('PRED', '<', '_', '_'))))",req481.pkl
685,1,req482.pkl,"('G', '_', '_', ('&&', ('PRED', '<=', '_', '_'), ('PRED', '>=', '_', '_'), ('||', ('G', '_', '_', ('F', '_', '_', ('PRED', '!=', '_', '_'))), ('PRED', '<', '_', '_'))))",req482.pkl
686,1,req488.pkl,"('G', '_', '_', ('&&', ('PRED', '<=', '_', '_'), ('||', ('NOT', ('PRED', '<', '_', '_')), ('NOT', ('PRED', '>=', '_', '_')))))",req488.pkl
687,1,req498.pkl,"('G', '_', '_', ('&&', ('PRED', '!=', '_', '_'), ('PRED', '<', '_', '_'), ('||', ('PRED', '!=', '_', '_'), ('PRED', '=', '_', '_'))))",req498.pkl
688,1,req505.pkl,"('G', '_', '_', ('&&', ('PRED', '<=', '_', '_'), ('PRED', '>=', '_', '_'), ('||', ('G', '_', '_', ('PRED', '=', '_', '_')), ('PRED', '<=', '_', '_'))))",req505.pkl
689,1,req512.pkl,"('G', '_', '_', ('||', ('&&', ('PRED', '<=', '_', '_'), ('||', ('PRED', '<', '_', '_'), ('PRED', '>=', '_', '_'))), ('PRED', '>', '_', '_')))",req512.pkl
690,1,req516.pkl,"('G', '_', '_', ('UNTIL', '_', '_', ('||', ('&&', ('NOT', ('NOT', ('PRED', '<', '_', '_'))), ('NOT', ('NOT', ('PRED', '>=', '_', '_')))), ('PRED', '=', '_', '_')), ('||', ('NOT', ('PRED', '<', '_', '_')), ('NOT', ('PRED', '>', '_', '_')))))",req516.pkl
691,1,req520.pkl,"('G', '_', '_', ('UNTIL', '_', '_', ('||', ('&&', ('PRED', '<=', '_', '_'), ('PRED', '>=', '_', '_')), ('PRED', '<', '_', '_')), ('PRED', '>', '_', '_')))",req520.pkl
692,1,req524.pkl,"('G', '_', '_', ('||', ('NOT', ('PRED', '<', '_', '_')), ('NOT', ('PRED', '>', '_', '_')), ('PRED', '<', '_', '_'), ('PRED', '>=', '_', '_')))",req524.pkl
693,1,req532.pkl,"('G', '_', '_', ('||', ('F', '_', '_', ('G', '_', '_', ('PRED', '<', '_', '_'))), ('NOT', ('PRED', '<=', '_', '_')), ('NOT', ('PRED', '>=', '_', '_')), ('PRED', '=', '_', '_')))",req532.pkl
694,1,req544.pkl,"('G', '_', '_', ('UNTIL', '_', '_', ('||', ('&&', ('NOT', ('NOT', ('PRED', '<', '_', '_'))), ('NOT', ('NOT', ('PRED', '>', '_', '_')))), ('&&', ('PRED', '<=', '_', '_'), ('PRED', '>=', '_', '_')), ('PRED', '>', '_', '_')), ('PRED', '<', '_', '_')))",req544.pkl
695,1,req547.pkl,"('G', '_', '_', ('&&', ('PRED', '<', '_', '_'), ('||', ('F', '_', '_', ('PRED', '=', '_', '_')), ('NOT', ('PRED', '<', '_', '_')), ('NOT', ('PRED', '>', '_', '_')))))",req547.pkl
696,1,req552.pkl,"('G', '_', '_', ('||', ('F', '_', '_', ('G', '_', '_', ('PRED', '>=', '_', '_'))), ('PRED', '!=', '_', '_'), ('PRED', '<=', '_', '_')))",req552.pkl
697,1,req559.pkl,"('G', '_', '_', ('||', ('G', '_', '_', ('F', '_', '_', ('PRED', '=', '_', '_'))), ('NOT', ('PRED', '<=', '_', '_')), ('NOT', ('PRED', '>=', '_', '_')), ('PRED', '<=', '_', '_')))",req559.pkl
698,1,req562.pkl,"('G', '_', '_', ('||', ('G', '_', '_', ('F', '_', '_', ('PRED', '>=', '_', '_'))), ('G', '_', '_', ('NOT', ('NOT', ('PRED', '>', '_', '_'))))))",req562.pkl
699,1,req564.pkl,"('G', '_', '_', ('&&', ('PRED', '<=', '_', '_'), ('PRED', '>', '_', '_'), ('||', ('F', '_', '_', ('&&', ('PRED', '<', '_', '_'), ('PRED', '>', '_', '_'))), ('NOT', ('PRED', '<', '_', '_')), ('NOT', ('PRED', '>', '_', '_')))))",req564.pkl
700,1,req572.pkl,"('G', '_', '_', ('||', ('G', '_', '_', ('F', '_', '_', ('PRED', '>', '_', '_'))), ('PRED', '<=', '_', '_'), ('PRED', '>', '_', '_')))",req572.pkl
701,1,req575.pkl,"('G', '_', '_', ('&&', ('PRED', '>', '_', '_'), ('||', ('G', '_', '_', ('F', '_', '_', ('&&', ('PRED', '<=', '_', '_'), ('PRED', '>=', '_', '_')))), ('PRED', '!=', '_', '_'))))",req575.pkl
702,1,req586.pkl,"('G', '_', '_', ('||', ('G', '_', '_', ('PRED', '<=', '_', '_')), ('NOT', ('PRED', '<=', '_', '_')), ('NOT', ('PRED', '>=', '_', '_')), ('PRED', '<', '_', '_')))",req586.pkl
703,1,req590.pkl,"('G', '_', '_', ('||', ('G', '_', '_', ('&&', ('PRED', '<', '_', '_'), ('PRED', '>', '_', '_'))), ('PRED', '>', '_', '_')))",req590.pkl
704,1,req598.pkl,"('G', '_', '_', ('&&', ('PRED', '>=', '_', '_'), ('||', ('F', '_', '_', ('G', '_', '_', ('&&', ('PRED', '<', '_', '_'), ('PRED', '>', '_', '_')))), ('PRED', '!=', '_', '_'))))",req598.pkl
705,1,req599.pkl,"('G', '_', '_', ('UNTIL', '_', '_', ('&&', ('PRED', '<', '_', '_'), ('PRED', '>', '_', '_')), ('||', ('G', '_', '_', ('F', '_', '_', ('PRED', '=', '_', '_'))), ('PRED', '<=', '_', '_'))))",req599.pkl
706,1,req602.pkl,"('G', '_', '_', ('&&', ('PRED', '>', '_', '_'), ('||', ('G', '_', '_', ('PRED', '<', '_', '_')), ('NOT', ('PRED', '<', '_', '_')), ('NOT', ('PRED', '>', '_', '_')))))",req602.pkl
707,1,req611.pkl,"('G', '_', '_', ('||', ('F', '_', '_', ('G', '_', '_', ('PRED', '>=', '_', '_'))), ('PRED', '=', '_', '_'), ('PRED', '=', '_', '_')))",req611.pkl
708,1,req623.pkl,"('G', '_', '_', ('UNTIL', '_', '_', ('||', ('G', '_', '_', ('NOT', ('PRED', '>=', '_', '_'))), ('PRED', '=', '_', '_')), ('PRED', '>=', '_', '_')))",req623.pkl
709,1,req630.pkl,"('G', '_', '_', ('||', ('G', '_', '_', ('&&', ('PRED', '<', '_', '_'), ('PRED', '>=', '_', '_'))), ('PRED', '!=', '_', '_')))",req630.pkl
710,1,req632.pkl,"('G', '_', '_', ('&&', ('PRED', '<', '_', '_'), ('PRED', '>', '_', '_'), ('||', ('F', '_', '_', ('&&', ('PRED', '<', '_', '_'), ('PRED', '>', '_', '_'))), ('PRED', '!=', '_', '_'))))",req632.pkl
711,1,req636.pkl,"('G', '_', '_', ('||', ('G', '_', '_', ('F', '_', '_', ('PRED', '>', '_', '_'))), ('PRED', '<=', '_', '_')))",req636.pkl
712,1,req641.pkl,"('G', '_', '_', ('||', ('F', '_', '_', ('NOT', ('&&', ('PRED', '<', '_', '_'), ('PRED', '>', '_', '_')))), ('G', '_', '_', ('PRED', '<', '_', '_'))))",req641.pkl
713,1,req650.pkl,"('G', '_', '_', ('&&', ('PRED', '>', '_', '_'), ('||', ('F', '_', '_', ('PRED', '<', '_', '_')), ('PRED', '!=', '_', '_'))))",req650.pkl
714,1,req652.pkl,"('G', '_', '_', ('||', ('G', '_', '_', ('F', '_', '_', ('PRED', '=', '_', '_'))), ('PRED', '>=', '_', '_'), ('PRED', '>=', '_', '_')))",req652.pkl
715,1,req661.pkl,"('G', '_', '_', ('UNTIL', '_', '_', ('PRED', '>=', '_', '_'), ('||', ('F', '_', '_', ('G', '_', '_', ('PRED', '<', '_', '_'))), ('PRED', '!=', '_', '_'))))",req661.pkl
716,1,req670.pkl,"('G', '_', '_', ('&&', ('PRED', '<', '_', '_'), ('||', ('G', '_', '_', ('F', '_', '_', ('PRED', '<', '_', '_'))), ('PRED', '<', '_', '_'))))",req670.pkl
717,1,req671.pkl,"('G', '_', '_', ('||', ('F', '_', '_', ('G', '_', '_', ('PRED', '>', '_', '_'))), ('NOT', ('PRED', '<', '_', '_')), ('NOT', ('PRED', '<=', '_', '_')), ('NOT', ('PRED', '>', '_', '_')), ('NOT', ('PRED', '>', '_', '_'))))",req671.pkl
718,1,req673.pkl,"('G', '_', '_', ('||', ('&&', ('PRED', '<=', '_', '_'), ('PRED', '>=', '_', '_')), ('G', '_', '_', ('PRED', '>', '_', '_')), ('NOT', ('PRED', '<', '_', '_')), ('NOT', ('PRED', '>', '_', '_'))))",req673.pkl
719,1,req674.pkl,"('G', '_', '_', ('||', ('G', '_', '_', ('F', '_', '_', ('PRED', '>=', '_', '_'))), ('NOT', ('PRED', '<', '_', '_')), ('NOT', ('PRED', '>', '_', '_')), ('PRED', '<', '_', '_')))",req674.pkl
720,1,req688.pkl,"('G', '_', '_', ('||', ('F', '_', '_', ('PRED', '=', '_', '_')), ('NOT', ('PRED', '<', '_', '_')), ('NOT', ('PRED', '>', '_', '_')), ('PRED', '>=', '_', '_')))",req688.pkl
721,1,req691.pkl,"('G', '_', '_', ('||', ('F', '_', '_', ('G', '_', '_', ('PRED', '>=', '_', '_'))), ('G', '_', '_', ('NOT', ('PRED', '=', '_', '_')))))",req691.pkl
722,1,req702.pkl,"('G', '_', '_', ('&&', ('PRED', '>=', '_', '_'), ('||', ('G', '_', '_', ('&&', ('PRED', '<=', '_', '_'), ('PRED', '>=', '_', '_'))), ('PRED', '!=', '_', '_'))))",req702.pkl
723,1,req710.pkl,"('G', '_', '_', ('&&', ('PRED', '<=', '_', '_'), ('PRED', '>=', '_', '_'), ('||', ('PRED', '<=', '_', '_'), ('PRED', '>', '_', '_'))))",req710.pkl
724,1,req711.pkl,"('G', '_', '_', ('||', ('F', '_', '_', ('PRED', '<=', '_', '_')), ('PRED', '<', '_', '_'), ('PRED', '=', '_', '_')))",req711.pkl
725,1,req725.pkl,"('G', '_', '_', ('UNTIL', '_', '_', ('||', ('PRED', '!=', '_', '_'), ('PRED', '>=', '_', '_')), ('&&', ('PRED', '<', '_', '_'), ('PRED', '>', '_', '_'))))",req725.pkl
726,1,req731.pkl,"('G', '_', '_', ('||', ('G', '_', '_', ('F', '_', '_', ('&&', ('PRED', '<', '_', '_'), ('PRED', '>', '_', '_')))), ('PRED', '=', '_', '_')))",req731.pkl
727,1,req736.pkl,"('G', '_', '_', ('||', ('&&', ('PRED', '<=', '_', '_'), ('PRED', '>=', '_', '_'), ('||', ('PRED', '<', '_', '_'), ('PRED', '>', '_', '_'))), ('PRED', '<=', '_', '_')))",req736.pkl
728,1,req740.pkl,"('G', '_', '_', ('||', ('G', '_', '_', ('F', '_', '_', ('PRED', '=', '_', '_'))), ('NOT', ('PRED', '<=', '_', '_')), ('NOT', ('PRED', '>=', '_', '_')), ('PRED', '<', '_', '_')))",req740.pkl
729,1,req747.pkl,"('G', '_', '_', ('||', ('F', '_', '_', ('G', '_', '_', ('||', ('NOT', ('PRED', '<', '_', '_')), ('NOT', ('PRED', '>', '_', '_'))))), ('PRED', '<', '_', '_')))",req747.pkl
730,1,req752.pkl,"('G', '_', '_', ('||', ('F', '_', '_', ('G', '_', '_', ('PRED', '>=', '_', '_'))), ('PRED', '!=', '_', '_'), ('PRED', '=', '_', '_')))",req752.pkl
731,1,req754.pkl,"('G', '_', '_', ('UNTIL', '_', '_', ('||', ('&&', ('NOT', ('NOT', ('PRED', '<=', '_', '_'))), ('NOT', ('NOT', ('PRED', '>', '_', '_')))), ('PRED', '>', '_', '_')), ('PRED', '<=', '_', '_')))",req754.pkl
732,1,req755.pkl,"('G', '_', '_', ('UNTIL', '_', '_', ('PRED', '>', '_', '_'), ('||', ('&&', ('NOT', ('NOT', ('PRED', '<', '_', '_'))), ('NOT', ('NOT', ('PRED', '>=', '_', '_')))), ('F', '_', '_', ('G', '_', '_', ('PRED', '=', '_', '_'))))))",req755.pkl
733,1,req756.pkl,"('G', '_', '_', ('&&', ('PRED', '=', '_', '_'), ('||', ('F', '_', '_', ('PRED', '<', '_', '_')), ('NOT', ('PRED', '<', '_', '_')), ('NOT', ('PRED', '>=', '_', '_')))))",req756.pkl
734,1,req758.pkl,"('G', '_', '_', ('&&', ('PRED', '<', '_', '_'), ('||', ('G', '_', '_', ('PRED', '=', '_', '_')), ('PRED', '>', '_', '_'))))",req758.pkl
735,1,req759.pkl,"('G', '_', '_', ('||', ('G', '_', '_', ('F', '_', '_', ('PRED', '>=', '_', '_'))), ('PRED', '<', '_', '_'), ('PRED', '=', '_', '_')))",req759.pkl
736,1,req775.pkl,"('G', '_', '_', ('&&', ('||', ('F', '_', '_', ('&&', ('PRED', '<', '_', '_'), ('PRED', '>', '_', '_'))), ('PRED', '!=', '_', '_')), ('||', ('NOT', ('PRED', '<=', '_', '_')), ('NOT', ('PRED', '>=', '_', '_')))))",req775.pkl
737,1,req786.pkl,"('F', '_', '_', ('&&', ('PRED', '<=', '_', '_'), ('||', ('NOT', ('PRED', '<=', '_', '_')), ('NOT', ('PRED', '>', '_', '_')))))",req786.pkl
738,1,req787.pkl,"('G', '_', '_', ('&&', ('PRED', '<=', '_', '_'), ('||', ('F', '_', '_', ('NOT', ('PRED', '=', '_', '_'))), ('PRED', '<=', '_', '_'))))",req787.pkl
739,1,req794.pkl,"('G', '_', '_', ('||', ('F', '_', '_', ('G', '_', '_', ('PRED', '>', '_', '_'))), ('NOT', ('PRED', '<=', '_', '_')), ('NOT', ('PRED', '>=', '_', '_')), ('PRED', '<=', '_', '_')))",req794.pkl
740,1,req813.pkl,"('G', '_', '_', ('&&', ('PRED', '<=', '_', '_'), ('||', ('F', '_', '_', ('G', '_', '_', ('&&', ('PRED', '<=', '_', '_'), ('PRED', '>=', '_', '_')))), ('PRED', '!=', '_', '_'))))",req813.pkl
741,1,req821.pkl,"('G', '_', '_', ('UNTIL', '_', '_', ('&&', ('PRED', '<=', '_', '_'), ('PRED', '>=', '_', '_')), ('||', ('F', '_', '_', ('G', '_', '_', ('||', ('NOT', ('PRED', '<=', '_', '_')), ('NOT', ('PRED', '>=', '_', '_'))))), ('PRED', '!=', '_', '_'))))",req821.pkl
742,1,req822.pkl,"('G', '_', '_', ('UNTIL', '_', '_', ('||', ('&&', ('PRED', '<', '_', '_'), ('PRED', '>', '_', '_')), ('PRED', '!=', '_', '_')), ('PRED', '>=', '_', '_')))",req822.pkl
743,1,req834.pkl,"('G', '_', '_', ('||', ('F', '_', '_', ('G', '_', '_', ('&&', ('PRED', '<=', '_', '_'), ('PRED', '>=', '_', '_')))), ('F', '_', '_', ('NOT', ('PRED', '!=', '_', '_')))))",req834.pkl
744,1,req841.pkl,"('G', '_', '_', ('&&', ('PRED', '=', '_', '_'), ('PRED', '=', '_', '_'), ('||', ('PRED', '<', '_', '_'), ('PRED', '>=', '_', '_'))))",req841.pkl
745,1,req846.pkl,"('G', '_', '_', ('||', ('G', '_', '_', ('PRED', '<=', '_', '_')), ('PRED', '<', '_', '_'), ('PRED', '<=', '_', '_')))",req846.pkl
746,1,req848.pkl,"('G', '_', '_', ('||', ('F', '_', '_', ('G', '_', '_', ('PRED', '<', '_', '_'))), ('NOT', ('PRED', '<=', '_', '_')), ('NOT', ('PRED', '>=', '_', '_')), ('PRED', '<=', '_', '_')))",req848.pkl
747,1,req853.pkl,"('G', '_', '_', ('UNTIL', '_', '_', ('&&', ('PRED', '<=', '_', '_'), ('PRED', '>=', '_', '_'), ('||', ('PRED', '<', '_', '_'), ('PRED', '>=', '_', '_'))), ('PRED', '!=', '_', '_')))",req853.pkl
748,1,req863.pkl,"('G', '_', '_', ('||', ('NOT', ('PRED', '<', '_', '_')), ('NOT', ('PRED', '>', '_', '_')), ('PRED', '<', '_', '_'), ('PRED', '=', '_', '_')))",req863.pkl
749,1,req876.pkl,"('G', '_', '_', ('||', ('F', '_', '_', ('G', '_', '_', ('&&', ('PRED', '<', '_', '_'), ('PRED', '>=', '_', '_')))), ('G', '_', '_', ('NOT', ('PRED', '<=', '_', '_')))))",req876.pkl
750,1,req881.pkl,"('G', '_', '_', ('||', ('G', '_', '_', ('NOT', ('PRED', '<', '_', '_'))), ('G', '_', '_', ('PRED', '=', '_', '_'))))",req881.pkl
751,1,req888.pkl,"('G', '_', '_', ('||', ('G', '_', '_', ('PRED', '>=', '_', '_')), ('NOT', ('PRED', '<', '_', '_')), ('NOT', ('PRED', '>', '_', '_')), ('PRED', '<=', '_', '_')))",req888.pkl
752,1,req890.pkl,"('G', '_', '_', ('UNTIL', '_', '_', ('&&', ('PRED', '=', '_', '_'), ('||', ('PRED', '!=', '_', '_'), ('PRED', '>', '_', '_'))), ('PRED', '<', '_', '_')))",req890.pkl
753,1,req891.pkl,"('G', '_', '_', ('||', ('G', '_', '_', ('PRED', '=', '_', '_')), ('PRED', '<', '_', '_'), ('PRED', '>', '_', '_')))",req891.pkl
754,1,req903.pkl,"('G', '_', '_', ('||', ('&&', ('PRED', '=', '_', '_'), ('||', ('PRED', '!=', '_', '_'), ('PRED', '=', '_', '_'))), ('PRED', '>=', '_', '_')))",req903.pkl
755,1,req905.pkl,"('G', '_', '_', ('||', ('G', '_', '_', ('F', '_', '_', ('PRED', '!=', '_', '_'))), ('PRED', '<', '_', '_')))",req905.pkl
756,1,req913.pkl,"('G', '_', '_', ('&&', ('PRED', '>=', '_', '_'), ('||', ('F', '_', '_', ('G', '_', '_', ('PRED', '<=', '_', '_'))), ('PRED', '!=', '_', '_'))))",req913.pkl
757,1,req916.pkl,"('G', '_', '_', ('||', ('NOT', ('PRED', '<=', '_', '_')), ('NOT', ('PRED', '>', '_', '_')), ('PRED', '<', '_', '_'), ('PRED', '=', '_', '_')))",req916.pkl
758,1,req926.pkl,"('F', '_', '_', ('&&', ('PRED', '!=', '_', '_'), ('PRED', '<', '_', '_'), ('PRED', '>=', '_', '_')))",req926.pkl
759,1,req927.pkl,"('G', '_', '_', ('||', ('F', '_', '_', ('G', '_', '_', ('PRED', '<=', '_', '_'))), ('PRED', '<', '_', '_'), ('PRED', '<=', '_', '_')))",req927.pkl
760,1,req929.pkl,"('G', '_', '_', ('||', ('&&', ('PRED', '<', '_', '_'), ('PRED', '>', '_', '_'), ('||', ('&&', ('PRED', '<=', '_', '_'), ('PRED', '>=', '_', '_')), ('NOT', ('PRED', '<=', '_', '_')), ('NOT', ('PRED', '>=', '_', '_')))), ('PRED', '=', '_', '_')))",req929.pkl
761,1,req936.pkl,"('G', '_', '_', ('||', ('F', '_', '_', ('&&', ('PRED', '<=', '_', '_'), ('PRED', '>=', '_', '_'))), ('G', '_', '_', ('NOT', ('PRED', '<', '_', '_')))))",req936.pkl
762,1,req942.pkl,"('G', '_', '_', ('&&', ('PRED', '!=', '_', '_'), ('||', ('G', '_', '_', ('PRED', '>', '_', '_')), ('PRED', '<', '_', '_'))))",req942.pkl
763,1,req943.pkl,"('F', '_', '_', ('||', ('NOT', ('PRED', '<=', '_', '_')), ('NOT', ('PRED', '>=', '_', '_')), ('PRED', '>=', '_', '_')))",req943.pkl
764,1,req955.pkl,"('G', '_', '_', ('||', ('F', '_', '_', ('&&', ('PRED', '<', '_', '_'), ('PRED', '>', '_', '_'))), ('PRED', '>', '_', '_')))",req955.pkl
765,1,req963.pkl,"('G', '_', '_', ('&&', ('PRED', '>', '_', '_'), ('PRED', '>=', '_', '_'), ('||', ('PRED', '!=', '_', '_'), ('PRED', '>=', '_', '_'))))",req963.pkl
766,1,req966.pkl,"('G', '_', '_', ('&&', ('PRED', '!=', '_', '_'), ('||', ('F', '_', '_', ('PRED', '<', '_', '_')), ('PRED', '>=', '_', '_'))))",req966.pkl
767,1,req967.pkl,"('G', '_', '_', ('&&', ('PRED', '<=', '_', '_'), ('||', ('G', '_', '_', ('PRED', '<', '_', '_')), ('PRED', '=', '_', '_'))))",req967.pkl
768,1,req970.pkl,"('G', '_', '_', ('&&', ('PRED', '<=', '_', '_'), ('PRED', '>=', '_', '_'), ('||', ('NOT', ('PRED', '<=', '_', '_')), ('NOT', ('PRED', '>', '_', '_')))))",req970.pkl
769,1,req971.pkl,"('G', '_', '_', ('||', ('F', '_', '_', ('G', '_', '_', ('PRED', '=', '_', '_'))), ('PRED', '=', '_', '_'), ('PRED', '>=', '_', '_')))",req971.pkl
770,1,req976.pkl,"('G', '_', '_', ('&&', ('PRED', '<=', '_', '_'), ('||', ('F', '_', '_', ('NOT', ('PRED', '=', '_', '_'))), ('PRED', '!=', '_', '_'))))",req976.pkl
771,1,req992.pkl,"('G', '_', '_', ('UNTIL', '_', '_', ('||', ('PRED', '!=', '_', '_'), ('PRED', '=', '_', '_')), ('PRED', '>=', '_', '_')))",req992.pkl
772,1,req999.pkl,"('G', '_', '_', ('||', ('&&', ('PRED', '<', '_', '_'), ('PRED', '>', '_', '_')), ('F', '_', '_', ('G', '_', '_', ('PRED', '>=', '_', '_'))), ('PRED', '<=', '_', '_')))",req999.pkl
773,1,req1005.pkl,"('G', '_', '_', ('||', ('&&', ('NOT', ('NOT', ('PRED', '<=', '_', '_'))), ('NOT', ('NOT', ('PRED', '>', '_', '_')))), ('PRED', '<', '_', '_')))",req1005.pkl
774,1,req1023.pkl,"('G', '_', '_', ('UNTIL', '_', '_', ('PRED', '=', '_', '_'), ('||', ('F', '_', '_', ('G', '_', '_', ('&&', ('PRED', '<=', '_', '_'), ('PRED', '>=', '_', '_')))), ('PRED', '>', '_', '_'))))",req1023.pkl
775,1,req1030.pkl,"('G', '_', '_', ('||', ('G', '_', '_', ('PRED', '>=', '_', '_')), ('PRED', '!=', '_', '_'), ('PRED', '=', '_', '_')))",req1030.pkl
776,1,req1039.pkl,"('G', '_', '_', ('&&', ('PRED', '!=', '_', '_'), ('||', ('PRED', '!=', '_', '_'), ('PRED', '>', '_', '_'))))",req1039.pkl
777,1,req1055.pkl,"('G', '_', '_', ('||', ('&&', ('PRED', '<=', '_', '_'), ('PRED', '>=', '_', '_')), ('&&', ('PRED', '<=', '_', '_'), ('PRED', '>=', '_', '_'))))",req1055.pkl
778,1,req1072.pkl,"('G', '_', '_', ('&&', ('PRED', '=', '_', '_'), ('||', ('F', '_', '_', ('G', '_', '_', ('PRED', '<', '_', '_'))), ('PRED', '>=', '_', '_'))))",req1072.pkl
779,1,req1085.pkl,"('G', '_', '_', ('||', ('&&', ('PRED', '>=', '_', '_'), ('||', ('PRED', '!=', '_', '_'), ('PRED', '>=', '_', '_'))), ('PRED', '=', '_', '_')))",req1085.pkl
780,1,req1093.pkl,"('G', '_', '_', ('&&', ('PRED', '>=', '_', '_'), ('||', ('PRED', '<=', '_', '_'), ('PRED', '>=', '_', '_'))))",req1093.pkl
781,1,req1102.pkl,"('G', '_', '_', ('&&', ('PRED', '<=', '_', '_'), ('||', ('F', '_', '_', ('PRED', '=', '_', '_')), ('PRED', '!=', '_', '_'))))",req1102.pkl
782,1,req1104.pkl,"('G', '_', '_', ('UNTIL', '_', '_', ('&&', ('PRED', '>', '_', '_'), ('||', ('NOT', ('PRED', '<', '_', '_')), ('NOT', ('PRED', '>', '_', '_')), ('PRED', '!=', '_', '_'))), ('PRED', '=', '_', '_')))",req1104.pkl
783,1,req1113.pkl,"('G', '_', '_', ('&&', ('PRED', '>=', '_', '_'), ('||', ('G', '_', '_', ('&&', ('PRED', '<', '_', '_'), ('PRED', '>', '_', '_'))), ('NOT', ('PRED', '<', '_', '_')), ('NOT', ('PRED', '>', '_', '_')))))",req1113.pkl
784,1,req1131.pkl,"('G', '_', '_', ('||', ('F', '_', '_', ('G', '_', '_', ('PRED', '<', '_', '_'))), ('PRED', '!=', '_', '_'), ('PRED', '<', '_', '_')))",req1131.pkl
785,1,req1133.pkl,"('G', '_', '_', ('||', ('F', '_', '_', ('G', '_', '_', ('PRED', '>', '_', '_'))), ('PRED', '<=', '_', '_'), ('PRED', '>=', '_', '_')))",req1133.pkl
786,1,req1172.pkl,"('G', '_', '_', ('||', ('G', '_', '_', ('F', '_', '_', ('PRED', '>=', '_', '_'))), ('PRED', '=', '_', '_'), ('PRED', '=', '_', '_')))",req1172.pkl
787,1,req1181.pkl,"('G', '_', '_', ('||', ('&&', ('PRED', '=', '_', '_'), ('||', ('&&', ('NOT', ('NOT', ('PRED', '<', '_', '_'))), ('NOT', ('NOT', ('PRED', '>', '_', '_')))), ('PRED', '<', '_', '_'))), ('PRED', '=', '_', '_')))",req1181.pkl
788,1,req1185.pkl,"('G', '_', '_', ('UNTIL', '_', '_', ('||', ('PRED', '!=', '_', '_'), ('PRED', '<=', '_', '_')), ('PRED', '<', '_', '_')))",req1185.pkl
789,1,req1188.pkl,"('G', '_', '_', ('UNTIL', '_', '_', ('&&', ('PRED', '=', '_', '_'), ('||', ('PRED', '<=', '_', '_'), ('PRED', '=', '_', '_'))), ('||', ('NOT', ('PRED', '<', '_', '_')), ('NOT', ('PRED', '>=', '_', '_')))))",req1188.pkl
790,1,req1189.pkl,"('G', '_', '_', ('||', ('F', '_', '_', ('NOT', ('||', ('NOT', ('PRED', '<=', '_', '_')), ('NOT', ('PRED', '>=', '_', '_'))))), ('PRED', '!=', '_', '_')))",req1189.pkl
791,1,req1194.pkl,"('G', '_', '_', ('||', ('&&', ('PRED', '>=', '_', '_'), ('||', ('PRED', '!=', '_', '_'), ('PRED', '=', '_', '_'))), ('PRED', '=', '_', '_')))",req1194.pkl
792,1,req1207.pkl,"('G', '_', '_', ('||', ('F', '_', '_', ('G', '_', '_', ('PRED', '<', '_', '_'))), ('G', '_', '_', ('NOT', ('PRED', '<=', '_', '_')))))",req1207.pkl
793,1,req1210.pkl,"('G', '_', '_', ('&&', ('PRED', '=', '_', '_'), ('||', ('F', '_', '_', ('G', '_', '_', ('PRED', '>', '_', '_'))), ('PRED', '>', '_', '_'))))",req1210.pkl
794,1,req1216.pkl,"('G', '_', '_', ('UNTIL', '_', '_', ('||', ('&&', ('PRED', '<', '_', '_'), ('PRED', '>', '_', '_')), ('F', '_', '_', ('NOT', ('PRED', '>', '_', '_')))), ('PRED', '<', '_', '_')))",req1216.pkl
795,1,req1220.pkl,"('G', '_', '_', ('||', ('&&', ('PRED', '<=', '_', '_'), ('||', ('PRED', '<', '_', '_'), ('PRED', '>=', '_', '_'))), ('PRED', '<', '_', '_')))",req1220.pkl
796,1,req1221.pkl,"('G', '_', '_', ('||', ('&&', ('PRED', '<', '_', '_'), ('PRED', '>', '_', '_')), ('PRED', '!=', '_', '_'), ('PRED', '>', '_', '_')))",req1221.pkl
797,1,req1226.pkl,"('G', '_', '_', ('||', ('&&', ('PRED', '<', '_', '_'), ('PRED', '>', '_', '_')), ('&&', ('PRED', '<', '_', '_'), ('PRED', '>=', '_', '_'))))",req1226.pkl
798,1,req1234.pkl,"('G', '_', '_', ('&&', ('PRED', '=', '_', '_'), ('||', ('G', '_', '_', ('F', '_', '_', ('PRED', '=', '_', '_'))), ('PRED', '>', '_', '_'))))",req1234.pkl
799,1,req1237.pkl,"('G', '_', '_', ('||', ('&&', ('PRED', '<=', '_', '_'), ('||', ('PRED', '>=', '_', '_'), ('PRED', '>=', '_', '_'))), ('PRED', '<', '_', '_')))",req1237.pkl
800,1,req1249.pkl,"('G', '_', '_', ('||', ('NOT', ('PRED', '<', '_', '_')), ('NOT', ('PRED', '>', '_', '_')), ('PRED', '>', '_', '_'), ('PRED', '>=', '_', '_')))",req1249.pkl
801,1,req1253.pkl,"('G', '_', '_', ('||', ('&&', ('||', ('NOT', ('PRED', '<', '_', '_')), ('NOT', ('PRED', '>', '_', '_'))), ('||', ('NOT', ('PRED', '<=', '_', '_')), ('NOT', ('PRED', '>=', '_', '_')), ('PRED', '=', '_', '_'))), ('PRED', '=', '_', '_')))",req1253.pkl
802,1,req1263.pkl,"('G', '_', '_', ('UNTIL', '_', '_', ('||', ('&&', ('PRED', '<', '_', '_'), ('PRED', '>', '_', '_')), ('PRED', '!=', '_', '_')), ('PRED', '=', '_', '_')))",req1263.pkl
803,1,req1265.pkl,"('G', '_', '_', ('&&', ('PRED', '<', '_', '_'), ('||', ('F', '_', '_', ('G', '_', '_', ('PRED', '=', '_', '_'))), ('PRED', '=', '_', '_'))))",req1265.pkl
804,1,req1266.pkl,"('G', '_', '_', ('&&', ('PRED', '<', '_', '_'), ('PRED', '=', '_', '_'), ('PRED', '>', '_', '_'), ('||', ('PRED', '<', '_', '_'), ('PRED', '<', '_', '_'))))",req1266.pkl
805,1,req1268.pkl,"('G', '_', '_', ('||', ('F', '_', '_', ('NOT', ('PRED', '=', '_', '_'))), ('PRED', '!=', '_', '_'), ('PRED', '<', '_', '_')))",req1268.pkl
806,1,req1277.pkl,"('G', '_', '_', ('||', ('NOT', ('PRED', '<=', '_', '_')), ('NOT', ('PRED', '>=', '_', '_')), ('PRED', '!=', '_', '_'), ('PRED', '=', '_', '_')))",req1277.pkl
807,1,req1284.pkl,"('G', '_', '_', ('||', ('&&', ('PRED', '<', '_', '_'), ('PRED', '>', '_', '_')), ('PRED', '<=', '_', '_'), ('PRED', '>', '_', '_')))",req1284.pkl
808,1,req1287.pkl,"('G', '_', '_', ('&&', ('PRED', '<', '_', '_'), ('PRED', '>', '_', '_'), ('||', ('NOT', ('UNTIL', '_', '_', ('&&', ('PRED', '<=', '_', '_'), ('PRED', '>', '_', '_')), ('PRED', '>', '_', '_'))), ('PRED', '!=', '_', '_'))))",req1287.pkl
809,1,req1291.pkl,"('G', '_', '_', ('||', ('&&', ('PRED', '<', '_', '_'), ('PRED', '>', '_', '_')), ('G', '_', '_', ('PRED', '<=', '_', '_')), ('PRED', '>=', '_', '_')))",req1291.pkl
810,1,req1293.pkl,"('G', '_', '_', ('||', ('&&', ('NOT', ('NOT', ('PRED', '<', '_', '_'))), ('NOT', ('NOT', ('PRED', '>=', '_', '_')))), ('G', '_', '_', ('F', '_', '_', ('PRED', '=', '_', '_')))))",req1293.pkl
811,1,req1301.pkl,"('G', '_', '_', ('&&', ('PRED', '>', '_', '_'), ('||', ('G', '_', '_', ('PRED', '<', '_', '_')), ('PRED', '<', '_', '_'))))",req1301.pkl
812,1,req1312.pkl,"('G', '_', '_', ('&&', ('PRED', '<=', '_', '_'), ('||', ('&&', ('NOT', ('NOT', ('PRED', '<=', '_', '_'))), ('NOT', ('NOT', ('PRED', '>=', '_', '_')))), ('F', '_', '_', ('G', '_', '_', ('PRED', '=', '_', '_'))))))",req1312.pkl
813,1,req1317.pkl,"('G', '_', '_', ('||', ('F', '_', '_', ('PRED', '<=', '_', '_')), ('PRED', '=', '_', '_')))",req1317.pkl
814,1,req1318.pkl,"('G', '_', '_', ('&&', ('PRED', '<=', '_', '_'), ('PRED', '>=', '_', '_'), ('||', ('G', '_', '_', ('NOT', ('PRED', '=', '_', '_'))), ('PRED', '!=', '_', '_'))))",req1318.pkl
815,1,req1321.pkl,"('G', '_', '_', ('&&', ('PRED', '<', '_', '_'), ('PRED', '>', '_', '_'), ('PRED', '>', '_', '_'), ('||', ('PRED', '<', '_', '_'), ('PRED', '>=', '_', '_'))))",req1321.pkl
816,1,req1322.pkl,"('G', '_', '_', ('&&', ('PRED', '<=', '_', '_'), ('PRED', '<=', '_', '_'), ('PRED', '>', '_', '_')))",req1322.pkl
817,1,req1353.pkl,"('G', '_', '_', ('||', ('&&', ('NOT', ('NOT', ('PRED', '<=', '_', '_'))), ('NOT', ('NOT', ('PRED', '>=', '_', '_')))), ('F', '_', '_', ('G', '_', '_', ('PRED', '=', '_', '_')))))",req1353.pkl
818,1,req1359.pkl,"('G', '_', '_', ('||', ('G', '_', '_', ('PRED', '<=', '_', '_')), ('PRED', '!=', '_', '_'), ('PRED', '=', '_', '_')))",req1359.pkl
819,1,req1365.pkl,"('G', '_', '_', ('&&', ('PRED', '>=', '_', '_'), ('PRED', '>=', '_', '_'), ('||', ('PRED', '>', '_', '_'), ('PRED', '>', '_', '_'))))",req1365.pkl
820,1,req1373.pkl,"('G', '_', '_', ('UNTIL', '_', '_', ('&&', ('PRED', '>=', '_', '_'), ('||', ('PRED', '<', '_', '_'), ('PRED', '>', '_', '_'))), ('PRED', '=', '_', '_')))",req1373.pkl
821,1,req1374.pkl,"('G', '_', '_', ('UNTIL', '_', '_', ('&&', ('PRED', '<', '_', '_'), ('PRED', '>', '_', '_')), ('||', ('G', '_', '_', ('F', '_', '_', ('PRED', '>=', '_', '_'))), ('PRED', '!=', '_', '_'))))",req1374.pkl
822,1,req1377.pkl,"('G', '_', '_', ('&&', ('PRED', '=', '_', '_'), ('||', ('&&', ('NOT', ('NOT', ('PRED', '<=', '_', '_'))), ('NOT', ('NOT', ('PRED', '>=', '_', '_')))), ('PRED', '<', '_', '_'))))",req1377.pkl
823,1,req1388.pkl,"('G', '_', '_', ('&&', ('PRED', '=', '_', '_'), ('||', ('&&', ('NOT', ('NOT', ('PRED', '<', '_', '_'))), ('NOT', ('NOT', ('PRED', '>', '_', '_')))), ('PRED', '>=', '_', '_'))))",req1388.pkl
824,1,req1394.pkl,"('G', '_', '_', ('&&', ('PRED', '>', '_', '_'), ('||', ('F', '_', '_', ('G', '_', '_', ('PRED', '=', '_', '_'))), ('PRED', '=', '_', '_'))))",req1394.pkl
825,1,req1399.pkl,"('G', '_', '_', ('UNTIL', '_', '_', ('||', ('PRED', '!=', '_', '_'), ('PRED', '=', '_', '_'), ('PRED', '>', '_', '_')), ('PRED', '=', '_', '_')))",req1399.pkl
826,1,req1400.pkl,"('G', '_', '_', ('&&', ('PRED', '!=', '_', '_'), ('||', ('PRED', '<', '_', '_'), ('PRED', '<', '_', '_'))))",req1400.pkl
827,1,req1412.pkl,"('G', '_', '_', ('||', ('F', '_', '_', ('G', '_', '_', ('PRED', '>', '_', '_'))), ('G', '_', '_', ('NOT', ('NOT', ('PRED', '>=', '_', '_'))))))",req1412.pkl
828,1,req1414.pkl,"('G', '_', '_', ('&&', ('PRED', '=', '_', '_'), ('||', ('F', '_', '_', ('PRED', '=', '_', '_')), ('PRED', '<=', '_', '_'))))",req1414.pkl
829,1,req1418.pkl,"('G', '_', '_', ('&&', ('PRED', '=', '_', '_'), ('||', ('F', '_', '_', ('G', '_', '_', ('PRED', '>', '_', '_'))), ('NOT', ('PRED', '<=', '_', '_')), ('NOT', ('PRED', '>=', '_', '_')))))",req1418.pkl
830,1,req1427.pkl,"('G', '_', '_', ('&&', ('PRED', '=', '_', '_'), ('||', ('PRED', '<=', '_', '_'), ('PRED', '>=', '_', '_'))))",req1427.pkl
831,1,req1428.pkl,"('G', '_', '_', ('||', ('F', '_', '_', ('NOT', ('PRED', '=', '_', '_'))), ('G', '_', '_', ('NOT', ('PRED', '>=', '_', '_')))))",req1428.pkl
832,1,req1429.pkl,"('G', '_', '_', ('&&', ('PRED', '>', '_', '_'), ('||', ('&&', ('NOT', ('NOT', ('PRED', '<=', '_', '_'))), ('NOT', ('NOT', ('PRED', '>=', '_', '_')))), ('F', '_', '_', ('G', '_', '_', ('PRED', '<', '_', '_'))))))",req1429.pkl
833,1,req1430.pkl,"('G', '_', '_', ('&&', ('PRED', '<', '_', '_'), ('PRED', '>', '_', '_'), ('||', ('F', '_', '_', ('PRED', '>=', '_', '_')), ('PRED', '>', '_', '_'))))",req1430.pkl
834,1,req1436.pkl,"('G', '_', '_', ('||', ('F', '_', '_', ('G', '_', '_', ('&&', ('PRED', '<=', '_', '_'), ('PRED', '>=', '_', '_')))), ('PRED', '>=', '_', '_')))",req1436.pkl
835,1,req1442.pkl,"('G', '_', '_', ('||', ('&&', ('PRED', '<=', '_', '_'), ('PRED', '>=', '_', '_')), ('F', '_', '_', ('G', '_', '_', ('PRED', '=', '_', '_'))), ('PRED', '!=', '_', '_')))",req1442.pkl
836,1,req1447.pkl,"('G', '_', '_', ('||', ('PRED', '!=', '_', '_'), ('PRED', '<=', '_', '_'), ('PRED', '<=', '_', '_'), ('PRED', '=', '_', '_')))",req1447.pkl
837,1,req1466.pkl,"('G', '_', '_', ('UNTIL', '_', '_', ('||', ('PRED', '=', '_', '_'), ('PRED', '>', '_', '_'), ('PRED', '>=', '_', '_')), ('PRED', '<', '_', '_')))",req1466.pkl
838,1,req1467.pkl,"('G', '_', '_', ('&&', ('PRED', '>', '_', '_'), ('||', ('NOT', ('PRED', '<', '_', '_')), ('NOT', ('PRED', '>', '_', '_')), ('PRED', '>=', '_', '_'))))",req1467.pkl
839,1,req1470.pkl,"('G', '_', '_', ('&&', ('PRED', '<=', '_', '_'), ('PRED', '>=', '_', '_'), ('||', ('G', '_', '_', ('F', '_', '_', ('PRED', '>=', '_', '_'))), ('PRED', '!=', '_', '_'))))",req1470.pkl
840,1,req1471.pkl,"('G', '_', '_', ('&&', ('PRED', '=', '_', '_'), ('||', ('G', '_', '_', ('PRED', '<', '_', '_')), ('PRED', '>=', '_', '_'))))",req1471.pkl
841,1,req1472.pkl,"('G', '_', '_', ('||', ('NOT', ('PRED', '<', '_', '_')), ('NOT', ('PRED', '>', '_', '_')), ('PRED', '=', '_', '_'), ('PRED', '=', '_', '_')))",req1472.pkl
842,1,req1477.pkl,"('G', '_', '_', ('&&', ('PRED', '=', '_', '_'), ('PRED', '=', '_', '_'), ('||', ('PRED', '<', '_', '_'), ('PRED', '=', '_', '_'))))",req1477.pkl
843,1,req1484.pkl,"('G', '_', '_', ('||', ('F', '_', '_', ('G', '_', '_', ('PRED', '>=', '_', '_'))), ('PRED', '>', '_', '_'), ('PRED', '>=', '_', '_')))",req1484.pkl
844,1,req1485.pkl,"('G', '_', '_', ('||', ('&&', ('PRED', '<=', '_', '_'), ('PRED', '>=', '_', '_')), ('PRED', '<', '_', '_'), ('PRED', '>', '_', '_')))",req1485.pkl
845,1,req1495.pkl,"('G', '_', '_', ('&&', ('PRED', '=', '_', '_'), ('||', ('F', '_', '_', ('&&', ('PRED', '<=', '_', '_'), ('PRED', '>=', '_', '_'))), ('PRED', '!=', '_', '_'))))",req1495.pkl
846,1,req1505.pkl,"('G', '_', '_', ('&&', ('PRED', '<', '_', '_'), ('PRED', '=', '_', '_'), ('||', ('PRED', '>', '_', '_'), ('PRED', '>=', '_', '_'))))",req1505.pkl
847,1,req1507.pkl,"('G', '_', '_', ('||', ('F', '_', '_', ('NOT', ('PRED', '=', '_', '_'))), ('G', '_', '_', ('F', '_', '_', ('&&', ('PRED', '<', '_', '_'), ('PRED', '>', '_', '_'))))))",req1507.pkl
848,1,req1512.pkl,"('G', '_', '_', ('&&', ('PRED', '=', '_', '_'), ('||', ('G', '_', '_', ('NOT', ('PRED', '>=', '_', '_'))), ('PRED', '>=', '_', '_'))))",req1512.pkl
849,1,req1515.pkl,"('G', '_', '_', ('||', ('F', '_', '_', ('G', '_', '_', ('PRED', '=', '_', '_'))), ('G', '_', '_', ('NOT', ('||', ('NOT', ('PRED', '<=', '_', '_')), ('NOT', ('PRED', '>', '_', '_')))))))",req1515.pkl
850,1,req1517.pkl,"('G', '_', '_', ('||', ('&&', ('PRED', '<=', '_', '_'), ('PRED', '>=', '_', '_')), ('F', '_', '_', ('G', '_', '_', ('PRED', '<', '_', '_'))), ('NOT', ('PRED', '<', '_', '_')), ('NOT', ('PRED', '>', '_', '_'))))",req1517.pkl
851,1,req1520.pkl,"('G', '_', '_', ('||', ('&&', ('PRED', '<', '_', '_'), ('||', ('PRED', '<=', '_', '_'), ('PRED', '>', '_', '_'))), ('PRED', '<', '_', '_')))",req1520.pkl
852,1,req1541.pkl,"('G', '_', '_', ('&&', ('||', ('NOT', ('PRED', '<=', '_', '_')), ('NOT', ('PRED', '>=', '_', '_'))), ('||', ('PRED', '!=', '_', '_'), ('PRED', '<=', '_', '_'))))",req1541.pkl
853,1,req1547.pkl,"('G', '_', '_', ('UNTIL', '_', '_', ('PRED', '=', '_', '_'), ('||', ('G', '_', '_', ('PRED', '>', '_', '_')), ('PRED', '!=', '_', '_'))))",req1547.pkl
854,1,req1553.pkl,"('G', '_', '_', ('||', ('&&', ('PRED', '<', '_', '_'), ('||', ('PRED', '>', '_', '_'), ('PRED', '>=', '_', '_'))), ('PRED', '<', '_', '_')))",req1553.pkl
855,1,req1558.pkl,"('F', '_', '_', ('&&', ('PRED', '<', '_', '_'), ('PRED', '<', '_', '_'), ('PRED', '>', '_', '_'), ('PRED', '>=', '_', '_')))",req1558.pkl
856,1,req1570.pkl,"('G', '_', '_', ('&&', ('PRED', '<', '_', '_'), ('||', ('G', '_', '_', ('F', '_', '_', ('PRED', '<=', '_', '_'))), ('PRED', '=', '_', '_'))))",req1570.pkl
857,1,req1572.pkl,"('G', '_', '_', ('&&', ('PRED', '>', '_', '_'), ('||', ('G', '_', '_', ('&&', ('PRED', '<', '_', '_'), ('PRED', '>', '_', '_'))), ('PRED', '>', '_', '_'))))",req1572.pkl
858,1,req1574.pkl,"('G', '_', '_', ('||', ('G', '_', '_', ('F', '_', '_', ('&&', ('PRED', '<', '_', '_'), ('PRED', '>', '_', '_')))), ('PRED', '<=', '_', '_')))",req1574.pkl
859,1,req1576.pkl,"('G', '_', '_', ('&&', ('PRED', '<=', '_', '_'), ('||', ('F', '_', '_', ('G', '_', '_', ('PRED', '<=', '_', '_'))), ('PRED', '<', '_', '_'))))",req1576.pkl
860,1,req1589.pkl,"('G', '_', '_', ('||', ('F', '_', '_', ('NOT', ('PRED', '>', '_', '_'))), ('G', '_', '_', ('PRED', '>', '_', '_'))))",req1589.pkl
861,1,req1593.pkl,"('G', '_', '_', ('&&', ('PRED', '<', '_', '_'), ('||', ('&&', ('NOT', ('NOT', ('PRED', '<=', '_', '_'))), ('NOT', ('NOT', ('PRED', '>=', '_', '_')))), ('NOT', ('UNTIL', '_', '_', ('PRED', '<', '_', '_'), ('PRED', '=', '_', '_'))))))",req1593.pkl
862,1,req1603.pkl,"('G', '_', '_', ('UNTIL', '_', '_', ('||', ('&&', ('PRED', '<', '_', '_'), ('PRED', '>', '_', '_')), ('PRED', '!=', '_', '_')), ('PRED', '<=', '_', '_')))",req1603.pkl
863,1,req1617.pkl,"('G', '_', '_', ('&&', ('PRED', '>=', '_', '_'), ('||', ('G', '_', '_', ('NOT', ('&&', ('PRED', '<', '_', '_'), ('PRED', '>', '_', '_')))), ('PRED', '!=', '_', '_'))))",req1617.pkl
864,1,req1620.pkl,"('G', '_', '_', ('||', ('G', '_', '_', ('PRED', '=', '_', '_')), ('PRED', '=', '_', '_'), ('PRED', '>', '_', '_')))",req1620.pkl
865,1,req1627.pkl,"('G', '_', '_', ('||', ('F', '_', '_', ('NOT', ('PRED', '=', '_', '_'))), ('PRED', '<', '_', '_')))",req1627.pkl
866,1,req1635.pkl,"('G', '_', '_', ('&&', ('PRED', '>', '_', '_'), ('||', ('PRED', '<', '_', '_'), ('PRED', '<', '_', '_'))))",req1635.pkl
867,1,req1640.pkl,"('G', '_', '_', ('&&', ('PRED', '=', '_', '_'), ('||', ('F', '_', '_', ('G', '_', '_', ('&&', ('PRED', '<=', '_', '_'), ('PRED', '>=', '_', '_')))), ('PRED', '>=', '_', '_'))))",req1640.pkl
868,1,req1644.pkl,"('G', '_', '_', ('UNTIL', '_', '_', ('&&', ('PRED', '>', '_', '_'), ('||', ('PRED', '=', '_', '_'), ('PRED', '>=', '_', '_'))), ('PRED', '>=', '_', '_')))",req1644.pkl
869,1,req1648.pkl,"('G', '_', '_', ('||', ('G', '_', '_', ('PRED', '>', '_', '_')), ('PRED', '>', '_', '_')))",req1648.pkl
870,1,req1649.pkl,"('G', '_', '_', ('&&', ('PRED', '=', '_', '_'), ('||', ('G', '_', '_', ('PRED', '>', '_', '_')), ('PRED', '!=', '_', '_'))))",req1649.pkl
871,1,req1651.pkl,"('G', '_', '_', ('&&', ('PRED', '=', '_', '_'), ('||', ('NOT', ('PRED', '<=', '_', '_')), ('NOT', ('PRED', '>=', '_', '_')), ('NOT', ('UNTIL', '_', '_', ('||', ('NOT', ('PRED', '<=', '_', '_')), ('NOT', ('PRED', '>=', '_', '_'))), ('PRED', '>=', '_', '_'))))))",req1651.pkl
872,1,req1656.pkl,"('G', '_', '_', ('||', ('G', '_', '_', ('||', ('NOT', ('PRED', '<=', '_', '_')), ('NOT', ('PRED', '>=', '_', '_')))), ('PRED', '!=', '_', '_'), ('PRED', '=', '_', '_')))",req1656.pkl
873,1,req1658.pkl,"('G', '_', '_', ('||', ('F', '_', '_', ('NOT', ('PRED', '<=', '_', '_'))), ('G', '_', '_', ('NOT', ('NOT', ('PRED', '=', '_', '_'))))))",req1658.pkl
874,1,req1673.pkl,"('G', '_', '_', ('&&', ('PRED', '=', '_', '_'), ('||', ('NOT', ('PRED', '<', '_', '_')), ('NOT', ('PRED', '>', '_', '_')), ('PRED', '>=', '_', '_'))))",req1673.pkl
875,1,req1678.pkl,"('G', '_', '_', ('&&', ('PRED', '<', '_', '_'), ('||', ('F', '_', '_', ('NOT', ('PRED', '=', '_', '_'))), ('PRED', '!=', '_', '_'))))",req1678.pkl
876,1,req1679.pkl,"('G', '_', '_', ('&&', ('PRED', '<=', '_', '_'), ('PRED', '>=', '_', '_'), ('||', ('PRED', '!=', '_', '_'), ('PRED', '<=', '_', '_'))))",req1679.pkl
877,1,req1689.pkl,"('G', '_', '_', ('&&', ('PRED', '!=', '_', '_'), ('||', ('F', '_', '_', ('G', '_', '_', ('PRED', '<', '_', '_'))), ('PRED', '!=', '_', '_'))))",req1689.pkl
878,1,req1691.pkl,"('G', '_', '_', ('||', ('G', '_', '_', ('PRED', '>', '_', '_')), ('PRED', '!=', '_', '_'), ('PRED', '=', '_', '_')))",req1691.pkl
879,1,req1692.pkl,"('G', '_', '_', ('UNTIL', '_', '_', ('PRED', '=', '_', '_'), ('||', ('F', '_', '_', ('&&', ('PRED', '<=', '_', '_'), ('PRED', '>', '_', '_'))), ('PRED', '>=', '_', '_'))))",req1692.pkl
880,1,req1698.pkl,"('G', '_', '_', ('&&', ('PRED', '<', '_', '_'), ('PRED', '>', '_', '_'), ('||', ('F', '_', '_', ('G', '_', '_', ('PRED', '!=', '_', '_'))), ('NOT', ('PRED', '<=', '_', '_')), ('NOT', ('PRED', '>=', '_', '_')))))",req1698.pkl
881,1,req1706.pkl,"('G', '_', '_', ('||', ('F', '_', '_', ('&&', ('PRED', '<', '_', '_'), ('PRED', '>=', '_', '_'))), ('PRED', '=', '_', '_'), ('PRED', '>', '_', '_')))",req1706.pkl
882,1,req1710.pkl,"('G', '_', '_', ('||', ('G', '_', '_', ('PRED', '>', '_', '_')), ('PRED', '<', '_', '_'), ('PRED', '=', '_', '_')))",req1710.pkl
883,1,req1713.pkl,"('F', '_', '_', ('||', ('&&', ('PRED', '<', '_', '_'), ('PRED', '>', '_', '_')), ('&&', ('PRED', '<', '_', '_'), ('PRED', '>=', '_', '_'))))",req1713.pkl
884,1,req1725.pkl,"('G', '_', '_', ('||', ('&&', ('PRED', '<=', '_', '_'), ('PRED', '>=', '_', '_')), ('NOT', ('PRED', '<=', '_', '_')), ('NOT', ('PRED', '>=', '_', '_')), ('PRED', '>', '_', '_')))",req1725.pkl
885,1,req1729.pkl,"('G', '_', '_', ('&&', ('PRED', '<=', '_', '_'), ('||', ('NOT', ('PRED', '<', '_', '_')), ('NOT', ('PRED', '>', '_', '_')), ('PRED', '=', '_', '_'))))",req1729.pkl
886,1,req1735.pkl,"('G', '_', '_', ('UNTIL', '_', '_', ('||', ('PRED', '=', '_', '_'), ('PRED', '=', '_', '_'), ('PRED', '>=', '_', '_')), ('&&', ('PRED', '<', '_', '_'), ('PRED', '>', '_', '_'))))",req1735.pkl
887,1,req1743.pkl,"('G', '_', '_', ('UNTIL', '_', '_', ('&&', ('PRED', '<', '_', '_'), ('PRED', '>', '_', '_'), ('||', ('&&', ('PRED', '<=', '_', '_'), ('PRED', '>', '_', '_')), ('PRED', '!=', '_', '_'))), ('PRED', '<=', '_', '_')))",req1743.pkl
888,1,req1749.pkl,"('G', '_', '_', ('||', ('&&', ('PRED', '>=', '_', '_'), ('||', ('&&', ('PRED', '<=', '_', '_'), ('PRED', '>=', '_', '_')), ('PRED', '=', '_', '_'))), ('PRED', '<', '_', '_')))",req1749.pkl
889,1,req1750.pkl,"('G', '_', '_', ('&&', ('PRED', '!=', '_', '_'), ('||', ('F', '_', '_', ('PRED', '=', '_', '_')), ('PRED', '>=', '_', '_'))))",req1750.pkl
890,1,req1753.pkl,"('G', '_', '_', ('UNTIL', '_', '_', ('PRED', '>', '_', '_'), ('||', ('G', '_', '_', ('F', '_', '_', ('PRED', '>', '_', '_'))), ('PRED', '!=', '_', '_'))))",req1753.pkl
891,1,req1761.pkl,"('G', '_', '_', ('&&', ('PRED', '>', '_', '_'), ('||', ('F', '_', '_', ('PRED', '>', '_', '_')), ('PRED', '<', '_', '_'))))",req1761.pkl
892,1,req1769.pkl,"('G', '_', '_', ('&&', ('PRED', '<', '_', '_'), ('||', ('F', '_', '_', ('NOT', ('||', ('NOT', ('PRED', '<', '_', '_')), ('NOT', ('PRED', '>', '_', '_'))))), ('NOT', ('PRED', '<=', '_', '_')), ('NOT', ('PRED', '>=', '_', '_')))))",req1769.pkl
893,1,req1777.pkl,"('G', '_', '_', ('UNTIL', '_', '_', ('||', ('PRED', '!=', '_', '_'), ('PRED', '>', '_', '_'), ('PRED', '>=', '_', '_')), ('PRED', '<=', '_', '_')))",req1777.pkl
894,1,req1781.pkl,"('G', '_', '_', ('&&', ('PRED', '=', '_', '_'), ('PRED', '>=', '_', '_'), ('||', ('PRED', '=', '_', '_'), ('PRED', '>=', '_', '_'))))",req1781.pkl
895,1,req1783.pkl,"('G', '_', '_', ('||', ('&&', ('PRED', '>', '_', '_'), ('||', ('PRED', '>', '_', '_'), ('PRED', '>', '_', '_'))), ('PRED', '<', '_', '_')))",req1783.pkl
896,1,req1786.pkl,"('G', '_', '_', ('||', ('F', '_', '_', ('G', '_', '_', ('PRED', '=', '_', '_'))), ('NOT', ('PRED', '<=', '_', '_')), ('NOT', ('PRED', '>=', '_', '_')), ('PRED', '>=', '_', '_')))",req1786.pkl
897,1,req1788.pkl,"('G', '_', '_', ('&&', ('PRED', '<', '_', '_'), ('PRED', '>', '_', '_'), ('||', ('NOT', ('PRED', '<=', '_', '_')), ('NOT', ('PRED', '>=', '_', '_')), ('PRED', '<=', '_', '_'))))",req1788.pkl
898,1,req1796.pkl,"('G', '_', '_', ('||', ('F', '_', '_', ('NOT', ('&&', ('PRED', '<=', '_', '_'), ('PRED', '>=', '_', '_')))), ('G', '_', '_', ('F', '_', '_', ('PRED', '>=', '_', '_')))))",req1796.pkl
899,1,req1800.pkl,"('G', '_', '_', ('||', ('NOT', ('PRED', '<=', '_', '_')), ('NOT', ('PRED', '>=', '_', '_')), ('PRED', '=', '_', '_'), ('PRED', '>=', '_', '_')))",req1800.pkl
900,1,req1806.pkl,"('G', '_', '_', ('UNTIL', '_', '_', ('PRED', '<', '_', '_'), ('||', ('F', '_', '_', ('G', '_', '_', ('PRED', '=', '_', '_'))), ('PRED', '!=', '_', '_'))))",req1806.pkl
901,1,req1809.pkl,"('G', '_', '_', ('UNTIL', '_', '_', ('||', ('F', '_', '_', ('NOT', ('||', ('NOT', ('PRED', '<=', '_', '_')), ('NOT', ('PRED', '>=', '_', '_'))))), ('PRED', '=', '_', '_')), ('&&', ('PRED', '<', '_', '_'), ('PRED', '>', '_', '_'))))",req1809.pkl
902,1,req1820.pkl,"('F', '_', '_', ('||', ('&&', ('PRED', '<=', '_', '_'), ('PRED', '>', '_', '_')), ('PRED', '<', '_', '_')))",req1820.pkl
903,1,req1821.pkl,"('G', '_', '_', ('||', ('G', '_', '_', ('&&', ('PRED', '<', '_', '_'), ('PRED', '>', '_', '_'))), ('PRED', '<=', '_', '_')))",req1821.pkl
904,1,req1822.pkl,"('G', '_', '_', ('||', ('G', '_', '_', ('PRED', '>', '_', '_')), ('PRED', '=', '_', '_'), ('PRED', '>', '_', '_')))",req1822.pkl
905,1,req1835.pkl,"('G', '_', '_', ('&&', ('PRED', '<', '_', '_'), ('||', ('PRED', '!=', '_', '_'), ('PRED', '<=', '_', '_'))))",req1835.pkl
906,1,req1838.pkl,"('G', '_', '_', ('&&', ('PRED', '<', '_', '_'), ('PRED', '>', '_', '_'), ('||', ('G', '_', '_', ('F', '_', '_', ('PRED', '=', '_', '_'))), ('NOT', ('PRED', '<=', '_', '_')), ('NOT', ('PRED', '>', '_', '_')))))",req1838.pkl
907,1,req1841.pkl,"('G', '_', '_', ('||', ('G', '_', '_', ('F', '_', '_', ('&&', ('PRED', '<', '_', '_'), ('PRED', '>', '_', '_')))), ('PRED', '!=', '_', '_'), ('PRED', '>', '_', '_')))",req1841.pkl
908,1,req1842.pkl,"('G', '_', '_', ('UNTIL', '_', '_', ('||', ('F', '_', '_', ('NOT', ('NOT', ('PRED', '<', '_', '_')))), ('PRED', '<=', '_', '_')), ('&&', ('PRED', '<=', '_', '_'), ('PRED', '>=', '_', '_'))))",req1842.pkl
909,1,req1859.pkl,"('G', '_', '_', ('&&', ('PRED', '<', '_', '_'), ('PRED', '>', '_', '_'), ('||', ('PRED', '!=', '_', '_'), ('PRED', '<=', '_', '_'))))",req1859.pkl
910,1,req1861.pkl,"('G', '_', '_', ('||', ('F', '_', '_', ('G', '_', '_', ('PRED', '<=', '_', '_'))), ('G', '_', '_', ('NOT', ('PRED', '=', '_', '_')))))",req1861.pkl
911,1,req1882.pkl,"('G', '_', '_', ('&&', ('PRED', '=', '_', '_'), ('||', ('F', '_', '_', ('G', '_', '_', ('PRED', '=', '_', '_'))), ('NOT', ('PRED', '<', '_', '_')), ('NOT', ('PRED', '>', '_', '_')))))",req1882.pkl
912,1,req1900.pkl,"('G', '_', '_', ('||', ('G', '_', '_', ('PRED', '=', '_', '_')), ('PRED', '!=', '_', '_'), ('PRED', '<=', '_', '_')))",req1900.pkl
913,1,req1902.pkl,"('G', '_', '_', ('||', ('NOT', ('UNTIL', '_', '_', ('&&', ('PRED', '<', '_', '_'), ('PRED', '>=', '_', '_')), ('&&', ('PRED', '<=', '_', '_'), ('PRED', '>=', '_', '_')))), ('PRED', '!=', '_', '_')))",req1902.pkl
914,1,req1903.pkl,"('G', '_', '_', ('||', ('NOT', ('PRED', '<', '_', '_')), ('NOT', ('PRED', '>=', '_', '_')), ('PRED', '!=', '_', '_'), ('PRED', '<=', '_', '_')))",req1903.pkl
915,1,req1904.pkl,"('G', '_', '_', ('&&', ('PRED', '=', '_', '_'), ('PRED', '=', '_', '_'), ('||', ('PRED', '!=', '_', '_'), ('PRED', '<', '_', '_'))))",req1904.pkl
916,1,req1924.pkl,"('G', '_', '_', ('&&', ('PRED', '>', '_', '_'), ('||', ('NOT', ('UNTIL', '_', '_', ('PRED', '<=', '_', '_'), ('PRED', '=', '_', '_'))), ('PRED', '>', '_', '_'))))",req1924.pkl
917,1,req1928.pkl,"('G', '_', '_', ('||', ('&&', ('NOT', ('NOT', ('PRED', '<', '_', '_'))), ('NOT', ('NOT', ('PRED', '>', '_', '_')))), ('F', '_', '_', ('G', '_', '_', ('PRED', '>=', '_', '_')))))",req1928.pkl
918,1,req1934.pkl,"('G', '_', '_', ('&&', ('PRED', '<', '_', '_'), ('PRED', '>', '_', '_'), ('||', ('PRED', '=', '_', '_'), ('PRED', '>=', '_', '_'))))",req1934.pkl
919,1,req1939.pkl,"('G', '_', '_', ('||', ('&&', ('PRED', '<', '_', '_'), ('||', ('PRED', '!=', '_', '_'), ('PRED', '<', '_', '_'))), ('PRED', '<', '_', '_')))",req1939.pkl
920,1,req1950.pkl,"('G', '_', '_', ('UNTIL', '_', '_', ('&&', ('PRED', '=', '_', '_'), ('||', ('NOT', ('PRED', '<=', '_', '_')), ('NOT', ('PRED', '>=', '_', '_')), ('PRED', '>', '_', '_'))), ('PRED', '>=', '_', '_')))",req1950.pkl
921,1,req1960.pkl,"('G', '_', '_', ('||', ('&&', ('PRED', '<', '_', '_'), ('PRED', '>=', '_', '_')), ('NOT', ('PRED', '<=', '_', '_')), ('NOT', ('PRED', '>=', '_', '_')), ('PRED', '=', '_', '_')))",req1960.pkl
922,1,req1961.pkl,"('G', '_', '_', ('||', ('&&', ('PRED', '<', '_', '_'), ('PRED', '>=', '_', '_')), ('&&', ('PRED', '<', '_', '_'), ('||', ('PRED', '!=', '_', '_'), ('PRED', '>', '_', '_')))))",req1961.pkl
923,1,req1975.pkl,"('G', '_', '_', ('&&', ('PRED', '>', '_', '_'), ('||', ('F', '_', '_', ('PRED', '<=', '_', '_')), ('NOT', ('PRED', '<', '_', '_')), ('NOT', ('PRED', '>', '_', '_')))))",req1975.pkl
924,1,req1993.pkl,"('G', '_', '_', ('&&', ('PRED', '<', '_', '_'), ('PRED', '>', '_', '_'), ('||', ('F', '_', '_', ('&&', ('PRED', '<=', '_', '_'), ('PRED', '>=', '_', '_'))), ('PRED', '!=', '_', '_'))))",req1993.pkl
925,1,req1999.pkl,"('G', '_', '_', ('||', ('F', '_', '_', ('G', '_', '_', ('&&', ('PRED', '<=', '_', '_'), ('PRED', '>', '_', '_')))), ('F', '_', '_', ('NOT', ('PRED', '=', '_', '_')))))",req1999.pkl
926,1,req2001.pkl,"('G', '_', '_', ('||', ('PRED', '!=', '_', '_'), ('PRED', '!=', '_', '_'), ('PRED', '<', '_', '_')))",req2001.pkl
927,1,req2028.pkl,"('G', '_', '_', ('&&', ('PRED', '>=', '_', '_'), ('||', ('G', '_', '_', ('NOT', ('PRED', '=', '_', '_'))), ('PRED', '>', '_', '_'))))",req2028.pkl
928,1,req2035.pkl,"('G', '_', '_', ('||', ('F', '_', '_', ('G', '_', '_', ('&&', ('PRED', '<', '_', '_'), ('PRED', '>=', '_', '_')))), ('PRED', '>', '_', '_')))",req2035.pkl
929,1,req2037.pkl,"('G', '_', '_', ('||', ('G', '_', '_', ('NOT', ('PRED', '=', '_', '_'))), ('PRED', '<=', '_', '_'), ('PRED', '>', '_', '_')))",req2037.pkl
930,1,req2039.pkl,"('G', '_', '_', ('&&', ('PRED', '=', '_', '_'), ('||', ('G', '_', '_', ('F', '_', '_', ('PRED', '=', '_', '_'))), ('PRED', '>=', '_', '_'))))",req2039.pkl
931,1,req2059.pkl,"('G', '_', '_', ('UNTIL', '_', '_', ('&&', ('PRED', '<=', '_', '_'), ('PRED', '>', '_', '_')), ('||', ('G', '_', '_', ('F', '_', '_', ('PRED', '=', '_', '_'))), ('PRED', '!=', '_', '_'))))",req2059.pkl
932,1,req2060.pkl,"('G', '_', '_', ('||', ('F', '_', '_', ('NOT', ('&&', ('PRED', '<', '_', '_'), ('PRED', '>', '_', '_')))), ('PRED', '!=', '_', '_')))",req2060.pkl
933,1,req2068.pkl,"('G', '_', '_', ('||', ('G', '_', '_', ('F', '_', '_', ('PRED', '=', '_', '_'))), ('PRED', '!=', '_', '_'), ('PRED', '>=', '_', '_')))",req2068.pkl
934,1,req2069.pkl,"('G', '_', '_', ('&&', ('||', ('NOT', ('PRED', '<=', '_', '_')), ('NOT', ('PRED', '>=', '_', '_'))), ('||', ('PRED', '!=', '_', '_'), ('PRED', '=', '_', '_'))))",req2069.pkl
935,1,req2078.pkl,"('G', '_', '_', ('||', ('&&', ('NOT', ('NOT', ('PRED', '<=', '_', '_'))), ('NOT', ('NOT', ('PRED', '>=', '_', '_')))), ('G', '_', '_', ('||', ('NOT', ('PRED', '<=', '_', '_')), ('NOT', ('PRED', '>=', '_', '_'))))))",req2078.pkl
936,1,req2079.pkl,"('G', '_', '_', ('||', ('F', '_', '_', ('G', '_', '_', ('PRED', '>=', '_', '_'))), ('NOT', ('PRED', '<=', '_', '_')), ('NOT', ('PRED', '>=', '_', '_')), ('PRED', '!=', '_', '_')))",req2079.pkl
937,1,req2082.pkl,"('G', '_', '_', ('||', ('&&', ('PRED', '<=', '_', '_'), ('PRED', '>=', '_', '_')), ('G', '_', '_', ('PRED', '=', '_', '_')), ('NOT', ('PRED', '<=', '_', '_')), ('NOT', ('PRED', '>=', '_', '_'))))",req2082.pkl
938,1,req2084.pkl,"('G', '_', '_', ('||', ('NOT', ('PRED', '<=', '_', '_')), ('NOT', ('PRED', '>=', '_', '_')), ('PRED', '!=', '_', '_'), ('PRED', '>', '_', '_')))",req2084.pkl
939,1,req2092.pkl,"('G', '_', '_', ('&&', ('PRED', '<', '_', '_'), ('||', ('&&', ('NOT', ('NOT', ('PRED', '<=', '_', '_'))), ('NOT', ('NOT', ('PRED', '>=', '_', '_')))), ('PRED', '>', '_', '_'))))",req2092.pkl
940,1,req2097.pkl,"('G', '_', '_', ('&&', ('PRED', '<=', '_', '_'), ('PRED', '>', '_', '_'), ('||', ('PRED', '>', '_', '_'), ('PRED', '>', '_', '_'))))",req2097.pkl
941,1,req2108.pkl,"('G', '_', '_', ('&&', ('PRED', '=', '_', '_'), ('PRED', '>', '_', '_'), ('||', ('PRED', '!=', '_', '_'), ('PRED', '<=', '_', '_'))))",req2108.pkl
942,1,req2111.pkl,"('G', '_', '_', ('&&', ('PRED', '<=', '_', '_'), ('PRED', '=', '_', '_'), ('PRED', '>=', '_', '_'), ('||', ('NOT', ('PRED', '<=', '_', '_')), ('NOT', ('PRED', '>', '_', '_')), ('PRED', '=', '_', '_'))))",req2111.pkl
943,1,req2115.pkl,"('G', '_', '_', ('&&', ('PRED', '=', '_', '_'), ('||', ('F', '_', '_', ('G', '_', '_', ('&&', ('PRED', '<', '_', '_'), ('PRED', '>', '_', '_')))), ('NOT', ('PRED', '<', '_', '_')), ('NOT', ('PRED', '>', '_', '_')))))",req2115.pkl
944,1,req2116.pkl,"('G', '_', '_', ('||', ('F', '_', '_', ('G', '_', '_', ('PRED', '=', '_', '_'))), ('G', '_', '_', ('NOT', ('PRED', '>=', '_', '_')))))",req2116.pkl
945,1,req2123.pkl,"('G', '_', '_', ('UNTIL', '_', '_', ('||', ('PRED', '=', '_', '_'), ('PRED', '>', '_', '_')), ('PRED', '<=', '_', '_')))",req2123.pkl
946,1,req2126.pkl,"('G', '_', '_', ('||', ('&&', ('PRED', '<=', '_', '_'), ('PRED', '>=', '_', '_')), ('F', '_', '_', ('G', '_', '_', ('&&', ('PRED', '<=', '_', '_'), ('PRED', '>', '_', '_')))), ('PRED', '<=', '_', '_')))",req2126.pkl
947,1,req2130.pkl,"('G', '_', '_', ('&&', ('PRED', '>', '_', '_'), ('PRED', '>=', '_', '_'), ('||', ('PRED', '=', '_', '_'), ('PRED', '>', '_', '_'))))",req2130.pkl
948,1,req2137.pkl,"('G', '_', '_', ('||', ('F', '_', '_', ('NOT', ('&&', ('PRED', '<=', '_', '_'), ('PRED', '>=', '_', '_')))), ('F', '_', '_', ('PRED', '<', '_', '_'))))",req2137.pkl
949,1,req2138.pkl,"('G', '_', '_', ('||', ('F', '_', '_', ('NOT', ('&&', ('PRED', '<=', '_', '_'), ('PRED', '>=', '_', '_')))), ('F', '_', '_', ('NOT', ('&&', ('PRED', '<=', '_', '_'), ('PRED', '>=', '_', '_'))))))",req2138.pkl
950,1,req2141.pkl,"('G', '_', '_', ('&&', ('PRED', '>', '_', '_'), ('||', ('F', '_', '_', ('G', '_', '_', ('PRED', '<', '_', '_'))), ('NOT', ('PRED', '<', '_', '_')), ('NOT', ('PRED', '>', '_', '_')))))",req2141.pkl
951,1,req2148.pkl,"('G', '_', '_', ('&&', ('PRED', '<', '_', '_'), ('PRED', '>=', '_', '_'), ('||', ('PRED', '!=', '_', '_'), ('PRED', '>', '_', '_'))))",req2148.pkl
952,1,req2150.pkl,"('G', '_', '_', ('||', ('G', '_', '_', ('F', '_', '_', ('PRED', '!=', '_', '_'))), ('PRED', '=', '_', '_'), ('PRED', '>=', '_', '_')))",req2150.pkl
953,1,req2152.pkl,"('F', '_', '_', ('&&', ('PRED', '<', '_', '_'), ('||', ('NOT', ('PRED', '<', '_', '_')), ('NOT', ('PRED', '>=', '_', '_')))))",req2152.pkl
954,1,req2168.pkl,"('G', '_', '_', ('||', ('G', '_', '_', ('F', '_', '_', ('PRED', '<', '_', '_'))), ('PRED', '!=', '_', '_'), ('PRED', '<', '_', '_')))",req2168.pkl
955,1,req2176.pkl,"('G', '_', '_', ('UNTIL', '_', '_', ('UNTIL', '_', '_', ('&&', ('PRED', '<=', '_', '_'), ('PRED', '>=', '_', '_')), ('||', ('NOT', ('PRED', '<=', '_', '_')), ('NOT', ('PRED', '>=', '_', '_')), ('PRED', '>', '_', '_'))), ('PRED', '=', '_', '_')))",req2176.pkl
956,1,req2180.pkl,"('G', '_', '_', ('UNTIL', '_', '_', ('PRED', '=', '_', '_'), ('||', ('F', '_', '_', ('G', '_', '_', ('PRED', '=', '_', '_'))), ('PRED', '!=', '_', '_'))))",req2180.pkl
957,1,req2182.pkl,"('G', '_', '_', ('&&', ('PRED', '<', '_', '_'), ('PRED', '>=', '_', '_'), ('||', ('G', '_', '_', ('F', '_', '_', ('PRED', '!=', '_', '_'))), ('NOT', ('PRED', '<=', '_', '_')), ('NOT', ('PRED', '>=', '_', '_')))))",req2182.pkl
958,1,req2185.pkl,"('G', '_', '_', ('&&', ('PRED', '!=', '_', '_'), ('PRED', '<', '_', '_'), ('PRED', '>=', '_', '_')))",req2185.pkl
959,1,req2189.pkl,"('G', '_', '_', ('||', ('&&', ('NOT', ('NOT', ('PRED', '<=', '_', '_'))), ('NOT', ('NOT', ('PRED', '>=', '_', '_')))), ('G', '_', '_', ('PRED', '>=', '_', '_')), ('PRED', '=', '_', '_')))",req2189.pkl
960,1,req2193.pkl,"('G', '_', '_', ('||', ('&&', ('PRED', '<=', '_', '_'), ('PRED', '>=', '_', '_')), ('&&', ('PRED', '<=', '_', '_'), ('PRED', '>=', '_', '_'), ('||', ('&&', ('PRED', '<', '_', '_'), ('PRED', '>', '_', '_')), ('PRED', '!=', '_', '_')))))",req2193.pkl
961,1,req2195.pkl,"('G', '_', '_', ('&&', ('PRED', '>', '_', '_'), ('||', ('F', '_', '_', ('NOT', ('PRED', '>', '_', '_'))), ('PRED', '<', '_', '_'))))",req2195.pkl
962,1,req2196.pkl,"('G', '_', '_', ('&&', ('PRED', '=', '_', '_'), ('||', ('F', '_', '_', ('PRED', '=', '_', '_')), ('PRED', '!=', '_', '_'))))",req2196.pkl
963,1,req2210.pkl,"('G', '_', '_', ('||', ('G', '_', '_', ('F', '_', '_', ('PRED', '=', '_', '_'))), ('PRED', '!=', '_', '_'), ('PRED', '<', '_', '_')))",req2210.pkl
964,1,req2218.pkl,"('G', '_', '_', ('||', ('F', '_', '_', ('G', '_', '_', ('PRED', '>', '_', '_'))), ('NOT', ('PRED', '<', '_', '_')), ('NOT', ('PRED', '>', '_', '_')), ('PRED', '>=', '_', '_')))",req2218.pkl
965,1,req2221.pkl,"('G', '_', '_', ('&&', ('PRED', '>=', '_', '_'), ('||', ('F', '_', '_', ('PRED', '=', '_', '_')), ('PRED', '>', '_', '_'))))",req2221.pkl
966,1,req2224.pkl,"('G', '_', '_', ('||', ('F', '_', '_', ('G', '_', '_', ('&&', ('PRED', '<', '_', '_'), ('PRED', '>', '_', '_')))), ('G', '_', '_', ('NOT', ('NOT', ('PRED', '>=', '_', '_'))))))",req2224.pkl
967,1,req2226.pkl,"('F', '_', '_', ('&&', ('PRED', '<', '_', '_'), ('PRED', '<=', '_', '_'), ('PRED', '>', '_', '_'), ('PRED', '>', '_', '_')))",req2226.pkl
968,1,req2228.pkl,"('G', '_', '_', ('||', ('F', '_', '_', ('G', '_', '_', ('PRED', '!=', '_', '_'))), ('G', '_', '_', ('NOT', ('&&', ('PRED', '<', '_', '_'), ('PRED', '>', '_', '_'))))))",req2228.pkl
969,1,req2239.pkl,"('G', '_', '_', ('UNTIL', '_', '_', ('||', ('NOT', ('PRED', '<', '_', '_')), ('NOT', ('PRED', '>', '_', '_')), ('PRED', '>', '_', '_'), ('PRED', '>=', '_', '_')), ('PRED', '<=', '_', '_')))",req2239.pkl
970,1,req2241.pkl,"('G', '_', '_', ('UNTIL', '_', '_', ('&&', ('PRED', '!=', '_', '_'), ('||', ('PRED', '!=', '_', '_'), ('PRED', '>', '_', '_'))), ('PRED', '=', '_', '_')))",req2241.pkl
971,1,req2254.pkl,"('G', '_', '_', ('||', ('G', '_', '_', ('PRED', '=', '_', '_')), ('PRED', '!=', '_', '_'), ('PRED', '!=', '_', '_')))",req2254.pkl
972,1,req2257.pkl,"('G', '_', '_', ('&&', ('PRED', '<', '_', '_'), ('PRED', '>=', '_', '_'), ('||', ('F', '_', '_', ('G', '_', '_', ('PRED', '=', '_', '_'))), ('PRED', '!=', '_', '_'))))",req2257.pkl
973,1,req2259.pkl,"('G', '_', '_', ('UNTIL', '_', '_', ('||', ('&&', ('NOT', ('NOT', ('PRED', '<', '_', '_'))), ('NOT', ('NOT', ('PRED', '>', '_', '_')))), ('PRED', '<', '_', '_')), ('PRED', '=', '_', '_')))",req2259.pkl
974,1,req2261.pkl,"('G', '_', '_', ('UNTIL', '_', '_', ('PRED', '=', '_', '_'), ('||', ('F', '_', '_', ('G', '_', '_', ('&&', ('PRED', '<', '_', '_'), ('PRED', '>', '_', '_')))), ('PRED', '!=', '_', '_'))))",req2261.pkl
975,1,req2282.pkl,"('G', '_', '_', ('&&', ('PRED', '=', '_', '_'), ('||', ('G', '_', '_', ('PRED', '=', '_', '_')), ('PRED', '<=', '_', '_'))))",req2282.pkl
976,1,req2295.pkl,"('G', '_', '_', ('||', ('&&', ('PRED', '<', '_', '_'), ('PRED', '>=', '_', '_')), ('&&', ('PRED', '<=', '_', '_'), ('PRED', '>=', '_', '_'))))",req2295.pkl
977,1,req2309.pkl,"('G', '_', '_', ('||', ('&&', ('PRED', '>=', '_', '_'), ('||', ('PRED', '=', '_', '_'), ('PRED', '>', '_', '_'))), ('PRED', '=', '_', '_')))",req2309.pkl
978,1,req2310.pkl,"('G', '_', '_', ('||', ('F', '_', '_', ('PRED', '=', '_', '_')), ('G', '_', '_', ('NOT', ('PRED', '>', '_', '_')))))",req2310.pkl
979,1,req2314.pkl,"('G', '_', '_', ('||', ('&&', ('NOT', ('NOT', ('PRED', '<=', '_', '_'))), ('NOT', ('NOT', ('PRED', '>', '_', '_')))), ('G', '_', '_', ('PRED', '=', '_', '_'))))",req2314.pkl
980,1,req2318.pkl,"('G', '_', '_', ('UNTIL', '_', '_', ('PRED', '>=', '_', '_'), ('||', ('F', '_', '_', ('G', '_', '_', ('PRED', '<', '_', '_'))), ('PRED', '<=', '_', '_'))))",req2318.pkl
981,1,req2328.pkl,"('G', '_', '_', ('||', ('NOT', ('PRED', '<', '_', '_')), ('NOT', ('PRED', '>=', '_', '_')), ('PRED', '!=', '_', '_'), ('PRED', '=', '_', '_')))",req2328.pkl
982,1,req2330.pkl,"('G', '_', '_', ('||', ('F', '_', '_', ('NOT', ('PRED', '!=', '_', '_'))), ('G', '_', '_', ('F', '_', '_', ('PRED', '=', '_', '_')))))",req2330.pkl
983,1,req2333.pkl,"('G', '_', '_', ('&&', ('PRED', '!=', '_', '_'), ('||', ('F', '_', '_', ('G', '_', '_', ('PRED', '>', '_', '_'))), ('NOT', ('PRED', '<', '_', '_')), ('NOT', ('PRED', '>', '_', '_')))))",req2333.pkl
984,1,req2340.pkl,"('G', '_', '_', ('||', ('G', '_', '_', ('NOT', ('PRED', '<', '_', '_'))), ('PRED', '!=', '_', '_'), ('PRED', '=', '_', '_')))",req2340.pkl
985,1,req2342.pkl,"('G', '_', '_', ('||', ('&&', ('PRED', '<=', '_', '_'), ('PRED', '>=', '_', '_')), ('&&', ('PRED', '>', '_', '_'), ('||', ('PRED', '=', '_', '_'), ('PRED', '>=', '_', '_')))))",req2342.pkl
986,1,req2344.pkl,"('G', '_', '_', ('||', ('G', '_', '_', ('PRED', '=', '_', '_')), ('NOT', ('PRED', '<', '_', '_')), ('NOT', ('PRED', '>', '_', '_')), ('PRED', '>', '_', '_')))",req2344.pkl
987,1,req2348.pkl,"('G', '_', '_', ('&&', ('PRED', '<', '_', '_'), ('PRED', '>', '_', '_'), ('||', ('NOT', ('PRED', '<=', '_', '_')), ('NOT', ('PRED', '>=', '_', '_')), ('PRED', '<', '_', '_'))))",req2348.pkl
988,1,req2349.pkl,"('G', '_', '_', ('UNTIL', '_', '_', ('||', ('F', '_', '_', ('NOT', ('||', ('NOT', ('PRED', '<', '_', '_')), ('NOT', ('PRED', '>=', '_', '_'))))), ('PRED', '>=', '_', '_')), ('PRED', '<=', '_', '_')))",req2349.pkl
989,1,req2351.pkl,"('G', '_', '_', ('||', ('G', '_', '_', ('F', '_', '_', ('PRED', '=', '_', '_'))), ('NOT', ('PRED', '<', '_', '_')), ('NOT', ('PRED', '>', '_', '_')), ('PRED', '>', '_', '_')))",req2351.pkl
990,1,req2355.pkl,"('G', '_', '_', ('&&', ('PRED', '=', '_', '_'), ('||', ('NOT', ('PRED', '<=', '_', '_')), ('NOT', ('PRED', '>', '_', '_')), ('PRED', '<=', '_', '_'))))",req2355.pkl
991,1,req2357.pkl,"('G', '_', '_', ('||', ('&&', ('NOT', ('NOT', ('PRED', '<', '_', '_'))), ('NOT', ('NOT', ('PRED', '>', '_', '_')))), ('F', '_', '_', ('G', '_', '_', ('PRED', '=', '_', '_')))))",req2357.pkl
992,1,req2366.pkl,"('F', '_', '_', ('&&', ('||', ('NOT', ('PRED', '<', '_', '_')), ('NOT', ('PRED', '>=', '_', '_'))), ('||', ('NOT', ('PRED', '<', '_', '_')), ('NOT', ('PRED', '>=', '_', '_')))))",req2366.pkl
993,1,req2368.pkl,"('G', '_', '_', ('&&', ('PRED', '>=', '_', '_'), ('||', ('F', '_', '_', ('G', '_', '_', ('PRED', '>', '_', '_'))), ('PRED', '<', '_', '_'))))",req2368.pkl
994,1,req2372.pkl,"('G', '_', '_', ('&&', ('PRED', '<=', '_', '_'), ('PRED', '=', '_', '_'), ('PRED', '>=', '_', '_'), ('||', ('&&', ('PRED', '<=', '_', '_'), ('PRED', '>=', '_', '_')), ('PRED', '!=', '_', '_'))))",req2372.pkl
995,1,req2398.pkl,"('G', '_', '_', ('&&', ('PRED', '>=', '_', '_'), ('||', ('G', '_', '_', ('F', '_', '_', ('&&', ('PRED', '<=', '_', '_'), ('PRED', '>=', '_', '_')))), ('PRED', '!=', '_', '_'))))",req2398.pkl
996,1,req2399.pkl,"('G', '_', '_', ('||', ('G', '_', '_', ('PRED', '=', '_', '_')), ('NOT', ('PRED', '<', '_', '_')), ('NOT', ('PRED', '>', '_', '_')), ('PRED', '=', '_', '_')))",req2399.pkl
997,1,req2406.pkl,"('G', '_', '_', ('&&', ('PRED', '>=', '_', '_'), ('||', ('G', '_', '_', ('&&', ('PRED', '<=', '_', '_'), ('PRED', '>=', '_', '_'))), ('PRED', '<', '_', '_'))))",req2406.pkl
998,1,req2413.pkl,"('G', '_', '_', ('||', ('&&', ('PRED', '<', '_', '_'), ('PRED', '>', '_', '_')), ('&&', ('PRED', '<=', '_', '_'), ('||', ('PRED', '>', '_', '_'), ('PRED', '>=', '_', '_')))))",req2413.pkl
999,1,req2414.pkl,"('G', '_', '_', ('||', ('&&', ('PRED', '<=', '_', '_'), ('PRED', '>=', '_', '_')), ('NOT', ('UNTIL', '_', '_', ('PRED', '=', '_', '_'), ('PRED', '<=', '_', '_'))), ('PRED', '>', '_', '_')))",req2414.pkl
1000,1,req2415.pkl,"('G', '_', '_', ('&&', ('PRED', '>', '_', '_'), ('||', ('F', '_', '_', ('G', '_', '_', ('PRED', '!=', '_', '_'))), ('PRED', '>', '_', '_'))))",req2415.pkl
1001,1,req2424.pkl,"('G', '_', '_', ('||', ('G', '_', '_', ('F', '_', '_', ('PRED', '!=', '_', '_'))), ('PRED', '!=', '_', '_'), ('PRED', '=', '_', '_')))",req2424.pkl
1002,1,req2447.pkl,"('G', '_', '_', ('||', ('F', '_', '_', ('G', '_', '_', ('PRED', '>=', '_', '_'))), ('PRED', '=', '_', '_'), ('PRED', '>', '_', '_')))",req2447.pkl
1003,1,req2454.pkl,"('G', '_', '_', ('||', ('NOT', ('UNTIL', '_', '_', ('&&', ('PRED', '<', '_', '_'), ('PRED', '>', '_', '_')), ('PRED', '<=', '_', '_'))), ('PRED', '=', '_', '_'), ('PRED', '>', '_', '_')))",req2454.pkl
1004,1,req2462.pkl,"('G', '_', '_', ('||', ('F', '_', '_', ('G', '_', '_', ('&&', ('PRED', '<', '_', '_'), ('PRED', '>', '_', '_')))), ('PRED', '!=', '_', '_'), ('PRED', '!=', '_', '_')))",req2462.pkl
1005,1,req2467.pkl,"('G', '_', '_', ('UNTIL', '_', '_', ('&&', ('PRED', '>=', '_', '_'), ('||', ('PRED', '=', '_', '_'), ('PRED', '>=', '_', '_'))), ('PRED', '>=', '_', '_')))",req2467.pkl
1006,1,req2471.pkl,"('G', '_', '_', ('||', ('F', '_', '_', ('G', '_', '_', ('PRED', '!=', '_', '_'))), ('PRED', '=', '_', '_'), ('PRED', '>=', '_', '_')))",req2471.pkl
1007,1,req2473.pkl,"('G', '_', '_', ('&&', ('PRED', '<=', '_', '_'), ('||', ('F', '_', '_', ('G', '_', '_', ('PRED', '>=', '_', '_'))), ('PRED', '<=', '_', '_'))))",req2473.pkl
1008,1,req2475.pkl,"('G', '_', '_', ('||', ('&&', ('NOT', ('NOT', ('PRED', '<', '_', '_'))), ('NOT', ('NOT', ('PRED', '>=', '_', '_')))), ('F', '_', '_', ('G', '_', '_', ('PRED', '=', '_', '_')))))",req2475.pkl
1009,1,req2488.pkl,"('G', '_', '_', ('&&', ('PRED', '<', '_', '_'), ('||', ('PRED', '<', '_', '_'), ('PRED', '<=', '_', '_'))))",req2488.pkl
1010,1,req2490.pkl,"('G', '_', '_', ('||', ('G', '_', '_', ('F', '_', '_', ('PRED', '=', '_', '_'))), ('PRED', '=', '_', '_'), ('PRED', '>=', '_', '_')))",req2490.pkl
1011,1,req2502.pkl,"('G', '_', '_', ('||', ('PRED', '!=', '_', '_'), ('PRED', '<=', '_', '_'), ('PRED', '>=', '_', '_')))",req2502.pkl
1012,1,req2523.pkl,"('G', '_', '_', ('&&', ('PRED', '>=', '_', '_'), ('||', ('G', '_', '_', ('F', '_', '_', ('PRED', '<=', '_', '_'))), ('PRED', '>', '_', '_'))))",req2523.pkl
1013,1,req2539.pkl,"('G', '_', '_', ('&&', ('PRED', '<=', '_', '_'), ('PRED', '=', '_', '_'), ('||', ('PRED', '<=', '_', '_'), ('PRED', '>', '_', '_'))))",req2539.pkl
1014,1,req2546.pkl,"('G', '_', '_', ('||', ('F', '_', '_', ('G', '_', '_', ('&&', ('PRED', '<', '_', '_'), ('PRED', '>', '_', '_')))), ('F', '_', '_', ('NOT', ('NOT', ('PRED', '=', '_', '_'))))))",req2546.pkl
1015,1,req2556.pkl,"('G', '_', '_', ('&&', ('PRED', '!=', '_', '_'), ('PRED', '<=', '_', '_'), ('||', ('PRED', '<', '_', '_'), ('PRED', '>=', '_', '_'))))",req2556.pkl
1016,1,req2561.pkl,"('G', '_', '_', ('UNTIL', '_', '_', ('||', ('PRED', '<', '_', '_'), ('PRED', '<=', '_', '_'), ('PRED', '=', '_', '_')), ('PRED', '!=', '_', '_')))",req2561.pkl
1017,1,req2567.pkl,"('G', '_', '_', ('||', ('&&', ('NOT', ('NOT', ('PRED', '<', '_', '_'))), ('NOT', ('NOT', ('PRED', '>', '_', '_')))), ('PRED', '>=', '_', '_')))",req2567.pkl
1018,1,req2575.pkl,"('G', '_', '_', ('&&', ('PRED', '<', '_', '_'), ('PRED', '>', '_', '_'), ('||', ('G', '_', '_', ('F', '_', '_', ('PRED', '=', '_', '_'))), ('PRED', '<', '_', '_'))))",req2575.pkl
1019,1,req2577.pkl,"('G', '_', '_', ('||', ('&&', ('NOT', ('NOT', ('PRED', '<', '_', '_'))), ('NOT', ('NOT', ('PRED', '>=', '_', '_')))), ('G', '_', '_', ('F', '_', '_', ('&&', ('PRED', '<', '_', '_'), ('PRED', '>', '_', '_')))), ('PRED', '>=', '_', '_')))",req2577.pkl
1020,1,req2591.pkl,"('G', '_', '_', ('UNTIL', '_', '_', ('||', ('G', '_', '_', ('NOT', ('PRED', '=', '_', '_'))), ('PRED', '!=', '_', '_')), ('&&', ('PRED', '<=', '_', '_'), ('PRED', '>=', '_', '_'))))",req2591.pkl
1021,1,req2600.pkl,"('G', '_', '_', ('||', ('&&', ('PRED', '<', '_', '_'), ('PRED', '>', '_', '_')), ('G', '_', '_', ('PRED', '=', '_', '_')), ('PRED', '!=', '_', '_')))",req2600.pkl
1022,1,req2616.pkl,"('G', '_', '_', ('||', ('NOT', ('PRED', '<=', '_', '_')), ('NOT', ('PRED', '>=', '_', '_')), ('PRED', '<=', '_', '_'), ('PRED', '=', '_', '_')))",req2616.pkl
1023,1,req2626.pkl,"('G', '_', '_', ('UNTIL', '_', '_', ('||', ('PRED', '<=', '_', '_'), ('PRED', '<=', '_', '_')), ('PRED', '=', '_', '_')))",req2626.pkl
1024,1,req2630.pkl,"('G', '_', '_', ('&&', ('PRED', '>', '_', '_'), ('||', ('NOT', ('PRED', '<=', '_', '_')), ('NOT', ('PRED', '>', '_', '_')), ('PRED', '>', '_', '_'))))",req2630.pkl
1025,1,req2639.pkl,"('G', '_', '_', ('&&', ('PRED', '<', '_', '_'), ('PRED', '=', '_', '_'), ('||', ('PRED', '=', '_', '_'), ('PRED', '>=', '_', '_'))))",req2639.pkl
1026,1,req2640.pkl,"('G', '_', '_', ('||', ('&&', ('PRED', '<', '_', '_'), ('PRED', '>', '_', '_')), ('F', '_', '_', ('G', '_', '_', ('&&', ('PRED', '<=', '_', '_'), ('PRED', '>=', '_', '_')))), ('PRED', '!=', '_', '_')))",req2640.pkl
1027,1,req2647.pkl,"('G', '_', '_', ('||', ('G', '_', '_', ('PRED', '!=', '_', '_')), ('PRED', '=', '_', '_')))",req2647.pkl
1028,1,req2648.pkl,"('G', '_', '_', ('UNTIL', '_', '_', ('&&', ('PRED', '<=', '_', '_'), ('PRED', '>', '_', '_')), ('||', ('F', '_', '_', ('&&', ('PRED', '<=', '_', '_'), ('PRED', '>=', '_', '_'))), ('PRED', '<=', '_', '_'))))",req2648.pkl
1029,1,req2649.pkl,"('G', '_', '_', ('&&', ('PRED', '<=', '_', '_'), ('||', ('G', '_', '_', ('NOT', ('PRED', '!=', '_', '_'))), ('PRED', '<', '_', '_'))))",req2649.pkl
1030,1,req2651.pkl,"('G', '_', '_', ('&&', ('PRED', '>=', '_', '_'), ('||', ('NOT', ('PRED', '<=', '_', '_')), ('NOT', ('PRED', '>=', '_', '_')), ('PRED', '>=', '_', '_'))))",req2651.pkl
1031,1,req2655.pkl,"('G', '_', '_', ('&&', ('PRED', '<', '_', '_'), ('PRED', '>', '_', '_'), ('||', ('&&', ('PRED', '<=', '_', '_'), ('PRED', '>=', '_', '_')), ('PRED', '>=', '_', '_'))))",req2655.pkl
1032,1,req2664.pkl,"('G', '_', '_', ('UNTIL', '_', '_', ('||', ('PRED', '!=', '_', '_'), ('PRED', '=', '_', '_'), ('PRED', '>=', '_', '_')), ('PRED', '>=', '_', '_')))",req2664.pkl
1033,1,req2666.pkl,"('G', '_', '_', ('||', ('&&', ('PRED', '<=', '_', '_'), ('PRED', '>=', '_', '_')), ('F', '_', '_', ('G', '_', '_', ('&&', ('PRED', '<=', '_', '_'), ('PRED', '>=', '_', '_')))), ('PRED', '<=', '_', '_')))",req2666.pkl
1034,1,req2669.pkl,"('G', '_', '_', ('&&', ('PRED', '<', '_', '_'), ('||', ('G', '_', '_', ('F', '_', '_', ('PRED', '>', '_', '_'))), ('PRED', '<', '_', '_'))))",req2669.pkl
1035,1,req2673.pkl,"('G', '_', '_', ('||', ('&&', ('PRED', '<=', '_', '_'), ('||', ('NOT', ('PRED', '<=', '_', '_')), ('NOT', ('PRED', '>=', '_', '_')), ('PRED', '>', '_', '_'))), ('PRED', '!=', '_', '_')))",req2673.pkl
1036,1,req2674.pkl,"('G', '_', '_', ('||', ('G', '_', '_', ('F', '_', '_', ('&&', ('PRED', '<', '_', '_'), ('PRED', '>=', '_', '_')))), ('PRED', '=', '_', '_'), ('PRED', '>=', '_', '_')))",req2674.pkl
1037,1,req2677.pkl,"('G', '_', '_', ('&&', ('PRED', '<=', '_', '_'), ('PRED', '>=', '_', '_'), ('||', ('G', '_', '_', ('F', '_', '_', ('PRED', '=', '_', '_'))), ('PRED', '<', '_', '_'))))",req2677.pkl
1038,1,req2681.pkl,"('G', '_', '_', ('&&', ('PRED', '<=', '_', '_'), ('PRED', '<=', '_', '_'), ('||', ('PRED', '<=', '_', '_'), ('PRED', '>=', '_', '_'))))",req2681.pkl
1039,1,req2698.pkl,"('G', '_', '_', ('||', ('&&', ('PRED', '<=', '_', '_'), ('PRED', '>=', '_', '_')), ('G', '_', '_', ('F', '_', '_', ('&&', ('PRED', '<', '_', '_'), ('PRED', '>', '_', '_')))), ('NOT', ('PRED', '<=', '_', '_')), ('NOT', ('PRED', '>=', '_', '_'))))",req2698.pkl
1040,1,req2715.pkl,"('G', '_', '_', ('||', ('F', '_', '_', ('G', '_', '_', ('PRED', '<', '_', '_'))), ('NOT', ('PRED', '<=', '_', '_')), ('NOT', ('PRED', '>=', '_', '_')), ('PRED', '>=', '_', '_')))",req2715.pkl
1041,1,req2721.pkl,"('G', '_', '_', ('||', ('F', '_', '_', ('NOT', ('&&', ('PRED', '<=', '_', '_'), ('PRED', '>=', '_', '_')))), ('PRED', '>', '_', '_')))",req2721.pkl
1042,1,req2724.pkl,"('G', '_', '_', ('||', ('&&', ('PRED', '<', '_', '_'), ('PRED', '>', '_', '_')), ('G', '_', '_', ('F', '_', '_', ('PRED', '<=', '_', '_'))), ('PRED', '!=', '_', '_')))",req2724.pkl
1043,1,req2725.pkl,"('G', '_', '_', ('&&', ('PRED', '<', '_', '_'), ('||', ('F', '_', '_', ('G', '_', '_', ('PRED', '<', '_', '_'))), ('PRED', '!=', '_', '_'))))",req2725.pkl
1044,1,req2734.pkl,"('G', '_', '_', ('||', ('PRED', '!=', '_', '_'), ('PRED', '<', '_', '_'), ('PRED', '=', '_', '_'), ('PRED', '>', '_', '_')))",req2734.pkl
1045,1,req2736.pkl,"('G', '_', '_', ('UNTIL', '_', '_', ('||', ('&&', ('PRED', '<=', '_', '_'), ('PRED', '>=', '_', '_')), ('PRED', '<', '_', '_')), ('PRED', '<', '_', '_')))",req2736.pkl
1046,1,req2749.pkl,"('G', '_', '_', ('UNTIL', '_', '_', ('&&', ('PRED', '>=', '_', '_'), ('||', ('PRED', '>', '_', '_'), ('PRED', '>=', '_', '_'))), ('PRED', '=', '_', '_')))",req2749.pkl
1047,1,req2755.pkl,"('G', '_', '_', ('||', ('&&', ('PRED', '=', '_', '_'), ('||', ('PRED', '=', '_', '_'), ('PRED', '>=', '_', '_'))), ('PRED', '=', '_', '_')))",req2755.pkl
1048,1,req2762.pkl,"('G', '_', '_', ('UNTIL', '_', '_', ('||', ('PRED', '>', '_', '_'), ('PRED', '>=', '_', '_')), ('PRED', '=', '_', '_')))",req2762.pkl
1049,1,req2769.pkl,"('G', '_', '_', ('&&', ('PRED', '=', '_', '_'), ('PRED', '=', '_', '_'), ('||', ('PRED', '<=', '_', '_'), ('PRED', '>=', '_', '_'))))",req2769.pkl
1050,1,req2787.pkl,"('G', '_', '_', ('||', ('F', '_', '_', ('PRED', '=', '_', '_')), ('PRED', '!=', '_', '_'), ('PRED', '<', '_', '_')))",req2787.pkl
1051,1,req2794.pkl,"('G', '_', '_', ('UNTIL', '_', '_', ('||', ('PRED', '!=', '_', '_'), ('PRED', '<=', '_', '_')), ('PRED', '!=', '_', '_')))",req2794.pkl
1052,1,req2798.pkl,"('G', '_', '_', ('UNTIL', '_', '_', ('&&', ('PRED', '!=', '_', '_'), ('||', ('PRED', '<', '_', '_'), ('PRED', '>=', '_', '_'))), ('PRED', '>', '_', '_')))",req2798.pkl
1053,1,req2804.pkl,"('F', '_', '_', ('&&', ('PRED', '<', '_', '_'), ('||', ('NOT', ('PRED', '<', '_', '_')), ('NOT', ('PRED', '>', '_', '_')))))",req2804.pkl
1054,1,req2816.pkl,"('G', '_', '_', ('||', ('&&', ('PRED', '<=', '_', '_'), ('||', ('NOT', ('PRED', '<', '_', '_')), ('NOT', ('PRED', '>', '_', '_')), ('PRED', '>=', '_', '_'))), ('PRED', '=', '_', '_')))",req2816.pkl
1055,1,req2820.pkl,"('G', '_', '_', ('||', ('&&', ('PRED', '<', '_', '_'), ('PRED', '>=', '_', '_')), ('G', '_', '_', ('PRED', '=', '_', '_')), ('PRED', '<', '_', '_')))",req2820.pkl
1056,1,req2825.pkl,"('G', '_', '_', ('||', ('PRED', '<=', '_', '_'), ('PRED', '>', '_', '_'), ('PRED', '>=', '_', '_')))",req2825.pkl
1057,1,req2832.pkl,"('G', '_', '_', ('||', ('G', '_', '_', ('F', '_', '_', ('&&', ('PRED', '<=', '_', '_'), ('PRED', '>=', '_', '_')))), ('PRED', '!=', '_', '_')))",req2832.pkl
1058,1,req2835.pkl,"('G', '_', '_', ('&&', ('PRED', '<', '_', '_'), ('PRED', '>', '_', '_'), ('||', ('F', '_', '_', ('G', '_', '_', ('&&', ('PRED', '<', '_', '_'), ('PRED', '>', '_', '_')))), ('NOT', ('PRED', '<', '_', '_')), ('NOT', ('PRED', '>=', '_', '_')))))",req2835.pkl
1059,1,req2839.pkl,"('G', '_', '_', ('||', ('&&', ('PRED', '<', '_', '_'), ('PRED', '>', '_', '_')), ('NOT', ('UNTIL', '_', '_', ('&&', ('PRED', '<=', '_', '_'), ('PRED', '>=', '_', '_')), ('PRED', '=', '_', '_'))), ('PRED', '>=', '_', '_')))",req2839.pkl
1060,1,req2844.pkl,"('G', '_', '_', ('||', ('F', '_', '_', ('NOT', ('&&', ('PRED', '<', '_', '_'), ('PRED', '>', '_', '_')))), ('G', '_', '_', ('PRED', '=', '_', '_'))))",req2844.pkl
1061,1,req2851.pkl,"('G', '_', '_', ('&&', ('PRED', '<', '_', '_'), ('PRED', '=', '_', '_'), ('PRED', '>', '_', '_'), ('||', ('&&', ('PRED', '<=', '_', '_'), ('PRED', '>=', '_', '_')), ('PRED', '=', '_', '_'))))",req2851.pkl
1062,1,req2859.pkl,"('G', '_', '_', ('&&', ('PRED', '>', '_', '_'), ('||', ('F', '_', '_', ('PRED', '<=', '_', '_')), ('PRED', '>', '_', '_'))))",req2859.pkl
1063,1,req2877.pkl,"('F', '_', '_', ('&&', ('PRED', '<=', '_', '_'), ('||', ('NOT', ('PRED', '<', '_', '_')), ('NOT', ('PRED', '>', '_', '_')))))",req2877.pkl
1064,1,req2883.pkl,"('G', '_', '_', ('||', ('&&', ('PRED', '=', '_', '_'), ('||', ('NOT', ('PRED', '<=', '_', '_')), ('NOT', ('PRED', '>=', '_', '_')), ('PRED', '<', '_', '_'))), ('PRED', '=', '_', '_')))",req2883.pkl
1065,1,req2891.pkl,"('G', '_', '_', ('||', ('F', '_', '_', ('G', '_', '_', ('PRED', '=', '_', '_'))), ('UNTIL', '_', '_', ('PRED', '>', '_', '_'), ('PRED', '>', '_', '_'))))",req2891.pkl
1066,1,req2892.pkl,"('G', '_', '_', ('||', ('F', '_', '_', ('G', '_', '_', ('PRED', '=', '_', '_'))), ('F', '_', '_', ('NOT', ('NOT', ('PRED', '>=', '_', '_'))))))",req2892.pkl
1067,1,req2893.pkl,"('G', '_', '_', ('||', ('G', '_', '_', ('PRED', '>=', '_', '_')), ('PRED', '!=', '_', '_'), ('PRED', '>=', '_', '_')))",req2893.pkl
1068,1,req2894.pkl,"('G', '_', '_', ('||', ('F', '_', '_', ('G', '_', '_', ('PRED', '>=', '_', '_'))), ('PRED', '>', '_', '_'), ('PRED', '>', '_', '_')))",req2894.pkl
1069,1,req2900.pkl,"('G', '_', '_', ('||', ('&&', ('PRED', '<', '_', '_'), ('||', ('PRED', '>', '_', '_'), ('PRED', '>=', '_', '_'))), ('PRED', '>', '_', '_')))",req2900.pkl
1070,1,req2905.pkl,"('G', '_', '_', ('UNTIL', '_', '_', ('&&', ('PRED', '<', '_', '_'), ('||', ('NOT', ('PRED', '<', '_', '_')), ('NOT', ('PRED', '>', '_', '_')), ('PRED', '>', '_', '_'))), ('PRED', '>=', '_', '_')))",req2905.pkl
1071,1,req2907.pkl,"('G', '_', '_', ('||', ('F', '_', '_', ('PRED', '=', '_', '_')), ('PRED', '<', '_', '_'), ('PRED', '<', '_', '_')))",req2907.pkl
1072,1,req2916.pkl,"('G', '_', '_', ('UNTIL', '_', '_', ('&&', ('PRED', '<=', '_', '_'), ('PRED', '>=', '_', '_'), ('||', ('&&', ('PRED', '<=', '_', '_'), ('PRED', '>=', '_', '_')), ('PRED', '!=', '_', '_'))), ('PRED', '=', '_', '_')))",req2916.pkl
1073,1,req2918.pkl,"('G', '_', '_', ('||', ('&&', ('PRED', '<', '_', '_'), ('||', ('NOT', ('PRED', '<=', '_', '_')), ('NOT', ('PRED', '>', '_', '_')), ('PRED', '>', '_', '_'))), ('PRED', '=', '_', '_')))",req2918.pkl
1074,1,req2923.pkl,"('G', '_', '_', ('UNTIL', '_', '_', ('&&', ('PRED', '<', '_', '_'), ('||', ('NOT', ('PRED', '<', '_', '_')), ('NOT', ('PRED', '>', '_', '_')), ('PRED', '<=', '_', '_'))), ('PRED', '=', '_', '_')))",req2923.pkl
1075,1,req2926.pkl,"('G', '_', '_', ('&&', ('PRED', '>=', '_', '_'), ('||', ('G', '_', '_', ('PRED', '=', '_', '_')), ('PRED', '<', '_', '_'))))",req2926.pkl
1076,1,req2928.pkl,"('G', '_', '_', ('&&', ('PRED', '<', '_', '_'), ('PRED', '=', '_', '_'), ('||', ('PRED', '=', '_', '_'), ('PRED', '>', '_', '_'))))",req2928.pkl
1077,1,req2938.pkl,"('G', '_', '_', ('&&', ('PRED', '=', '_', '_'), ('||', ('F', '_', '_', ('G', '_', '_', ('PRED', '>', '_', '_'))), ('NOT', ('PRED', '<', '_', '_')), ('NOT', ('PRED', '>', '_', '_')))))",req2938.pkl
1078,1,req2943.pkl,"('G', '_', '_', ('&&', ('PRED', '<=', '_', '_'), ('PRED', '=', '_', '_'), ('||', ('PRED', '!=', '_', '_'), ('PRED', '>', '_', '_'))))",req2943.pkl
1079,1,req2947.pkl,"('G', '_', '_', ('&&', ('PRED', '>=', '_', '_'), ('||', ('NOT', ('PRED', '<', '_', '_')), ('NOT', ('PRED', '>', '_', '_')), ('NOT', ('UNTIL', '_', '_', ('PRED', '=', '_', '_'), ('PRED', '>', '_', '_'))))))",req2947.pkl
1080,1,req2949.pkl,"('G', '_', '_', ('UNTIL', '_', '_', ('&&', ('PRED', '<', '_', '_'), ('PRED', '>=', '_', '_')), ('||', ('F', '_', '_', ('G', '_', '_', ('PRED', '=', '_', '_'))), ('NOT', ('PRED', '<=', '_', '_')), ('NOT', ('PRED', '>=', '_', '_')))))",req2949.pkl
1081,1,req2950.pkl,"('G', '_', '_', ('||', ('G', '_', '_', ('NOT', ('NOT', ('PRED', '<=', '_', '_')))), ('G', '_', '_', ('PRED', '<', '_', '_'))))",req2950.pkl
1082,1,req2952.pkl,"('G', '_', '_', ('||', ('&&', ('NOT', ('NOT', ('PRED', '<', '_', '_'))), ('NOT', ('NOT', ('PRED', '>', '_', '_')))), ('PRED', '!=', '_', '_'), ('PRED', '!=', '_', '_')))",req2952.pkl
1083,1,req2956.pkl,"('G', '_', '_', ('||', ('G', '_', '_', ('PRED', '=', '_', '_')), ('PRED', '<=', '_', '_'), ('PRED', '=', '_', '_')))",req2956.pkl
1084,1,req2977.pkl,"('G', '_', '_', ('&&', ('PRED', '<=', '_', '_'), ('||', ('PRED', '=', '_', '_'), ('PRED', '>', '_', '_'))))",req2977.pkl
1085,1,req2980.pkl,"('G', '_', '_', ('&&', ('PRED', '<', '_', '_'), ('PRED', '>', '_', '_'), ('||', ('G', '_', '_', ('PRED', '=', '_', '_')), ('PRED', '!=', '_', '_'))))",req2980.pkl
1086,1,req2985.pkl,"('G', '_', '_', ('UNTIL', '_', '_', ('||', ('&&', ('PRED', '<=', '_', '_'), ('PRED', '>=', '_', '_')), ('PRED', '>', '_', '_')), ('PRED', '>', '_', '_')))",req2985.pkl
1087,1,req2990.pkl,"('G', '_', '_', ('||', ('&&', ('NOT', ('NOT', ('PRED', '<=', '_', '_'))), ('NOT', ('NOT', ('PRED', '>=', '_', '_')))), ('PRED', '<=', '_', '_'), ('PRED', '=', '_', '_')))",req2990.pkl
1088,1,req2991.pkl,"('G', '_', '_', ('&&', ('PRED', '<', '_', '_'), ('PRED', '=', '_', '_'), ('||', ('PRED', '>', '_', '_'), ('PRED', '>', '_', '_'))))",req2991.pkl
1089,1,req2994.pkl,"('G', '_', '_', ('&&', ('PRED', '<', '_', '_'), ('||', ('G', '_', '_', ('F', '_', '_', ('&&', ('PRED', '<=', '_', '_'), ('PRED', '>=', '_', '_')))), ('PRED', '>=', '_', '_'))))",req2994.pkl
1090,1,req2997.pkl,"('G', '_', '_', ('&&', ('PRED', '=', '_', '_'), ('||', ('NOT', ('PRED', '<', '_', '_')), ('NOT', ('PRED', '>', '_', '_')), ('NOT', ('UNTIL', '_', '_', ('PRED', '>=', '_', '_'), ('&&', ('PRED', '<=', '_', '_'), ('PRED', '>', '_', '_')))))))",req2997.pkl
1091,1,req3004.pkl,"('G', '_', '_', ('||', ('F', '_', '_', ('&&', ('PRED', '<', '_', '_'), ('PRED', '>=', '_', '_'))), ('PRED', '<', '_', '_')))",req3004.pkl
1092,1,req3006.pkl,"('G', '_', '_', ('&&', ('PRED', '!=', '_', '_'), ('||', ('PRED', '<', '_', '_'), ('PRED', '=', '_', '_'))))",req3006.pkl
1093,1,req3014.pkl,"('G', '_', '_', ('UNTIL', '_', '_', ('||', ('&&', ('NOT', ('NOT', ('PRED', '<=', '_', '_'))), ('NOT', ('NOT', ('PRED', '>=', '_', '_')))), ('PRED', '>=', '_', '_')), ('&&', ('PRED', '<=', '_', '_'), ('PRED', '>=', '_', '_'))))",req3014.pkl
1094,1,req3031.pkl,"('G', '_', '_', ('UNTIL', '_', '_', ('&&', ('PRED', '>', '_', '_'), ('||', ('PRED', '!=', '_', '_'), ('PRED', '=', '_', '_'))), ('PRED', '=', '_', '_')))",req3031.pkl
1095,1,req3039.pkl,"('G', '_', '_', ('||', ('F', '_', '_', ('&&', ('PRED', '<', '_', '_'), ('PRED', '>', '_', '_'))), ('PRED', '!=', '_', '_'), ('PRED', '=', '_', '_')))",req3039.pkl
1096,1,req3042.pkl,"('G', '_', '_', ('UNTIL', '_', '_', ('||', ('&&', ('PRED', '<', '_', '_'), ('PRED', '>', '_', '_')), ('F', '_', '_', ('NOT', ('PRED', '=', '_', '_')))), ('PRED', '>=', '_', '_')))",req3042.pkl
1097,1,req3045.pkl,"('G', '_', '_', ('&&', ('PRED', '>=', '_', '_'), ('||', ('PRED', '<=', '_', '_'), ('PRED', '<=', '_', '_'))))",req3045.pkl
1098,1,req3048.pkl,"('G', '_', '_', ('||', ('&&', ('PRED', '<=', '_', '_'), ('PRED', '>=', '_', '_')), ('&&', ('PRED', '<=', '_', '_'), ('||', ('NOT', ('PRED', '<=', '_', '_')), ('NOT', ('PRED', '>', '_', '_')), ('PRED', '>=', '_', '_')))))",req3048.pkl
1099,1,req3052.pkl,"('G', '_', '_', ('||', ('&&', ('PRED', '<=', '_', '_'), ('PRED', '>=', '_', '_')), ('&&', ('PRED', '>=', '_', '_'), ('||', ('&&', ('NOT', ('NOT', ('PRED', '<', '_', '_'))), ('NOT', ('NOT', ('PRED', '>', '_', '_')))), ('PRED', '=', '_', '_')))))",req3052.pkl
1100,1,req3057.pkl,"('G', '_', '_', ('UNTIL', '_', '_', ('||', ('PRED', '<', '_', '_'), ('PRED', '<', '_', '_')), ('PRED', '>=', '_', '_')))",req3057.pkl
1101,1,req3059.pkl,"('G', '_', '_', ('||', ('G', '_', '_', ('F', '_', '_', ('PRED', '!=', '_', '_'))), ('PRED', '<', '_', '_'), ('PRED', '>', '_', '_')))",req3059.pkl
1102,1,req3065.pkl,"('G', '_', '_', ('||', ('&&', ('PRED', '>', '_', '_'), ('||', ('PRED', '<=', '_', '_'), ('PRED', '=', '_', '_'))), ('PRED', '>=', '_', '_')))",req3065.pkl
1103,1,req3066.pkl,"('G', '_', '_', ('||', ('F', '_', '_', ('G', '_', '_', ('PRED', '=', '_', '_'))), ('G', '_', '_', ('NOT', ('PRED', '=', '_', '_')))))",req3066.pkl
1104,1,req3071.pkl,"('G', '_', '_', ('||', ('F', '_', '_', ('NOT', ('PRED', '<', '_', '_'))), ('G', '_', '_', ('PRED', '>=', '_', '_'))))",req3071.pkl
1105,1,req3086.pkl,"('G', '_', '_', ('||', ('NOT', ('UNTIL', '_', '_', ('||', ('NOT', ('PRED', '<', '_', '_')), ('NOT', ('PRED', '>', '_', '_'))), ('PRED', '=', '_', '_'))), ('PRED', '!=', '_', '_')))",req3086.pkl
1106,1,req3089.pkl,"('G', '_', '_', ('||', ('F', '_', '_', ('&&', ('PRED', '<=', '_', '_'), ('PRED', '>=', '_', '_'))), ('PRED', '<', '_', '_')))",req3089.pkl
1107,1,req3094.pkl,"('G', '_', '_', ('&&', ('PRED', '<=', '_', '_'), ('PRED', '>=', '_', '_'), ('||', ('F', '_', '_', ('G', '_', '_', ('&&', ('PRED', '<', '_', '_'), ('PRED', '>', '_', '_')))), ('PRED', '!=', '_', '_'))))",req3094.pkl
1108,1,req3096.pkl,"('G', '_', '_', ('||', ('F', '_', '_', ('G', '_', '_', ('PRED', '>=', '_', '_'))), ('UNTIL', '_', '_', ('PRED', '<=', '_', '_'), ('PRED', '=', '_', '_'))))",req3096.pkl
1109,1,req3099.pkl,"('G', '_', '_', ('&&', ('PRED', '!=', '_', '_'), ('PRED', '=', '_', '_'), ('||', ('PRED', '!=', '_', '_'), ('PRED', '<', '_', '_'))))",req3099.pkl
1110,1,req3101.pkl,"('G', '_', '_', ('UNTIL', '_', '_', ('||', ('F', '_', '_', ('NOT', ('&&', ('PRED', '<=', '_', '_'), ('PRED', '>=', '_', '_')))), ('PRED', '>=', '_', '_')), ('PRED', '!=', '_', '_')))",req3101.pkl
1111,1,req3112.pkl,"('G', '_', '_', ('||', ('NOT', ('PRED', '<=', '_', '_')), ('NOT', ('PRED', '>', '_', '_')), ('PRED', '>=', '_', '_')))",req3112.pkl
1112,1,req3121.pkl,"('G', '_', '_', ('||', ('F', '_', '_', ('G', '_', '_', ('PRED', '<', '_', '_'))), ('G', '_', '_', ('NOT', ('PRED', '>=', '_', '_')))))",req3121.pkl
1113,1,req3122.pkl,"('G', '_', '_', ('&&', ('PRED', '>', '_', '_'), ('||', ('PRED', '!=', '_', '_'), ('PRED', '!=', '_', '_'))))",req3122.pkl
1114,1,req3124.pkl,"('G', '_', '_', ('&&', ('PRED', '=', '_', '_'), ('||', ('F', '_', '_', ('&&', ('PRED', '<=', '_', '_'), ('PRED', '>=', '_', '_'))), ('PRED', '<=', '_', '_'))))",req3124.pkl
1115,1,req3126.pkl,"('G', '_', '_', ('UNTIL', '_', '_', ('||', ('&&', ('PRED', '<', '_', '_'), ('PRED', '>', '_', '_')), ('PRED', '!=', '_', '_'), ('PRED', '!=', '_', '_')), ('&&', ('PRED', '<', '_', '_'), ('PRED', '>', '_', '_'))))",req3126.pkl
1116,1,req3127.pkl,"('G', '_', '_', ('&&', ('PRED', '<', '_', '_'), ('PRED', '<=', '_', '_'), ('PRED', '>=', '_', '_'), ('||', ('PRED', '<', '_', '_'), ('PRED', '>=', '_', '_'))))",req3127.pkl
1117,1,req3146.pkl,"('G', '_', '_', ('UNTIL', '_', '_', ('||', ('PRED', '!=', '_', '_'), ('PRED', '=', '_', '_'), ('PRED', '=', '_', '_')), ('PRED', '>=', '_', '_')))",req3146.pkl
1118,1,req3148.pkl,"('G', '_', '_', ('&&', ('PRED', '=', '_', '_'), ('||', ('NOT', ('PRED', '<', '_', '_')), ('NOT', ('PRED', '<=', '_', '_')), ('NOT', ('PRED', '>', '_', '_')), ('NOT', ('PRED', '>=', '_', '_')))))",req3148.pkl
1119,1,req3158.pkl,"('G', '_', '_', ('||', ('&&', ('PRED', '<=', '_', '_'), ('||', ('PRED', '<=', '_', '_'), ('PRED', '>=', '_', '_'))), ('PRED', '<', '_', '_')))",req3158.pkl
1120,1,req3165.pkl,"('G', '_', '_', ('&&', ('PRED', '=', '_', '_'), ('||', ('NOT', ('PRED', '<', '_', '_')), ('NOT', ('PRED', '>', '_', '_')), ('NOT', ('UNTIL', '_', '_', ('PRED', '=', '_', '_'), ('PRED', '>=', '_', '_'))))))",req3165.pkl
1121,1,req3168.pkl,"('G', '_', '_', ('||', ('F', '_', '_', ('NOT', ('&&', ('PRED', '<', '_', '_'), ('PRED', '>', '_', '_')))), ('PRED', '>=', '_', '_')))",req3168.pkl
1122,1,req3170.pkl,"('G', '_', '_', ('||', ('&&', ('PRED', '<=', '_', '_'), ('PRED', '>=', '_', '_')), ('F', '_', '_', ('G', '_', '_', ('PRED', '>=', '_', '_'))), ('NOT', ('PRED', '<=', '_', '_')), ('NOT', ('PRED', '>=', '_', '_'))))",req3170.pkl
1123,1,req3177.pkl,"('G', '_', '_', ('&&', ('PRED', '=', '_', '_'), ('||', ('G', '_', '_', ('F', '_', '_', ('PRED', '<=', '_', '_'))), ('PRED', '>=', '_', '_'))))",req3177.pkl
1124,1,req3184.pkl,"('G', '_', '_', ('&&', ('PRED', '=', '_', '_'), ('||', ('F', '_', '_', ('G', '_', '_', ('&&', ('PRED', '<=', '_', '_'), ('PRED', '>=', '_', '_')))), ('PRED', '<', '_', '_'))))",req3184.pkl
1125,1,req3185.pkl,"('G', '_', '_', ('&&', ('PRED', '=', '_', '_'), ('||', ('F', '_', '_', ('PRED', '<', '_', '_')), ('PRED', '<', '_', '_'))))",req3185.pkl
1126,1,req3191.pkl,"('G', '_', '_', ('UNTIL', '_', '_', ('||', ('NOT', ('PRED', '<', '_', '_')), ('NOT', ('PRED', '>', '_', '_')), ('PRED', '<', '_', '_'), ('PRED', '=', '_', '_')), ('PRED', '=', '_', '_')))",req3191.pkl
1127,1,req3194.pkl,"('G', '_', '_', ('||', ('F', '_', '_', ('PRED', '<', '_', '_')), ('PRED', '>', '_', '_'), ('PRED', '>=', '_', '_')))",req3194.pkl
1128,1,req3197.pkl,"('G', '_', '_', ('&&', ('PRED', '>', '_', '_'), ('||', ('NOT', ('PRED', '<=', '_', '_')), ('NOT', ('PRED', '>=', '_', '_')), ('PRED', '=', '_', '_'))))",req3197.pkl
1129,1,req3201.pkl,"('G', '_', '_', ('&&', ('PRED', '<=', '_', '_'), ('PRED', '>', '_', '_'), ('||', ('PRED', '=', '_', '_'), ('PRED', '>', '_', '_'))))",req3201.pkl
1130,1,req3217.pkl,"('F', '_', '_', ('||', ('&&', ('PRED', '<=', '_', '_'), ('PRED', '>', '_', '_')), ('PRED', '>', '_', '_')))",req3217.pkl
1131,1,req3220.pkl,"('G', '_', '_', ('&&', ('PRED', '>=', '_', '_'), ('||', ('G', '_', '_', ('F', '_', '_', ('PRED', '<=', '_', '_'))), ('PRED', '!=', '_', '_'))))",req3220.pkl
1132,1,req3228.pkl,"('G', '_', '_', ('||', ('&&', ('PRED', '>=', '_', '_'), ('||', ('PRED', '!=', '_', '_'), ('PRED', '>=', '_', '_'))), ('PRED', '!=', '_', '_')))",req3228.pkl
1133,1,req3233.pkl,"('G', '_', '_', ('&&', ('PRED', '<=', '_', '_'), ('||', ('G', '_', '_', ('&&', ('PRED', '<=', '_', '_'), ('PRED', '>=', '_', '_'))), ('NOT', ('PRED', '<', '_', '_')), ('NOT', ('PRED', '>', '_', '_')))))",req3233.pkl
1134,1,req3237.pkl,"('G', '_', '_', ('||', ('PRED', '<', '_', '_'), ('PRED', '=', '_', '_'), ('PRED', '>', '_', '_'), ('PRED', '>', '_', '_')))",req3237.pkl
1135,1,req3242.pkl,"('G', '_', '_', ('&&', ('PRED', '<', '_', '_'), ('||', ('G', '_', '_', ('F', '_', '_', ('PRED', '=', '_', '_'))), ('PRED', '<=', '_', '_'))))",req3242.pkl
1136,1,req3250.pkl,"('G', '_', '_', ('||', ('&&', ('NOT', ('NOT', ('PRED', '<=', '_', '_'))), ('NOT', ('NOT', ('PRED', '>=', '_', '_')))), ('PRED', '<', '_', '_')))",req3250.pkl
1137,1,req3260.pkl,"('G', '_', '_', ('&&', ('PRED', '<=', '_', '_'), ('PRED', '=', '_', '_'), ('PRED', '>=', '_', '_'), ('||', ('&&', ('NOT', ('NOT', ('PRED', '<=', '_', '_'))), ('NOT', ('NOT', ('PRED', '>=', '_', '_')))), ('PRED', '=', '_', '_'))))",req3260.pkl
1138,1,req3262.pkl,"('G', '_', '_', ('||', ('&&', ('NOT', ('NOT', ('PRED', '<', '_', '_'))), ('NOT', ('NOT', ('PRED', '>', '_', '_')))), ('G', '_', '_', ('F', '_', '_', ('PRED', '=', '_', '_')))))",req3262.pkl
1139,1,req3264.pkl,"('G', '_', '_', ('UNTIL', '_', '_', ('||', ('F', '_', '_', ('NOT', ('PRED', '<', '_', '_'))), ('PRED', '>', '_', '_')), ('PRED', '=', '_', '_')))",req3264.pkl
1140,1,req3271.pkl,"('G', '_', '_', ('||', ('F', '_', '_', ('PRED', '=', '_', '_')), ('G', '_', '_', ('NOT', ('PRED', '<=', '_', '_')))))",req3271.pkl
1141,1,req3274.pkl,"('G', '_', '_', ('||', ('G', '_', '_', ('F', '_', '_', ('&&', ('PRED', '<=', '_', '_'), ('PRED', '>=', '_', '_')))), ('PRED', '!=', '_', '_'), ('PRED', '>', '_', '_')))",req3274.pkl
1142,1,req3275.pkl,"('G', '_', '_', ('&&', ('PRED', '>', '_', '_'), ('||', ('G', '_', '_', ('NOT', ('||', ('NOT', ('PRED', '<=', '_', '_')), ('NOT', ('PRED', '>=', '_', '_'))))), ('PRED', '!=', '_', '_'))))",req3275.pkl
1143,1,req3277.pkl,"('G', '_', '_', ('||', ('F', '_', '_', ('G', '_', '_', ('&&', ('PRED', '<=', '_', '_'), ('PRED', '>', '_', '_')))), ('PRED', '>', '_', '_')))",req3277.pkl
1144,1,req3279.pkl,"('G', '_', '_', ('&&', ('PRED', '!=', '_', '_'), ('||', ('G', '_', '_', ('PRED', '<', '_', '_')), ('PRED', '!=', '_', '_'))))",req3279.pkl
1145,1,req3285.pkl,"('G', '_', '_', ('||', ('F', '_', '_', ('NOT', ('&&', ('PRED', '<=', '_', '_'), ('PRED', '>=', '_', '_')))), ('PRED', '!=', '_', '_')))",req3285.pkl
1146,1,req3286.pkl,"('G', '_', '_', ('&&', ('PRED', '<', '_', '_'), ('PRED', '>', '_', '_'), ('PRED', '>=', '_', '_'), ('||', ('PRED', '!=', '_', '_'), ('PRED', '>=', '_', '_'))))",req3286.pkl
1147,1,req3310.pkl,"('G', '_', '_', ('||', ('&&', ('PRED', '<=', '_', '_'), ('PRED', '>=', '_', '_')), ('F', '_', '_', ('G', '_', '_', ('PRED', '=', '_', '_'))), ('PRED', '<', '_', '_')))",req3310.pkl
1148,1,req3323.pkl,"('G', '_', '_', ('||', ('F', '_', '_', ('G', '_', '_', ('PRED', '=', '_', '_'))), ('NOT', ('PRED', '<', '_', '_')), ('NOT', ('PRED', '>', '_', '_')), ('PRED', '=', '_', '_')))",req3323.pkl
1149,1,req3325.pkl,"('G', '_', '_', ('&&', ('PRED', '=', '_', '_'), ('||', ('NOT', ('UNTIL', '_', '_', ('PRED', '=', '_', '_'), ('PRED', '=', '_', '_'))), ('PRED', '>=', '_', '_'))))",req3325.pkl
1150,1,req3329.pkl,"('G', '_', '_', ('||', ('&&', ('PRED', '<=', '_', '_'), ('PRED', '>=', '_', '_')), ('F', '_', '_', ('G', '_', '_', ('PRED', '=', '_', '_'))), ('PRED', '>=', '_', '_')))",req3329.pkl
1151,1,req3331.pkl,"('G', '_', '_', ('||', ('G', '_', '_', ('F', '_', '_', ('PRED', '>', '_', '_'))), ('NOT', ('PRED', '<=', '_', '_')), ('NOT', ('PRED', '>=', '_', '_')), ('PRED', '<=', '_', '_')))",req3331.pkl
1152,1,req3342.pkl,"('G', '_', '_', ('UNTIL', '_', '_', ('PRED', '>', '_', '_'), ('||', ('G', '_', '_', ('F', '_', '_', ('&&', ('PRED', '<', '_', '_'), ('PRED', '>', '_', '_')))), ('PRED', '!=', '_', '_'))))",req3342.pkl
1153,1,req3354.pkl,"('G', '_', '_', ('&&', ('PRED', '>=', '_', '_'), ('||', ('G', '_', '_', ('F', '_', '_', ('&&', ('PRED', '<', '_', '_'), ('PRED', '>', '_', '_')))), ('PRED', '<=', '_', '_'))))",req3354.pkl
1154,1,req3356.pkl,"('G', '_', '_', ('||', ('&&', ('PRED', '<', '_', '_'), ('PRED', '>', '_', '_')), ('F', '_', '_', ('G', '_', '_', ('PRED', '<', '_', '_'))), ('PRED', '<', '_', '_')))",req3356.pkl
1155,1,req3358.pkl,"('G', '_', '_', ('&&', ('PRED', '<', '_', '_'), ('PRED', '>', '_', '_'), ('||', ('PRED', '<', '_', '_'), ('PRED', '<=', '_', '_'))))",req3358.pkl
1156,1,req3359.pkl,"('G', '_', '_', ('UNTIL', '_', '_', ('||', ('PRED', '!=', '_', '_'), ('PRED', '<', '_', '_'), ('PRED', '>=', '_', '_')), ('PRED', '=', '_', '_')))",req3359.pkl
1157,1,req3386.pkl,"('G', '_', '_', ('UNTIL', '_', '_', ('&&', ('PRED', '<', '_', '_'), ('PRED', '>', '_', '_'), ('||', ('&&', ('PRED', '<=', '_', '_'), ('PRED', '>=', '_', '_')), ('NOT', ('PRED', '<=', '_', '_')), ('NOT', ('PRED', '>=', '_', '_')))), ('PRED', '=', '_', '_')))",req3386.pkl
1158,1,req3387.pkl,"('G', '_', '_', ('&&', ('PRED', '=', '_', '_'), ('PRED', '>=', '_', '_'), ('||', ('NOT', ('PRED', '<=', '_', '_')), ('NOT', ('PRED', '>=', '_', '_')), ('PRED', '=', '_', '_'))))",req3387.pkl
1159,1,req3389.pkl,"('G', '_', '_', ('||', ('&&', ('PRED', '<=', '_', '_'), ('PRED', '>=', '_', '_')), ('PRED', '<=', '_', '_'), ('PRED', '=', '_', '_')))",req3389.pkl
1160,1,req3394.pkl,"('G', '_', '_', ('&&', ('PRED', '<=', '_', '_'), ('||', ('&&', ('NOT', ('NOT', ('PRED', '<=', '_', '_'))), ('NOT', ('NOT', ('PRED', '>=', '_', '_')))), ('PRED', '=', '_', '_'))))",req3394.pkl
1161,1,req3406.pkl,"('G', '_', '_', ('||', ('&&', ('PRED', '<', '_', '_'), ('PRED', '>', '_', '_')), ('NOT', ('PRED', '<', '_', '_')), ('NOT', ('PRED', '>=', '_', '_')), ('PRED', '=', '_', '_')))",req3406.pkl
1162,1,req3410.pkl,"('G', '_', '_', ('&&', ('PRED', '<', '_', '_'), ('PRED', '>=', '_', '_'), ('||', ('G', '_', '_', ('&&', ('PRED', '<', '_', '_'), ('PRED', '>', '_', '_'))), ('PRED', '>', '_', '_'))))",req3410.pkl
1163,1,req3417.pkl,"('G', '_', '_', ('UNTIL', '_', '_', ('&&', ('PRED', '<=', '_', '_'), ('||', ('NOT', ('PRED', '<=', '_', '_')), ('NOT', ('PRED', '>', '_', '_')), ('PRED', '>', '_', '_'))), ('PRED', '<=', '_', '_')))",req3417.pkl
1164,1,req3430.pkl,"('G', '_', '_', ('&&', ('PRED', '>', '_', '_'), ('||', ('F', '_', '_', ('G', '_', '_', ('&&', ('PRED', '<=', '_', '_'), ('PRED', '>=', '_', '_')))), ('PRED', '!=', '_', '_'))))",req3430.pkl
1165,1,req3441.pkl,"('G', '_', '_', ('||', ('F', '_', '_', ('G', '_', '_', ('PRED', '!=', '_', '_'))), ('F', '_', '_', ('NOT', ('PRED', '=', '_', '_')))))",req3441.pkl
1166,1,req3444.pkl,"('G', '_', '_', ('||', ('G', '_', '_', ('NOT', ('&&', ('PRED', '<=', '_', '_'), ('PRED', '>=', '_', '_')))), ('G', '_', '_', ('PRED', '<=', '_', '_'))))",req3444.pkl
1167,1,req3456.pkl,"('G', '_', '_', ('||', ('&&', ('PRED', '=', '_', '_'), ('||', ('PRED', '!=', '_', '_'), ('PRED', '<=', '_', '_'))), ('PRED', '<', '_', '_')))",req3456.pkl
1168,1,req3474.pkl,"('G', '_', '_', ('&&', ('PRED', '<=', '_', '_'), ('PRED', '>=', '_', '_'), ('||', ('F', '_', '_', ('NOT', ('PRED', '<=', '_', '_'))), ('PRED', '>=', '_', '_'))))",req3474.pkl
1169,1,req3499.pkl,"('G', '_', '_', ('||', ('PRED', '<', '_', '_'), ('PRED', '>=', '_', '_'), ('PRED', '>=', '_', '_')))",req3499.pkl
1170,1,req3501.pkl,"('G', '_', '_', ('&&', ('PRED', '=', '_', '_'), ('||', ('PRED', '<', '_', '_'), ('PRED', '<', '_', '_'))))",req3501.pkl
1171,1,req3507.pkl,"('G', '_', '_', ('UNTIL', '_', '_', ('||', ('PRED', '<', '_', '_'), ('PRED', '>', '_', '_')), ('PRED', '=', '_', '_')))",req3507.pkl
1172,1,req3520.pkl,"('G', '_', '_', ('||', ('F', '_', '_', ('G', '_', '_', ('PRED', '>', '_', '_'))), ('G', '_', '_', ('NOT', ('&&', ('PRED', '<=', '_', '_'), ('PRED', '>=', '_', '_'))))))",req3520.pkl
1173,1,req3528.pkl,"('G', '_', '_', ('&&', ('PRED', '=', '_', '_'), ('||', ('G', '_', '_', ('PRED', '=', '_', '_')), ('PRED', '>=', '_', '_'))))",req3528.pkl
1174,1,req3534.pkl,"('G', '_', '_', ('UNTIL', '_', '_', ('||', ('NOT', ('PRED', '<=', '_', '_')), ('NOT', ('PRED', '>', '_', '_')), ('PRED', '<', '_', '_'), ('PRED', '=', '_', '_')), ('PRED', '=', '_', '_')))",req3534.pkl
1175,1,req3536.pkl,"('G', '_', '_', ('&&', ('PRED', '<=', '_', '_'), ('PRED', '>=', '_', '_'), ('PRED', '>=', '_', '_'), ('||', ('PRED', '=', '_', '_'), ('PRED', '>=', '_', '_'))))",req3536.pkl
1176,1,req3537.pkl,"('G', '_', '_', ('&&', ('PRED', '<=', '_', '_'), ('||', ('NOT', ('PRED', '<', '_', '_')), ('NOT', ('PRED', '>', '_', '_')), ('PRED', '<', '_', '_'))))",req3537.pkl
1177,1,req3540.pkl,"('G', '_', '_', ('||', ('G', '_', '_', ('F', '_', '_', ('PRED', '!=', '_', '_'))), ('PRED', '>', '_', '_')))",req3540.pkl
1178,1,req3545.pkl,"('G', '_', '_', ('&&', ('PRED', '=', '_', '_'), ('||', ('NOT', ('PRED', '<=', '_', '_')), ('NOT', ('PRED', '>', '_', '_')), ('PRED', '>', '_', '_'))))",req3545.pkl
1179,1,req3551.pkl,"('G', '_', '_', ('&&', ('PRED', '<=', '_', '_'), ('||', ('PRED', '<', '_', '_'), ('PRED', '>', '_', '_'))))",req3551.pkl
1180,1,req3560.pkl,"('G', '_', '_', ('||', ('PRED', '!=', '_', '_'), ('PRED', '>=', '_', '_'), ('PRED', '>=', '_', '_')))",req3560.pkl
1181,1,req3561.pkl,"('G', '_', '_', ('||', ('G', '_', '_', ('F', '_', '_', ('&&', ('PRED', '<', '_', '_'), ('PRED', '>', '_', '_')))), ('NOT', ('PRED', '<', '_', '_')), ('NOT', ('PRED', '<=', '_', '_')), ('NOT', ('PRED', '>', '_', '_')), ('NOT', ('PRED', '>', '_', '_'))))",req3561.pkl
1182,1,req3577.pkl,"('G', '_', '_', ('UNTIL', '_', '_', ('&&', ('PRED', '=', '_', '_'), ('||', ('PRED', '!=', '_', '_'), ('PRED', '<', '_', '_'))), ('PRED', '>=', '_', '_')))",req3577.pkl
1183,1,req3583.pkl,"('G', '_', '_', ('&&', ('PRED', '=', '_', '_'), ('||', ('F', '_', '_', ('G', '_', '_', ('PRED', '<=', '_', '_'))), ('PRED', '>', '_', '_'))))",req3583.pkl
1184,1,req3584.pkl,"('G', '_', '_', ('UNTIL', '_', '_', ('||', ('&&', ('PRED', '<', '_', '_'), ('PRED', '>', '_', '_')), ('PRED', '<', '_', '_')), ('&&', ('PRED', '<=', '_', '_'), ('PRED', '>=', '_', '_'))))",req3584.pkl
1185,1,req3588.pkl,"('G', '_', '_', ('||', ('F', '_', '_', ('PRED', '<', '_', '_')), ('PRED', '>', '_', '_')))",req3588.pkl
1186,1,req3591.pkl,"('G', '_', '_', ('UNTIL', '_', '_', ('||', ('G', '_', '_', ('NOT', ('PRED', '>=', '_', '_'))), ('PRED', '<=', '_', '_')), ('&&', ('PRED', '<', '_', '_'), ('PRED', '>', '_', '_'))))",req3591.pkl
1187,1,req3596.pkl,"('G', '_', '_', ('&&', ('PRED', '>=', '_', '_'), ('||', ('G', '_', '_', ('PRED', '!=', '_', '_')), ('PRED', '<=', '_', '_'))))",req3596.pkl
1188,1,req3605.pkl,"('G', '_', '_', ('&&', ('PRED', '=', '_', '_'), ('||', ('G', '_', '_', ('NOT', ('PRED', '=', '_', '_'))), ('PRED', '<', '_', '_'))))",req3605.pkl
1189,1,req3610.pkl,"('G', '_', '_', ('||', ('F', '_', '_', ('G', '_', '_', ('PRED', '>=', '_', '_'))), ('PRED', '=', '_', '_')))",req3610.pkl
1190,1,req3611.pkl,"('G', '_', '_', ('||', ('&&', ('PRED', '<=', '_', '_'), ('PRED', '>', '_', '_')), ('F', '_', '_', ('G', '_', '_', ('PRED', '<', '_', '_'))), ('PRED', '=', '_', '_')))",req3611.pkl
1191,1,req3612.pkl,"('G', '_', '_', ('&&', ('PRED', '<=', '_', '_'), ('PRED', '>=', '_', '_'), ('||', ('F', '_', '_', ('PRED', '>', '_', '_')), ('PRED', '!=', '_', '_'))))",req3612.pkl
1192,1,req3624.pkl,"('G', '_', '_', ('||', ('&&', ('PRED', '=', '_', '_'), ('||', ('PRED', '!=', '_', '_'), ('PRED', '=', '_', '_'))), ('PRED', '=', '_', '_')))",req3624.pkl
1193,1,req3625.pkl,"('G', '_', '_', ('&&', ('PRED', '=', '_', '_'), ('||', ('F', '_', '_', ('||', ('NOT', ('PRED', '<=', '_', '_')), ('NOT', ('PRED', '>=', '_', '_')))), ('PRED', '>=', '_', '_'))))",req3625.pkl
1194,1,req3640.pkl,"('G', '_', '_', ('||', ('G', '_', '_', ('F', '_', '_', ('PRED', '=', '_', '_'))), ('PRED', '>', '_', '_'), ('PRED', '>', '_', '_')))",req3640.pkl
1195,1,req3642.pkl,"('F', '_', '_', ('&&', ('PRED', '>=', '_', '_'), ('||', ('NOT', ('PRED', '<', '_', '_')), ('NOT', ('PRED', '>=', '_', '_')))))",req3642.pkl
1196,1,req3655.pkl,"('G', '_', '_', ('&&', ('PRED', '<', '_', '_'), ('PRED', '>=', '_', '_'), ('||', ('PRED', '=', '_', '_'), ('PRED', '>=', '_', '_'))))",req3655.pkl
1197,1,req3656.pkl,"('G', '_', '_', ('UNTIL', '_', '_', ('&&', ('PRED', '>=', '_', '_'), ('||', ('&&', ('PRED', '<=', '_', '_'), ('PRED', '>=', '_', '_')), ('PRED', '>', '_', '_'))), ('&&', ('PRED', '<', '_', '_'), ('PRED', '>', '_', '_'))))",req3656.pkl
1198,1,req3658.pkl,"('G', '_', '_', ('&&', ('PRED', '<=', '_', '_'), ('PRED', '=', '_', '_'), ('PRED', '>=', '_', '_'), ('||', ('&&', ('PRED', '<=', '_', '_'), ('PRED', '>=', '_', '_')), ('PRED', '>=', '_', '_'))))",req3658.pkl
1199,1,req3661.pkl,"('G', '_', '_', ('||', ('&&', ('PRED', '<=', '_', '_'), ('PRED', '>=', '_', '_')), ('PRED', '<', '_', '_'), ('PRED', '=', '_', '_'), ('PRED', '>', '_', '_')))",req3661.pkl
1200,1,req3687.pkl,"('G', '_', '_', ('||', ('&&', ('PRED', '<', '_', '_'), ('PRED', '>', '_', '_')), ('G', '_', '_', ('F', '_', '_', ('PRED', '=', '_', '_'))), ('PRED', '!=', '_', '_')))",req3687.pkl
1201,1,req3695.pkl,"('G', '_', '_', ('||', ('G', '_', '_', ('||', ('NOT', ('PRED', '<=', '_', '_')), ('NOT', ('PRED', '>=', '_', '_')))), ('PRED', '<', '_', '_')))",req3695.pkl
1202,1,req3707.pkl,"('G', '_', '_', ('&&', ('PRED', '>=', '_', '_'), ('||', ('F', '_', '_', ('G', '_', '_', ('&&', ('PRED', '<=', '_', '_'), ('PRED', '>', '_', '_')))), ('PRED', '>', '_', '_'))))",req3707.pkl
1203,1,req3715.pkl,"('G', '_', '_', ('UNTIL', '_', '_', ('||', ('PRED', '<=', '_', '_'), ('PRED', '>', '_', '_')), ('PRED', '>', '_', '_')))",req3715.pkl
1204,1,req3720.pkl,"('G', '_', '_', ('&&', ('PRED', '<', '_', '_'), ('||', ('F', '_', '_', ('G', '_', '_', ('PRED', '<=', '_', '_'))), ('PRED', '!=', '_', '_'))))",req3720.pkl
1205,1,req3724.pkl,"('G', '_', '_', ('&&', ('PRED', '<=', '_', '_'), ('||', ('PRED', '<=', '_', '_'), ('PRED', '<=', '_', '_'))))",req3724.pkl
1206,1,req3726.pkl,"('G', '_', '_', ('&&', ('PRED', '>=', '_', '_'), ('||', ('G', '_', '_', ('NOT', ('PRED', '=', '_', '_'))), ('PRED', '<', '_', '_'))))",req3726.pkl
1207,1,req3729.pkl,"('G', '_', '_', ('&&', ('PRED', '<=', '_', '_'), ('||', ('F', '_', '_', ('G', '_', '_', ('PRED', '>=', '_', '_'))), ('NOT', ('PRED', '<=', '_', '_')), ('NOT', ('PRED', '>=', '_', '_')))))",req3729.pkl
1208,1,req3730.pkl,"('G', '_', '_', ('&&', ('PRED', '=', '_', '_'), ('||', ('G', '_', '_', ('F', '_', '_', ('PRED', '<', '_', '_'))), ('PRED', '!=', '_', '_'))))",req3730.pkl
1209,1,req3732.pkl,"('F', '_', '_', ('||', ('NOT', ('PRED', '<', '_', '_')), ('NOT', ('PRED', '>', '_', '_')), ('PRED', '<=', '_', '_')))",req3732.pkl
1210,1,req3735.pkl,"('G', '_', '_', ('||', ('PRED', '>', '_', '_'), ('PRED', '>', '_', '_'), ('PRED', '>=', '_', '_')))",req3735.pkl
1211,1,req3742.pkl,"('G', '_', '_', ('||', ('F', '_', '_', ('G', '_', '_', ('&&', ('PRED', '<', '_', '_'), ('PRED', '>=', '_', '_')))), ('PRED', '!=', '_', '_')))",req3742.pkl
1212,1,req3746.pkl,"('G', '_', '_', ('UNTIL', '_', '_', ('&&', ('PRED', '!=', '_', '_'), ('||', ('PRED', '!=', '_', '_'), ('PRED', '=', '_', '_'))), ('PRED', '=', '_', '_')))",req3746.pkl
1213,1,req3762.pkl,"('G', '_', '_', ('UNTIL', '_', '_', ('||', ('&&', ('NOT', ('NOT', ('PRED', '<=', '_', '_'))), ('NOT', ('NOT', ('PRED', '>=', '_', '_')))), ('PRED', '=', '_', '_')), ('PRED', '<=', '_', '_')))",req3762.pkl
1214,1,req3768.pkl,"('G', '_', '_', ('UNTIL', '_', '_', ('&&', ('PRED', '=', '_', '_'), ('||', ('&&', ('PRED', '<', '_', '_'), ('PRED', '>', '_', '_')), ('PRED', '<', '_', '_'))), ('PRED', '<=', '_', '_')))",req3768.pkl
1215,1,req3783.pkl,"('G', '_', '_', ('||', ('&&', ('PRED', '<', '_', '_'), ('PRED', '>', '_', '_')), ('G', '_', '_', ('F', '_', '_', ('PRED', '>=', '_', '_'))), ('NOT', ('PRED', '<=', '_', '_')), ('NOT', ('PRED', '>=', '_', '_'))))",req3783.pkl
1216,1,req3787.pkl,"('G', '_', '_', ('&&', ('PRED', '>=', '_', '_'), ('||', ('G', '_', '_', ('&&', ('PRED', '<', '_', '_'), ('PRED', '>', '_', '_'))), ('PRED', '>', '_', '_'))))",req3787.pkl
1217,1,req3796.pkl,"('G', '_', '_', ('&&', ('PRED', '<', '_', '_'), ('PRED', '>', '_', '_'), ('||', ('F', '_', '_', ('G', '_', '_', ('PRED', '>', '_', '_'))), ('PRED', '>', '_', '_'))))",req3796.pkl
1218,1,req3800.pkl,"('G', '_', '_', ('UNTIL', '_', '_', ('||', ('F', '_', '_', ('NOT', ('NOT', ('PRED', '<=', '_', '_')))), ('PRED', '=', '_', '_')), ('&&', ('PRED', '<=', '_', '_'), ('PRED', '>=', '_', '_'))))",req3800.pkl
1219,1,req3801.pkl,"('G', '_', '_', ('||', ('PRED', '>=', '_', '_'), ('PRED', '>=', '_', '_'), ('PRED', '>=', '_', '_')))",req3801.pkl
1220,1,req3808.pkl,"('G', '_', '_', ('||', ('F', '_', '_', ('NOT', ('PRED', '=', '_', '_'))), ('PRED', '!=', '_', '_'), ('PRED', '<=', '_', '_')))",req3808.pkl
1221,1,req3815.pkl,"('G', '_', '_', ('&&', ('PRED', '<=', '_', '_'), ('PRED', '>=', '_', '_'), ('||', ('PRED', '!=', '_', '_'), ('PRED', '!=', '_', '_'))))",req3815.pkl
1222,1,req3820.pkl,"('G', '_', '_', ('||', ('G', '_', '_', ('PRED', '>', '_', '_')), ('PRED', '<', '_', '_'), ('PRED', '>=', '_', '_')))",req3820.pkl
1223,1,req3826.pkl,"('G', '_', '_', ('||', ('F', '_', '_', ('PRED', '>', '_', '_')), ('PRED', '<', '_', '_'), ('PRED', '<=', '_', '_')))",req3826.pkl
1224,1,req3844.pkl,"('G', '_', '_', ('||', ('&&', ('PRED', '<=', '_', '_'), ('PRED', '>', '_', '_')), ('G', '_', '_', ('F', '_', '_', ('PRED', '=', '_', '_'))), ('PRED', '<', '_', '_')))",req3844.pkl
1225,1,req3863.pkl,"('G', '_', '_', ('||', ('G', '_', '_', ('NOT', ('PRED', '>', '_', '_'))), ('PRED', '!=', '_', '_'), ('PRED', '>=', '_', '_')))",req3863.pkl
1226,1,req3873.pkl,"('G', '_', '_', ('||', ('&&', ('PRED', '<=', '_', '_'), ('PRED', '>=', '_', '_')), ('&&', ('PRED', '<=', '_', '_'), ('PRED', '>=', '_', '_')), ('PRED', '!=', '_', '_')))",req3873.pkl
1227,1,req3875.pkl,"('G', '_', '_', ('&&', ('PRED', '=', '_', '_'), ('PRED', '>', '_', '_'), ('||', ('&&', ('PRED', '<=', '_', '_'), ('PRED', '>=', '_', '_')), ('PRED', '<', '_', '_'))))",req3875.pkl
1228,1,req3884.pkl,"('G', '_', '_', ('UNTIL', '_', '_', ('PRED', '=', '_', '_'), ('||', ('F', '_', '_', ('G', '_', '_', ('&&', ('PRED', '<=', '_', '_'), ('PRED', '>=', '_', '_')))), ('NOT', ('PRED', '<', '_', '_')), ('NOT', ('PRED', '>', '_', '_')))))",req3884.pkl
1229,1,req3895.pkl,"('G', '_', '_', ('UNTIL', '_', '_', ('||', ('PRED', '!=', '_', '_'), ('PRED', '=', '_', '_'), ('PRED', '>=', '_', '_')), ('PRED', '>', '_', '_')))",req3895.pkl
1230,1,req3899.pkl,"('G', '_', '_', ('&&', ('PRED', '>', '_', '_'), ('||', ('G', '_', '_', ('PRED', '>', '_', '_')), ('PRED', '>=', '_', '_'))))",req3899.pkl
1231,1,req3900.pkl,"('G', '_', '_', ('&&', ('PRED', '<', '_', '_'), ('PRED', '>=', '_', '_'), ('||', ('NOT', ('PRED', '<', '_', '_')), ('NOT', ('PRED', '>', '_', '_')), ('PRED', '=', '_', '_'))))",req3900.pkl
1232,1,req3910.pkl,"('G', '_', '_', ('&&', ('PRED', '<=', '_', '_'), ('PRED', '>=', '_', '_'), ('||', ('F', '_', '_', ('G', '_', '_', ('&&', ('PRED', '<=', '_', '_'), ('PRED', '>=', '_', '_')))), ('NOT', ('PRED', '<', '_', '_')), ('NOT', ('PRED', '>', '_', '_')))))",req3910.pkl
1233,1,req3921.pkl,"('G', '_', '_', ('||', ('F', '_', '_', ('G', '_', '_', ('&&', ('PRED', '<', '_', '_'), ('PRED', '>', '_', '_')))), ('F', '_', '_', ('NOT', ('PRED', '>', '_', '_')))))",req3921.pkl
1234,1,req3953.pkl,"('G', '_', '_', ('||', ('NOT', ('PRED', '<=', '_', '_')), ('NOT', ('PRED', '>=', '_', '_')), ('NOT', ('UNTIL', '_', '_', ('&&', ('PRED', '<', '_', '_'), ('PRED', '>=', '_', '_')), ('&&', ('PRED', '<=', '_', '_'), ('PRED', '>=', '_', '_')))), ('PRED', '<', '_', '_')))",req3953.pkl
1235,1,req3955.pkl,"('G', '_', '_', ('||', ('G', '_', '_', ('F', '_', '_', ('PRED', '=', '_', '_'))), ('PRED', '<', '_', '_'), ('PRED', '>', '_', '_')))",req3955.pkl
1236,1,req3957.pkl,"('G', '_', '_', ('||', ('&&', ('PRED', '<', '_', '_'), ('PRED', '>', '_', '_')), ('G', '_', '_', ('F', '_', '_', ('||', ('NOT', ('PRED', '<', '_', '_')), ('NOT', ('PRED', '>', '_', '_'))))), ('PRED', '<', '_', '_')))",req3957.pkl
1237,1,req3958.pkl,"('G', '_', '_', ('||', ('&&', ('PRED', '<=', '_', '_'), ('||', ('PRED', '>=', '_', '_'), ('PRED', '>=', '_', '_'))), ('PRED', '<=', '_', '_')))",req3958.pkl
1238,1,req3959.pkl,"('G', '_', '_', ('UNTIL', '_', '_', ('||', ('PRED', '!=', '_', '_'), ('PRED', '<', '_', '_')), ('PRED', '>', '_', '_')))",req3959.pkl
1239,1,req3961.pkl,"('G', '_', '_', ('||', ('G', '_', '_', ('PRED', '>=', '_', '_')), ('PRED', '<', '_', '_')))",req3961.pkl
1240,1,req3963.pkl,"('G', '_', '_', ('&&', ('PRED', '<', '_', '_'), ('||', ('F', '_', '_', ('PRED', '=', '_', '_')), ('PRED', '!=', '_', '_'))))",req3963.pkl
1241,1,req3967.pkl,"('G', '_', '_', ('&&', ('PRED', '=', '_', '_'), ('||', ('G', '_', '_', ('PRED', '>=', '_', '_')), ('PRED', '!=', '_', '_'))))",req3967.pkl
1242,1,req3968.pkl,"('G', '_', '_', ('&&', ('PRED', '<=', '_', '_'), ('||', ('G', '_', '_', ('F', '_', '_', ('PRED', '<=', '_', '_'))), ('PRED', '!=', '_', '_'))))",req3968.pkl
1243,1,req3969.pkl,"('G', '_', '_', ('UNTIL', '_', '_', ('&&', ('PRED', '>', '_', '_'), ('||', ('PRED', '<=', '_', '_'), ('PRED', '>=', '_', '_'))), ('PRED', '>', '_', '_')))",req3969.pkl
1244,1,req3970.pkl,"('G', '_', '_', ('&&', ('PRED', '<', '_', '_'), ('PRED', '>=', '_', '_'), ('PRED', '>=', '_', '_')))",req3970.pkl
1245,1,req3975.pkl,"('G', '_', '_', ('&&', ('PRED', '>=', '_', '_'), ('||', ('NOT', ('PRED', '<', '_', '_')), ('NOT', ('PRED', '>', '_', '_')), ('PRED', '=', '_', '_'))))",req3975.pkl
1246,1,req3980.pkl,"('G', '_', '_', ('||', ('G', '_', '_', ('PRED', '<=', '_', '_')), ('NOT', ('PRED', '<', '_', '_')), ('NOT', ('PRED', '>', '_', '_')), ('PRED', '>', '_', '_')))",req3980.pkl
1247,1,req3986.pkl,"('G', '_', '_', ('UNTIL', '_', '_', ('&&', ('PRED', '<', '_', '_'), ('PRED', '>', '_', '_')), ('||', ('G', '_', '_', ('PRED', '<=', '_', '_')), ('PRED', '!=', '_', '_'))))",req3986.pkl
1248,1,req4004.pkl,"('G', '_', '_', ('UNTIL', '_', '_', ('&&', ('PRED', '=', '_', '_'), ('||', ('NOT', ('PRED', '<=', '_', '_')), ('NOT', ('PRED', '>=', '_', '_')), ('PRED', '=', '_', '_'))), ('PRED', '>', '_', '_')))",req4004.pkl
1249,1,req4005.pkl,"('G', '_', '_', ('||', ('G', '_', '_', ('F', '_', '_', ('PRED', '=', '_', '_'))), ('G', '_', '_', ('NOT', ('PRED', '!=', '_', '_')))))",req4005.pkl
1250,1,req4026.pkl,"('G', '_', '_', ('||', ('F', '_', '_', ('G', '_', '_', ('PRED', '=', '_', '_'))), ('PRED', '=', '_', '_'), ('PRED', '=', '_', '_')))",req4026.pkl
1251,1,req4031.pkl,"('G', '_', '_', ('&&', ('PRED', '=', '_', '_'), ('||', ('G', '_', '_', ('PRED', '<=', '_', '_')), ('PRED', '>=', '_', '_'))))",req4031.pkl
1252,1,req4032.pkl,"('G', '_', '_', ('&&', ('PRED', '=', '_', '_'), ('||', ('G', '_', '_', ('F', '_', '_', ('&&', ('PRED', '<=', '_', '_'), ('PRED', '>=', '_', '_')))), ('NOT', ('PRED', '<=', '_', '_')), ('NOT', ('PRED', '>=', '_', '_')))))",req4032.pkl
1253,1,req4044.pkl,"('G', '_', '_', ('&&', ('PRED', '<', '_', '_'), ('PRED', '>=', '_', '_'), ('||', ('G', '_', '_', ('PRED', '<', '_', '_')), ('NOT', ('PRED', '<=', '_', '_')), ('NOT', ('PRED', '>', '_', '_')))))",req4044.pkl
1254,1,req4046.pkl,"('G', '_', '_', ('||', ('G', '_', '_', ('F', '_', '_', ('PRED', '>=', '_', '_'))), ('PRED', '=', '_', '_'), ('PRED', '>', '_', '_')))",req4046.pkl
1255,1,req4050.pkl,"('G', '_', '_', ('||', ('F', '_', '_', ('NOT', ('PRED', '=', '_', '_'))), ('NOT', ('PRED', '<=', '_', '_')), ('NOT', ('PRED', '>=', '_', '_')), ('PRED', '=', '_', '_')))",req4050.pkl
1256,1,req4058.pkl,"('G', '_', '_', ('&&', ('PRED', '>', '_', '_'), ('||', ('F', '_', '_', ('&&', ('PRED', '<', '_', '_'), ('PRED', '>', '_', '_'))), ('NOT', ('PRED', '<', '_', '_')), ('NOT', ('PRED', '>', '_', '_')))))",req4058.pkl
1257,1,req4061.pkl,"('G', '_', '_', ('||', ('&&', ('PRED', '<=', '_', '_'), ('PRED', '>', '_', '_')), ('NOT', ('PRED', '<=', '_', '_')), ('NOT', ('PRED', '>=', '_', '_'))))",req4061.pkl
1258,1,req4066.pkl,"('G', '_', '_', ('UNTIL', '_', '_', ('PRED', '<=', '_', '_'), ('||', ('G', '_', '_', ('PRED', '<', '_', '_')), ('PRED', '!=', '_', '_'))))",req4066.pkl
1259,1,req4074.pkl,"('G', '_', '_', ('||', ('G', '_', '_', ('PRED', '=', '_', '_')), ('PRED', '>', '_', '_'), ('PRED', '>=', '_', '_')))",req4074.pkl
1260,1,req4091.pkl,"('G', '_', '_', ('||', ('G', '_', '_', ('F', '_', '_', ('PRED', '<=', '_', '_'))), ('PRED', '>', '_', '_')))",req4091.pkl
1261,1,req4093.pkl,"('G', '_', '_', ('||', ('&&', ('PRED', '>', '_', '_'), ('||', ('PRED', '<', '_', '_'), ('PRED', '>=', '_', '_'))), ('PRED', '=', '_', '_')))",req4093.pkl
1262,1,req4108.pkl,"('G', '_', '_', ('&&', ('PRED', '>=', '_', '_'), ('||', ('F', '_', '_', ('G', '_', '_', ('PRED', '<', '_', '_'))), ('PRED', '<', '_', '_'))))",req4108.pkl
1263,1,req4115.pkl,"('G', '_', '_', ('UNTIL', '_', '_', ('&&', ('PRED', '!=', '_', '_'), ('||', ('PRED', '!=', '_', '_'), ('PRED', '>', '_', '_'))), ('PRED', '<', '_', '_')))",req4115.pkl
1264,1,req4124.pkl,"('G', '_', '_', ('||', ('F', '_', '_', ('G', '_', '_', ('PRED', '<=', '_', '_'))), ('PRED', '!=', '_', '_'), ('PRED', '<', '_', '_')))",req4124.pkl
1265,1,req4136.pkl,"('G', '_', '_', ('&&', ('PRED', '!=', '_', '_'), ('||', ('F', '_', '_', ('&&', ('PRED', '<=', '_', '_'), ('PRED', '>=', '_', '_'))), ('NOT', ('PRED', '<', '_', '_')), ('NOT', ('PRED', '>', '_', '_')))))",req4136.pkl
1266,1,req4142.pkl,"('G', '_', '_', ('||', ('F', '_', '_', ('G', '_', '_', ('PRED', '=', '_', '_'))), ('PRED', '>', '_', '_'), ('PRED', '>', '_', '_')))",req4142.pkl
1267,1,req4148.pkl,"('G', '_', '_', ('UNTIL', '_', '_', ('PRED', '>=', '_', '_'), ('||', ('G', '_', '_', ('F', '_', '_', ('PRED', '=', '_', '_'))), ('PRED', '!=', '_', '_'))))",req4148.pkl
1268,1,req4151.pkl,"('G', '_', '_', ('&&', ('PRED', '=', '_', '_'), ('||', ('&&', ('PRED', '<', '_', '_'), ('PRED', '>=', '_', '_')), ('PRED', '=', '_', '_'))))",req4151.pkl
1269,1,req4152.pkl,"('G', '_', '_', ('||', ('F', '_', '_', ('PRED', '>', '_', '_')), ('PRED', '>=', '_', '_')))",req4152.pkl
1270,1,req4158.pkl,"('G', '_', '_', ('&&', ('PRED', '<', '_', '_'), ('||', ('G', '_', '_', ('F', '_', '_', ('PRED', '>=', '_', '_'))), ('PRED', '=', '_', '_'))))",req4158.pkl
1271,1,req4168.pkl,"('G', '_', '_', ('||', ('NOT', ('UNTIL', '_', '_', ('PRED', '<', '_', '_'), ('PRED', '>', '_', '_'))), ('PRED', '!=', '_', '_')))",req4168.pkl
1272,1,req4180.pkl,"('G', '_', '_', ('&&', ('PRED', '>', '_', '_'), ('||', ('G', '_', '_', ('F', '_', '_', ('PRED', '=', '_', '_'))), ('PRED', '!=', '_', '_'))))",req4180.pkl
1273,1,req4186.pkl,"('G', '_', '_', ('||', ('&&', ('NOT', ('NOT', ('PRED', '<', '_', '_'))), ('NOT', ('NOT', ('PRED', '>', '_', '_')))), ('G', '_', '_', ('F', '_', '_', ('||', ('NOT', ('PRED', '<=', '_', '_')), ('NOT', ('PRED', '>=', '_', '_')))))))",req4186.pkl
1274,1,req4188.pkl,"('G', '_', '_', ('||', ('&&', ('PRED', '=', '_', '_'), ('||', ('PRED', '>', '_', '_'), ('PRED', '>=', '_', '_'))), ('PRED', '=', '_', '_')))",req4188.pkl
1275,1,req4200.pkl,"('G', '_', '_', ('&&', ('PRED', '>', '_', '_'), ('||', ('NOT', ('UNTIL', '_', '_', ('PRED', '<=', '_', '_'), ('PRED', '<', '_', '_'))), ('PRED', '>=', '_', '_'))))",req4200.pkl
1276,1,req4204.pkl,"('G', '_', '_', ('&&', ('PRED', '<=', '_', '_'), ('PRED', '>=', '_', '_'), ('||', ('F', '_', '_', ('G', '_', '_', ('PRED', '=', '_', '_'))), ('PRED', '!=', '_', '_'))))",req4204.pkl
1277,1,req4205.pkl,"('G', '_', '_', ('||', ('F', '_', '_', ('G', '_', '_', ('PRED', '=', '_', '_'))), ('NOT', ('PRED', '<', '_', '_')), ('NOT', ('PRED', '>', '_', '_')), ('PRED', '!=', '_', '_')))",req4205.pkl
1278,1,req4216.pkl,"('G', '_', '_', ('&&', ('PRED', '!=', '_', '_'), ('PRED', '=', '_', '_'), ('||', ('&&', ('PRED', '<', '_', '_'), ('PRED', '>', '_', '_')), ('PRED', '!=', '_', '_'))))",req4216.pkl
1279,1,req4218.pkl,"('G', '_', '_', ('&&', ('PRED', '=', '_', '_'), ('||', ('F', '_', '_', ('&&', ('PRED', '<', '_', '_'), ('PRED', '>=', '_', '_'))), ('NOT', ('PRED', '<=', '_', '_')), ('NOT', ('PRED', '>', '_', '_')))))",req4218.pkl
1280,1,req4219.pkl,"('G', '_', '_', ('||', ('F', '_', '_', ('G', '_', '_', ('PRED', '=', '_', '_'))), ('F', '_', '_', ('NOT', ('PRED', '<', '_', '_')))))",req4219.pkl
1281,1,req4224.pkl,"('G', '_', '_', ('&&', ('PRED', '<=', '_', '_'), ('PRED', '>', '_', '_'), ('||', ('G', '_', '_', ('F', '_', '_', ('PRED', '>', '_', '_'))), ('PRED', '=', '_', '_'))))",req4224.pkl
1282,1,req4235.pkl,"('G', '_', '_', ('||', ('NOT', ('PRED', '<', '_', '_')), ('NOT', ('PRED', '>', '_', '_')), ('PRED', '=', '_', '_'), ('PRED', '>=', '_', '_')))",req4235.pkl
1283,1,req4236.pkl,"('G', '_', '_', ('&&', ('PRED', '=', '_', '_'), ('||', ('NOT', ('PRED', '<', '_', '_')), ('NOT', ('PRED', '>', '_', '_')), ('PRED', '<=', '_', '_'))))",req4236.pkl
1284,1,req4244.pkl,"('G', '_', '_', ('&&', ('PRED', '>', '_', '_'), ('||', ('F', '_', '_', ('NOT', ('PRED', '=', '_', '_'))), ('PRED', '!=', '_', '_'))))",req4244.pkl
1285,1,req4255.pkl,"('G', '_', '_', ('||', ('&&', ('PRED', '<', '_', '_'), ('PRED', '>', '_', '_')), ('F', '_', '_', ('G', '_', '_', ('PRED', '>=', '_', '_'))), ('PRED', '!=', '_', '_')))",req4255.pkl
1286,1,req4257.pkl,"('G', '_', '_', ('||', ('F', '_', '_', ('NOT', ('PRED', '=', '_', '_'))), ('F', '_', '_', ('NOT', ('PRED', '=', '_', '_')))))",req4257.pkl
1287,1,req4266.pkl,"('G', '_', '_', ('UNTIL', '_', '_', ('&&', ('PRED', '>=', '_', '_'), ('||', ('PRED', '!=', '_', '_'), ('PRED', '=', '_', '_'))), ('&&', ('PRED', '<=', '_', '_'), ('PRED', '>=', '_', '_'))))",req4266.pkl
1288,1,req4268.pkl,"('G', '_', '_', ('&&', ('PRED', '>', '_', '_'), ('||', ('F', '_', '_', ('G', '_', '_', ('&&', ('PRED', '<', '_', '_'), ('PRED', '>', '_', '_')))), ('NOT', ('PRED', '<', '_', '_')), ('NOT', ('PRED', '>', '_', '_')))))",req4268.pkl
1289,1,req4269.pkl,"('G', '_', '_', ('||', ('G', '_', '_', ('||', ('NOT', ('PRED', '<=', '_', '_')), ('NOT', ('PRED', '>=', '_', '_')))), ('PRED', '!=', '_', '_')))",req4269.pkl
1290,1,req4271.pkl,"('G', '_', '_', ('UNTIL', '_', '_', ('||', ('PRED', '!=', '_', '_'), ('PRED', '>', '_', '_'), ('PRED', '>=', '_', '_')), ('PRED', '=', '_', '_')))",req4271.pkl
1291,1,req4273.pkl,"('G', '_', '_', ('UNTIL', '_', '_', ('PRED', '=', '_', '_'), ('||', ('G', '_', '_', ('F', '_', '_', ('&&', ('PRED', '<=', '_', '_'), ('PRED', '>=', '_', '_')))), ('PRED', '>=', '_', '_'))))",req4273.pkl
1292,1,req4275.pkl,"('G', '_', '_', ('UNTIL', '_', '_', ('||', ('PRED', '=', '_', '_'), ('PRED', '>=', '_', '_')), ('PRED', '>', '_', '_')))",req4275.pkl
1293,1,req4277.pkl,"('G', '_', '_', ('||', ('F', '_', '_', ('G', '_', '_', ('PRED', '<=', '_', '_'))), ('PRED', '<=', '_', '_'), ('PRED', '>', '_', '_')))",req4277.pkl
1294,1,req4281.pkl,"('G', '_', '_', ('&&', ('PRED', '<=', '_', '_'), ('PRED', '>=', '_', '_'), ('PRED', '>=', '_', '_'), ('||', ('PRED', '=', '_', '_'), ('PRED', '>', '_', '_'))))",req4281.pkl
1295,1,req4289.pkl,"('G', '_', '_', ('&&', ('PRED', '>=', '_', '_'), ('||', ('F', '_', '_', ('G', '_', '_', ('&&', ('PRED', '<', '_', '_'), ('PRED', '>', '_', '_')))), ('PRED', '>', '_', '_'))))",req4289.pkl
1296,1,req4292.pkl,"('G', '_', '_', ('&&', ('PRED', '<=', '_', '_'), ('||', ('F', '_', '_', ('G', '_', '_', ('PRED', '<', '_', '_'))), ('PRED', '<', '_', '_'))))",req4292.pkl
1297,1,req4305.pkl,"('G', '_', '_', ('&&', ('PRED', '<', '_', '_'), ('||', ('PRED', '>', '_', '_'), ('PRED', '>', '_', '_'))))",req4305.pkl
1298,1,req4326.pkl,"('G', '_', '_', ('&&', ('PRED', '>', '_', '_'), ('||', ('G', '_', '_', ('F', '_', '_', ('PRED', '!=', '_', '_'))), ('PRED', '>=', '_', '_'))))",req4326.pkl
1299,1,req4330.pkl,"('G', '_', '_', ('&&', ('PRED', '>=', '_', '_'), ('||', ('NOT', ('UNTIL', '_', '_', ('PRED', '=', '_', '_'), ('PRED', '=', '_', '_'))), ('PRED', '>', '_', '_'))))",req4330.pkl
1300,1,req4337.pkl,"('G', '_', '_', ('||', ('&&', ('NOT', ('NOT', ('PRED', '<', '_', '_'))), ('NOT', ('NOT', ('PRED', '>', '_', '_')))), ('NOT', ('PRED', '<=', '_', '_')), ('NOT', ('PRED', '>=', '_', '_'))))",req4337.pkl
1301,1,req4339.pkl,"('G', '_', '_', ('||', ('&&', ('NOT', ('NOT', ('PRED', '<=', '_', '_'))), ('NOT', ('NOT', ('PRED', '>=', '_', '_')))), ('PRED', '>=', '_', '_')))",req4339.pkl
1302,1,req4345.pkl,"('G', '_', '_', ('&&', ('PRED', '<', '_', '_'), ('PRED', '<=', '_', '_'), ('||', ('&&', ('NOT', ('NOT', ('PRED', '<', '_', '_'))), ('NOT', ('NOT', ('PRED', '>=', '_', '_')))), ('PRED', '>=', '_', '_'))))",req4345.pkl
1303,1,req4349.pkl,"('G', '_', '_', ('||', ('PRED', '<', '_', '_'), ('PRED', '<', '_', '_'), ('PRED', '>', '_', '_')))",req4349.pkl
1304,1,req4351.pkl,"('G', '_', '_', ('UNTIL', '_', '_', ('&&', ('PRED', '>', '_', '_'), ('||', ('PRED', '<=', '_', '_'), ('PRED', '>=', '_', '_'))), ('PRED', '=', '_', '_')))",req4351.pkl
1305,1,req4352.pkl,"('F', '_', '_', ('&&', ('PRED', '<=', '_', '_'), ('PRED', '<=', '_', '_'), ('PRED', '>', '_', '_'), ('PRED', '>=', '_', '_')))",req4352.pkl
1306,1,req4354.pkl,"('G', '_', '_', ('&&', ('PRED', '<=', '_', '_'), ('PRED', '>=', '_', '_'), ('||', ('F', '_', '_', ('PRED', '>=', '_', '_')), ('PRED', '<', '_', '_'))))",req4354.pkl
1307,1,req4356.pkl,"('G', '_', '_', ('UNTIL', '_', '_', ('||', ('PRED', '<', '_', '_'), ('PRED', '<', '_', '_')), ('PRED', '<=', '_', '_')))",req4356.pkl
1308,1,req4357.pkl,"('G', '_', '_', ('&&', ('PRED', '<', '_', '_'), ('||', ('F', '_', '_', ('G', '_', '_', ('||', ('NOT', ('PRED', '<', '_', '_')), ('NOT', ('PRED', '>', '_', '_'))))), ('PRED', '<=', '_', '_'))))",req4357.pkl
1309,1,req4362.pkl,"('G', '_', '_', ('&&', ('PRED', '<=', '_', '_'), ('||', ('G', '_', '_', ('F', '_', '_', ('PRED', '<', '_', '_'))), ('PRED', '!=', '_', '_'))))",req4362.pkl
1310,1,req4363.pkl,"('G', '_', '_', ('&&', ('PRED', '=', '_', '_'), ('||', ('&&', ('NOT', ('NOT', ('PRED', '<', '_', '_'))), ('NOT', ('NOT', ('PRED', '>', '_', '_')))), ('F', '_', '_', ('PRED', '=', '_', '_')))))",req4363.pkl
1311,1,req4366.pkl,"('G', '_', '_', ('&&', ('PRED', '=', '_', '_'), ('||', ('G', '_', '_', ('PRED', '=', '_', '_')), ('PRED', '=', '_', '_'))))",req4366.pkl
1312,1,req4373.pkl,"('G', '_', '_', ('&&', ('PRED', '<', '_', '_'), ('PRED', '>=', '_', '_'), ('||', ('F', '_', '_', ('G', '_', '_', ('PRED', '>', '_', '_'))), ('PRED', '!=', '_', '_'))))",req4373.pkl
1313,1,req4375.pkl,"('G', '_', '_', ('||', ('&&', ('PRED', '>=', '_', '_'), ('||', ('PRED', '<', '_', '_'), ('PRED', '<=', '_', '_'))), ('PRED', '=', '_', '_')))",req4375.pkl
1314,1,req4393.pkl,"('G', '_', '_', ('&&', ('PRED', '=', '_', '_'), ('||', ('G', '_', '_', ('&&', ('PRED', '<', '_', '_'), ('PRED', '>', '_', '_'))), ('PRED', '>=', '_', '_'))))",req4393.pkl
1315,1,req4396.pkl,"('G', '_', '_', ('||', ('F', '_', '_', ('PRED', '>=', '_', '_')), ('G', '_', '_', ('NOT', ('PRED', '=', '_', '_')))))",req4396.pkl
1316,1,req4398.pkl,"('G', '_', '_', ('&&', ('PRED', '>', '_', '_'), ('||', ('PRED', '!=', '_', '_'), ('PRED', '<=', '_', '_'))))",req4398.pkl
1317,1,req4399.pkl,"('G', '_', '_', ('&&', ('PRED', '=', '_', '_'), ('||', ('G', '_', '_', ('&&', ('PRED', '<=', '_', '_'), ('PRED', '>=', '_', '_'))), ('PRED', '!=', '_', '_'))))",req4399.pkl
1318,1,req4409.pkl,"('G', '_', '_', ('UNTIL', '_', '_', ('||', ('&&', ('PRED', '<=', '_', '_'), ('PRED', '>=', '_', '_')), ('F', '_', '_', ('NOT', ('PRED', '=', '_', '_')))), ('&&', ('PRED', '<=', '_', '_'), ('PRED', '>=', '_', '_'))))",req4409.pkl
1319,1,req4416.pkl,"('G', '_', '_', ('&&', ('PRED', '<=', '_', '_'), ('PRED', '>=', '_', '_'), ('||', ('G', '_', '_', ('F', '_', '_', ('PRED', '<=', '_', '_'))), ('PRED', '<', '_', '_'))))",req4416.pkl
1320,1,req4417.pkl,"('G', '_', '_', ('UNTIL', '_', '_', ('&&', ('PRED', '=', '_', '_'), ('||', ('PRED', '!=', '_', '_'), ('PRED', '<=', '_', '_'))), ('&&', ('PRED', '<', '_', '_'), ('PRED', '>', '_', '_'))))",req4417.pkl
1321,1,req4418.pkl,"('G', '_', '_', ('||', ('NOT', ('PRED', '<', '_', '_')), ('NOT', ('PRED', '>', '_', '_')), ('NOT', ('UNTIL', '_', '_', ('&&', ('PRED', '<', '_', '_'), ('PRED', '>', '_', '_')), ('PRED', '=', '_', '_'))), ('PRED', '>=', '_', '_')))",req4418.pkl
1322,1,req4422.pkl,"('G', '_', '_', ('||', ('F', '_', '_', ('PRED', '=', '_', '_')), ('PRED', '<', '_', '_'), ('PRED', '>', '_', '_')))",req4422.pkl
1323,1,req4431.pkl,"('G', '_', '_', ('&&', ('PRED', '<=', '_', '_'), ('PRED', '>=', '_', '_'), ('||', ('PRED', '<', '_', '_'), ('PRED', '>=', '_', '_'))))",req4431.pkl
1324,1,req4445.pkl,"('G', '_', '_', ('||', ('&&', ('PRED', '<', '_', '_'), ('PRED', '>', '_', '_')), ('&&', ('PRED', '<=', '_', '_'), ('||', ('PRED', '<=', '_', '_'), ('PRED', '=', '_', '_')))))",req4445.pkl
1325,1,req4452.pkl,"('G', '_', '_', ('||', ('&&', ('NOT', ('NOT', ('PRED', '<', '_', '_'))), ('NOT', ('NOT', ('PRED', '>', '_', '_')))), ('F', '_', '_', ('G', '_', '_', ('PRED', '=', '_', '_'))), ('PRED', '=', '_', '_')))",req4452.pkl
1326,1,req4456.pkl,"('G', '_', '_', ('||', ('&&', ('PRED', '<=', '_', '_'), ('PRED', '>=', '_', '_')), ('G', '_', '_', ('F', '_', '_', ('&&', ('PRED', '<=', '_', '_'), ('PRED', '>=', '_', '_')))), ('NOT', ('PRED', '<', '_', '_')), ('NOT', ('PRED', '>', '_', '_'))))",req4456.pkl
1327,1,req4465.pkl,"('G', '_', '_', ('&&', ('PRED', '<=', '_', '_'), ('||', ('G', '_', '_', ('F', '_', '_', ('&&', ('PRED', '<=', '_', '_'), ('PRED', '>=', '_', '_')))), ('PRED', '>=', '_', '_'))))",req4465.pkl
1328,1,req4471.pkl,"('G', '_', '_', ('UNTIL', '_', '_', ('&&', ('PRED', '>=', '_', '_'), ('||', ('PRED', '!=', '_', '_'), ('PRED', '>=', '_', '_'))), ('PRED', '>=', '_', '_')))",req4471.pkl
1329,1,req4473.pkl,"('G', '_', '_', ('||', ('&&', ('NOT', ('NOT', ('PRED', '<', '_', '_'))), ('NOT', ('NOT', ('PRED', '>', '_', '_')))), ('&&', ('PRED', '<=', '_', '_'), ('PRED', '>=', '_', '_')), ('F', '_', '_', ('G', '_', '_', ('&&', ('PRED', '<', '_', '_'), ('PRED', '>', '_', '_'))))))",req4473.pkl
1330,1,req4474.pkl,"('G', '_', '_', ('||', ('NOT', ('PRED', '<', '_', '_')), ('NOT', ('PRED', '>', '_', '_')), ('PRED', '<=', '_', '_'), ('PRED', '>', '_', '_')))",req4474.pkl
1331,1,req4478.pkl,"('G', '_', '_', ('&&', ('PRED', '!=', '_', '_'), ('||', ('G', '_', '_', ('PRED', '=', '_', '_')), ('NOT', ('PRED', '<', '_', '_')), ('NOT', ('PRED', '>', '_', '_')))))",req4478.pkl
1332,1,req4499.pkl,"('G', '_', '_', ('UNTIL', '_', '_', ('UNTIL', '_', '_', ('&&', ('PRED', '<', '_', '_'), ('PRED', '>', '_', '_')), ('||', ('NOT', ('PRED', '<=', '_', '_')), ('NOT', ('PRED', '>', '_', '_')), ('PRED', '>=', '_', '_'))), ('PRED', '>', '_', '_')))",req4499.pkl
1333,1,req4503.pkl,"('G', '_', '_', ('||', ('F', '_', '_', ('G', '_', '_', ('PRED', '=', '_', '_'))), ('NOT', ('PRED', '<=', '_', '_')), ('NOT', ('PRED', '>', '_', '_')), ('PRED', '<=', '_', '_')))",req4503.pkl
1334,1,req4523.pkl,"('G', '_', '_', ('&&', ('PRED', '<', '_', '_'), ('PRED', '>', '_', '_'), ('||', ('PRED', '<', '_', '_'), ('PRED', '<', '_', '_'))))",req4523.pkl
1335,1,req4524.pkl,"('G', '_', '_', ('UNTIL', '_', '_', ('||', ('PRED', '<', '_', '_'), ('PRED', '=', '_', '_')), ('&&', ('PRED', '<', '_', '_'), ('PRED', '>', '_', '_'))))",req4524.pkl
1336,1,req4528.pkl,"('G', '_', '_', ('&&', ('PRED', '=', '_', '_'), ('||', ('G', '_', '_', ('&&', ('PRED', '<', '_', '_'), ('PRED', '>', '_', '_'))), ('PRED', '<=', '_', '_'))))",req4528.pkl
1337,1,req4532.pkl,"('G', '_', '_', ('||', ('NOT', ('PRED', '<', '_', '_')), ('NOT', ('PRED', '>', '_', '_')), ('NOT', ('UNTIL', '_', '_', ('PRED', '=', '_', '_'), ('PRED', '=', '_', '_'))), ('PRED', '=', '_', '_')))",req4532.pkl
1338,1,req4540.pkl,"('G', '_', '_', ('||', ('&&', ('PRED', '<=', '_', '_'), ('PRED', '>', '_', '_')), ('NOT', ('PRED', '<=', '_', '_')), ('NOT', ('PRED', '>', '_', '_')), ('PRED', '=', '_', '_')))",req4540.pkl
1339,1,req4547.pkl,"('G', '_', '_', ('||', ('NOT', ('PRED', '<', '_', '_')), ('NOT', ('PRED', '>', '_', '_')), ('PRED', '>', '_', '_')))",req4547.pkl
1340,1,req4550.pkl,"('G', '_', '_', ('&&', ('PRED', '<', '_', '_'), ('||', ('F', '_', '_', ('G', '_', '_', ('&&', ('PRED', '<=', '_', '_'), ('PRED', '>=', '_', '_')))), ('NOT', ('PRED', '<=', '_', '_')), ('NOT', ('PRED', '>', '_', '_')))))",req4550.pkl
1341,1,req4556.pkl,"('F', '_', '_', ('||', ('&&', ('PRED', '<', '_', '_'), ('PRED', '>=', '_', '_')), ('PRED', '<=', '_', '_')))",req4556.pkl
1342,1,req4559.pkl,"('G', '_', '_', ('&&', ('PRED', '=', '_', '_'), ('PRED', '>', '_', '_'), ('||', ('PRED', '>=', '_', '_'), ('PRED', '>=', '_', '_'))))",req4559.pkl
1343,1,req4568.pkl,"('G', '_', '_', ('&&', ('PRED', '<=', '_', '_'), ('||', ('F', '_', '_', ('G', '_', '_', ('&&', ('PRED', '<', '_', '_'), ('PRED', '>=', '_', '_')))), ('NOT', ('PRED', '<=', '_', '_')), ('NOT', ('PRED', '>', '_', '_')))))",req4568.pkl
1344,1,req4593.pkl,"('G', '_', '_', ('UNTIL', '_', '_', ('&&', ('PRED', '<=', '_', '_'), ('PRED', '>=', '_', '_')), ('||', ('G', '_', '_', ('F', '_', '_', ('PRED', '>', '_', '_'))), ('PRED', '!=', '_', '_'))))",req4593.pkl
1345,1,req4603.pkl,"('G', '_', '_', ('&&', ('PRED', '=', '_', '_'), ('||', ('F', '_', '_', ('G', '_', '_', ('PRED', '!=', '_', '_'))), ('PRED', '<', '_', '_'))))",req4603.pkl
1346,1,req4616.pkl,"('G', '_', '_', ('||', ('F', '_', '_', ('G', '_', '_', ('PRED', '>', '_', '_'))), ('G', '_', '_', ('NOT', ('&&', ('PRED', '<', '_', '_'), ('PRED', '>', '_', '_'))))))",req4616.pkl
1347,1,req4618.pkl,"('G', '_', '_', ('||', ('G', '_', '_', ('NOT', ('PRED', '<', '_', '_'))), ('PRED', '!=', '_', '_')))",req4618.pkl
1348,1,req4620.pkl,"('G', '_', '_', ('UNTIL', '_', '_', ('&&', ('PRED', '=', '_', '_'), ('||', ('PRED', '<', '_', '_'), ('PRED', '<=', '_', '_'))), ('PRED', '!=', '_', '_')))",req4620.pkl
1349,1,req4626.pkl,"('G', '_', '_', ('||', ('F', '_', '_', ('NOT', ('PRED', '!=', '_', '_'))), ('UNTIL', '_', '_', ('PRED', '=', '_', '_'), ('PRED', '>', '_', '_'))))",req4626.pkl
1350,1,req4629.pkl,"('G', '_', '_', ('||', ('F', '_', '_', ('PRED', '>', '_', '_')), ('PRED', '!=', '_', '_'), ('PRED', '<=', '_', '_')))",req4629.pkl
1351,1,req4635.pkl,"('G', '_', '_', ('UNTIL', '_', '_', ('||', ('NOT', ('PRED', '<', '_', '_')), ('NOT', ('PRED', '>', '_', '_')), ('PRED', '=', '_', '_')), ('&&', ('PRED', '<', '_', '_'), ('PRED', '>', '_', '_'))))",req4635.pkl
1352,1,req4643.pkl,"('G', '_', '_', ('&&', ('PRED', '=', '_', '_'), ('||', ('G', '_', '_', ('PRED', '=', '_', '_')), ('NOT', ('PRED', '<=', '_', '_')), ('NOT', ('PRED', '>=', '_', '_')))))",req4643.pkl
1353,1,req4652.pkl,"('G', '_', '_', ('||', ('G', '_', '_', ('F', '_', '_', ('&&', ('PRED', '<', '_', '_'), ('PRED', '>', '_', '_')))), ('PRED', '<=', '_', '_'), ('PRED', '>=', '_', '_')))",req4652.pkl
1354,1,req4661.pkl,"('G', '_', '_', ('||', ('NOT', ('UNTIL', '_', '_', ('&&', ('PRED', '<', '_', '_'), ('PRED', '>', '_', '_')), ('PRED', '=', '_', '_'))), ('PRED', '!=', '_', '_'), ('PRED', '=', '_', '_')))",req4661.pkl
1355,1,req4666.pkl,"('G', '_', '_', ('&&', ('PRED', '<', '_', '_'), ('PRED', '>=', '_', '_'), ('||', ('NOT', ('PRED', '<=', '_', '_')), ('NOT', ('PRED', '>=', '_', '_')), ('PRED', '>', '_', '_'))))",req4666.pkl
1356,1,req4669.pkl,"('G', '_', '_', ('||', ('PRED', '<=', '_', '_'), ('PRED', '<=', '_', '_'), ('PRED', '=', '_', '_'), ('PRED', '>', '_', '_')))",req4669.pkl
1357,1,req4676.pkl,"('G', '_', '_', ('||', ('F', '_', '_', ('NOT', ('NOT', ('PRED', '=', '_', '_')))), ('G', '_', '_', ('PRED', '>=', '_', '_'))))",req4676.pkl
1358,1,req4686.pkl,"('G', '_', '_', ('UNTIL', '_', '_', ('||', ('NOT', ('PRED', '<=', '_', '_')), ('NOT', ('PRED', '>=', '_', '_')), ('PRED', '<=', '_', '_'), ('PRED', '=', '_', '_')), ('PRED', '!=', '_', '_')))",req4686.pkl
1359,1,req4699.pkl,"('G', '_', '_', ('&&', ('PRED', '<', '_', '_'), ('PRED', '>', '_', '_'), ('||', ('F', '_', '_', ('G', '_', '_', ('PRED', '<=', '_', '_'))), ('NOT', ('PRED', '<', '_', '_')), ('NOT', ('PRED', '>=', '_', '_')))))",req4699.pkl
1360,1,req4709.pkl,"('G', '_', '_', ('&&', ('PRED', '<', '_', '_'), ('PRED', '>', '_', '_'), ('||', ('G', '_', '_', ('NOT', ('PRED', '=', '_', '_'))), ('PRED', '>=', '_', '_'))))",req4709.pkl
1361,1,req4715.pkl,"('G', '_', '_', ('&&', ('PRED', '>', '_', '_'), ('||', ('F', '_', '_', ('PRED', '>', '_', '_')), ('PRED', '!=', '_', '_'))))",req4715.pkl
1362,1,req4716.pkl,"('G', '_', '_', ('UNTIL', '_', '_', ('PRED', '<', '_', '_'), ('||', ('F', '_', '_', ('G', '_', '_', ('PRED', '<=', '_', '_'))), ('PRED', '!=', '_', '_'))))",req4716.pkl
1363,1,req4727.pkl,"('G', '_', '_', ('||', ('NOT', ('PRED', '<', '_', '_')), ('NOT', ('PRED', '>=', '_', '_')), ('PRED', '>', '_', '_'), ('PRED', '>=', '_', '_')))",req4727.pkl
1364,1,req4744.pkl,"('G', '_', '_', ('&&', ('PRED', '>=', '_', '_'), ('||', ('G', '_', '_', ('F', '_', '_', ('&&', ('PRED', '<', '_', '_'), ('PRED', '>', '_', '_')))), ('NOT', ('PRED', '<', '_', '_')), ('NOT', ('PRED', '>', '_', '_')))))",req4744.pkl
1365,1,req4745.pkl,"('G', '_', '_', ('||', ('&&', ('PRED', '<=', '_', '_'), ('||', ('PRED', '!=', '_', '_'), ('PRED', '>=', '_', '_'))), ('PRED', '<', '_', '_')))",req4745.pkl
1366,1,req4780.pkl,"('G', '_', '_', ('||', ('F', '_', '_', ('PRED', '>=', '_', '_')), ('PRED', '=', '_', '_'), ('PRED', '=', '_', '_')))",req4780.pkl
1367,1,req4794.pkl,"('G', '_', '_', ('||', ('F', '_', '_', ('PRED', '=', '_', '_')), ('PRED', '!=', '_', '_'), ('PRED', '<=', '_', '_')))",req4794.pkl
1368,1,req4795.pkl,"('G', '_', '_', ('&&', ('PRED', '<', '_', '_'), ('||', ('&&', ('NOT', ('NOT', ('PRED', '<', '_', '_'))), ('NOT', ('NOT', ('PRED', '>', '_', '_')))), ('G', '_', '_', ('F', '_', '_', ('PRED', '<=', '_', '_'))))))",req4795.pkl
1369,1,req4796.pkl,"('G', '_', '_', ('&&', ('PRED', '=', '_', '_'), ('||', ('PRED', '>', '_', '_'), ('PRED', '>', '_', '_'))))",req4796.pkl
1370,1,req4802.pkl,"('G', '_', '_', ('||', ('G', '_', '_', ('PRED', '>=', '_', '_')), ('PRED', '=', '_', '_')))",req4802.pkl
1371,1,req4803.pkl,"('G', '_', '_', ('&&', ('PRED', '<', '_', '_'), ('||', ('PRED', '=', '_', '_'), ('PRED', '>', '_', '_'))))",req4803.pkl
1372,1,req4826.pkl,"('G', '_', '_', ('||', ('G', '_', '_', ('F', '_', '_', ('||', ('NOT', ('PRED', '<=', '_', '_')), ('NOT', ('PRED', '>', '_', '_'))))), ('PRED', '!=', '_', '_'), ('PRED', '!=', '_', '_')))",req4826.pkl
1373,1,req4834.pkl,"('G', '_', '_', ('UNTIL', '_', '_', ('&&', ('PRED', '>', '_', '_'), ('||', ('PRED', '=', '_', '_'), ('PRED', '>=', '_', '_'))), ('&&', ('PRED', '<=', '_', '_'), ('PRED', '>=', '_', '_'))))",req4834.pkl
1374,1,req4844.pkl,"('G', '_', '_', ('&&', ('PRED', '<=', '_', '_'), ('PRED', '>', '_', '_'), ('||', ('F', '_', '_', ('G', '_', '_', ('PRED', '>', '_', '_'))), ('PRED', '>', '_', '_'))))",req4844.pkl
1375,1,req4853.pkl,"('G', '_', '_', ('||', ('PRED', '<', '_', '_'), ('PRED', '<=', '_', '_'), ('PRED', '>', '_', '_')))",req4853.pkl
1376,1,req4854.pkl,"('G', '_', '_', ('&&', ('PRED', '>=', '_', '_'), ('||', ('G', '_', '_', ('PRED', '<=', '_', '_')), ('NOT', ('PRED', '<=', '_', '_')), ('NOT', ('PRED', '>=', '_', '_')))))",req4854.pkl
1377,1,req4855.pkl,"('G', '_', '_', ('&&', ('PRED', '!=', '_', '_'), ('PRED', '>', '_', '_'), ('||', ('PRED', '!=', '_', '_'), ('PRED', '=', '_', '_'))))",req4855.pkl
1378,1,req4860.pkl,"('G', '_', '_', ('||', ('G', '_', '_', ('PRED', '<', '_', '_')), ('PRED', '!=', '_', '_'), ('PRED', '<=', '_', '_')))",req4860.pkl
1379,1,req4863.pkl,"('G', '_', '_', ('&&', ('PRED', '<=', '_', '_'), ('||', ('F', '_', '_', ('G', '_', '_', ('PRED', '<=', '_', '_'))), ('PRED', '!=', '_', '_'))))",req4863.pkl
1380,1,req4870.pkl,"('G', '_', '_', ('||', ('&&', ('PRED', '=', '_', '_'), ('||', ('NOT', ('PRED', '<=', '_', '_')), ('NOT', ('PRED', '>=', '_', '_')), ('PRED', '>=', '_', '_'))), ('PRED', '<=', '_', '_')))",req4870.pkl
1381,1,req4873.pkl,"('G', '_', '_', ('||', ('F', '_', '_', ('G', '_', '_', ('PRED', '!=', '_', '_'))), ('PRED', '<', '_', '_'), ('PRED', '=', '_', '_')))",req4873.pkl
1382,1,req4878.pkl,"('G', '_', '_', ('&&', ('PRED', '<=', '_', '_'), ('||', ('F', '_', '_', ('G', '_', '_', ('PRED', '>=', '_', '_'))), ('PRED', '>', '_', '_'))))",req4878.pkl
1383,1,req4882.pkl,"('G', '_', '_', ('&&', ('PRED', '=', '_', '_'), ('||', ('G', '_', '_', ('PRED', '>', '_', '_')), ('PRED', '<', '_', '_'))))",req4882.pkl
1384,1,req4885.pkl,"('G', '_', '_', ('&&', ('PRED', '<=', '_', '_'), ('||', ('G', '_', '_', ('F', '_', '_', ('PRED', '=', '_', '_'))), ('NOT', ('PRED', '<=', '_', '_')), ('NOT', ('PRED', '>=', '_', '_')))))",req4885.pkl
1385,1,req4904.pkl,"('G', '_', '_', ('UNTIL', '_', '_', ('&&', ('PRED', '=', '_', '_'), ('||', ('&&', ('PRED', '<=', '_', '_'), ('PRED', '>=', '_', '_')), ('PRED', '<=', '_', '_'))), ('PRED', '>', '_', '_')))",req4904.pkl
1386,1,req4907.pkl,"('G', '_', '_', ('UNTIL', '_', '_', ('UNTIL', '_', '_', ('&&', ('PRED', '<=', '_', '_'), ('PRED', '>=', '_', '_')), ('||', ('PRED', '=', '_', '_'), ('PRED', '>', '_', '_'))), ('PRED', '=', '_', '_')))",req4907.pkl
1387,1,req4921.pkl,"('G', '_', '_', ('||', ('F', '_', '_', ('NOT', ('PRED', '<', '_', '_'))), ('G', '_', '_', ('PRED', '>', '_', '_'))))",req4921.pkl
1388,1,req4923.pkl,"('G', '_', '_', ('UNTIL', '_', '_', ('PRED', '>', '_', '_'), ('||', ('G', '_', '_', ('&&', ('PRED', '<=', '_', '_'), ('PRED', '>=', '_', '_'))), ('PRED', '!=', '_', '_'))))",req4923.pkl
1389,1,req4926.pkl,"('G', '_', '_', ('||', ('F', '_', '_', ('G', '_', '_', ('&&', ('PRED', '<=', '_', '_'), ('PRED', '>', '_', '_')))), ('PRED', '!=', '_', '_')))",req4926.pkl
1390,1,req4935.pkl,"('G', '_', '_', ('&&', ('PRED', '>', '_', '_'), ('||', ('F', '_', '_', ('G', '_', '_', ('PRED', '<', '_', '_'))), ('PRED', '>', '_', '_'))))",req4935.pkl
1391,1,req4944.pkl,"('G', '_', '_', ('||', ('F', '_', '_', ('NOT', ('NOT', ('&&', ('PRED', '<=', '_', '_'), ('PRED', '>=', '_', '_'))))), ('F', '_', '_', ('PRED', '=', '_', '_'))))",req4944.pkl
1392,1,req4946.pkl,"('G', '_', '_', ('&&', ('PRED', '<', '_', '_'), ('PRED', '<=', '_', '_'), ('PRED', '>', '_', '_'), ('PRED', '>', '_', '_')))",req4946.pkl
1393,1,req4949.pkl,"('G', '_', '_', ('UNTIL', '_', '_', ('||', ('PRED', '>', '_', '_'), ('PRED', '>=', '_', '_')), ('&&', ('PRED', '<', '_', '_'), ('PRED', '>', '_', '_'))))",req4949.pkl
1394,1,req4950.pkl,"('G', '_', '_', ('||', ('F', '_', '_', ('PRED', '=', '_', '_')), ('PRED', '!=', '_', '_'), ('PRED', '>=', '_', '_')))",req4950.pkl
1395,1,req4955.pkl,"('G', '_', '_', ('UNTIL', '_', '_', ('&&', ('PRED', '<=', '_', '_'), ('||', ('PRED', '<', '_', '_'), ('PRED', '=', '_', '_'))), ('PRED', '=', '_', '_')))",req4955.pkl
1396,1,req4960.pkl,"('G', '_', '_', ('&&', ('PRED', '<', '_', '_'), ('PRED', '>', '_', '_'), ('||', ('PRED', '<', '_', '_'), ('PRED', '>=', '_', '_'))))",req4960.pkl
1397,1,req4965.pkl,"('G', '_', '_', ('&&', ('PRED', '=', '_', '_'), ('PRED', '>', '_', '_'), ('||', ('PRED', '<', '_', '_'), ('PRED', '>=', '_', '_'))))",req4965.pkl
1398,1,req4966.pkl,"('G', '_', '_', ('&&', ('PRED', '>=', '_', '_'), ('||', ('PRED', '=', '_', '_'), ('PRED', '=', '_', '_'))))",req4966.pkl
1399,1,req4969.pkl,"('G', '_', '_', ('||', ('F', '_', '_', ('G', '_', '_', ('||', ('NOT', ('PRED', '<=', '_', '_')), ('NOT', ('PRED', '>=', '_', '_'))))), ('PRED', '<', '_', '_'), ('PRED', '>', '_', '_')))",req4969.pkl
1400,1,req4977.pkl,"('G', '_', '_', ('&&', ('PRED', '=', '_', '_'), ('||', ('G', '_', '_', ('F', '_', '_', ('PRED', '=', '_', '_'))), ('NOT', ('PRED', '<', '_', '_')), ('NOT', ('PRED', '>', '_', '_')))))",req4977.pkl
1401,1,req4978.pkl,"('G', '_', '_', ('&&', ('PRED', '>', '_', '_'), ('||', ('F', '_', '_', ('PRED', '<=', '_', '_')), ('PRED', '!=', '_', '_'))))",req4978.pkl
1402,1,req4980.pkl,"('G', '_', '_', ('||', ('&&', ('PRED', '<', '_', '_'), ('PRED', '>', '_', '_')), ('&&', ('PRED', '<=', '_', '_'), ('PRED', '>', '_', '_')), ('PRED', '!=', '_', '_'), ('PRED', '=', '_', '_')))",req4980.pkl
1403,1,req4986.pkl,"('G', '_', '_', ('&&', ('PRED', '>=', '_', '_'), ('||', ('G', '_', '_', ('F', '_', '_', ('PRED', '>', '_', '_'))), ('PRED', '>', '_', '_'))))",req4986.pkl
1404,1,req4990.pkl,"('G', '_', '_', ('&&', ('PRED', '=', '_', '_'), ('PRED', '>', '_', '_'), ('||', ('&&', ('PRED', '<=', '_', '_'), ('PRED', '>=', '_', '_')), ('NOT', ('PRED', '<=', '_', '_')), ('NOT', ('PRED', '>=', '_', '_')))))",req4990.pkl
1405,1,req4991.pkl,"('G', '_', '_', ('||', ('F', '_', '_', ('NOT', ('PRED', '!=', '_', '_'))), ('F', '_', '_', ('NOT', ('PRED', '=', '_', '_')))))",req4991.pkl
1406,1,req4992.pkl,"('G', '_', '_', ('||', ('&&', ('PRED', '<=', '_', '_'), ('PRED', '>=', '_', '_')), ('G', '_', '_', ('PRED', '=', '_', '_')), ('PRED', '=', '_', '_')))",req4992.pkl
1407,1,req4994.pkl,"('G', '_', '_', ('||', ('&&', ('NOT', ('NOT', ('PRED', '<=', '_', '_'))), ('NOT', ('NOT', ('PRED', '>=', '_', '_')))), ('&&', ('PRED', '<=', '_', '_'), ('PRED', '>=', '_', '_')), ('F', '_', '_', ('G', '_', '_', ('PRED', '!=', '_', '_')))))",req4994.pkl
1408,1,req5004.pkl,"('G', '_', '_', ('UNTIL', '_', '_', ('||', ('PRED', '<', '_', '_'), ('PRED', '>=', '_', '_')), ('PRED', '<=', '_', '_')))",req5004.pkl
1409,1,req5015.pkl,"('G', '_', '_', ('&&', ('PRED', '<', '_', '_'), ('PRED', '>', '_', '_'), ('||', ('G', '_', '_', ('PRED', '>=', '_', '_')), ('PRED', '!=', '_', '_'))))",req5015.pkl
1410,1,req5026.pkl,"('G', '_', '_', ('||', ('&&', ('PRED', '<', '_', '_'), ('||', ('PRED', '!=', '_', '_'), ('PRED', '>', '_', '_'))), ('PRED', '=', '_', '_')))",req5026.pkl
1411,1,req5036.pkl,"('G', '_', '_', ('&&', ('PRED', '>', '_', '_'), ('||', ('G', '_', '_', ('&&', ('PRED', '<', '_', '_'), ('PRED', '>', '_', '_'))), ('PRED', '>=', '_', '_'))))",req5036.pkl
1412,1,req5045.pkl,"('G', '_', '_', ('&&', ('PRED', '<=', '_', '_'), ('||', ('G', '_', '_', ('F', '_', '_', ('PRED', '<', '_', '_'))), ('PRED', '=', '_', '_'))))",req5045.pkl
1413,1,req5050.pkl,"('G', '_', '_', ('||', ('&&', ('PRED', '<', '_', '_'), ('PRED', '>', '_', '_')), ('&&', ('PRED', '<', '_', '_'), ('||', ('NOT', ('PRED', '<', '_', '_')), ('NOT', ('PRED', '>', '_', '_')), ('PRED', '>=', '_', '_')))))",req5050.pkl
1414,1,req5061.pkl,"('G', '_', '_', ('||', ('G', '_', '_', ('F', '_', '_', ('PRED', '<', '_', '_'))), ('PRED', '!=', '_', '_'), ('PRED', '=', '_', '_')))",req5061.pkl
1415,1,req5064.pkl,"('G', '_', '_', ('&&', ('PRED', '>', '_', '_'), ('||', ('F', '_', '_', ('PRED', '>', '_', '_')), ('PRED', '>', '_', '_'))))",req5064.pkl
1416,1,req5070.pkl,"('G', '_', '_', ('&&', ('PRED', '>', '_', '_'), ('||', ('F', '_', '_', ('&&', ('PRED', '<', '_', '_'), ('PRED', '>', '_', '_'))), ('PRED', '=', '_', '_'))))",req5070.pkl
1417,1,req5081.pkl,"('G', '_', '_', ('&&', ('PRED', '=', '_', '_'), ('||', ('NOT', ('UNTIL', '_', '_', ('&&', ('PRED', '<', '_', '_'), ('PRED', '>', '_', '_')), ('PRED', '=', '_', '_'))), ('PRED', '!=', '_', '_'))))",req5081.pkl
1418,1,req5087.pkl,"('G', '_', '_', ('||', ('G', '_', '_', ('F', '_', '_', ('&&', ('PRED', '<', '_', '_'), ('PRED', '>', '_', '_')))), ('PRED', '>=', '_', '_')))",req5087.pkl
1419,1,req5090.pkl,"('G', '_', '_', ('&&', ('PRED', '>=', '_', '_'), ('||', ('F', '_', '_', ('G', '_', '_', ('&&', ('PRED', '<=', '_', '_'), ('PRED', '>', '_', '_')))), ('PRED', '!=', '_', '_'))))",req5090.pkl
1420,1,req5109.pkl,"('G', '_', '_', ('||', ('F', '_', '_', ('G', '_', '_', ('PRED', '=', '_', '_'))), ('G', '_', '_', ('NOT', ('NOT', ('&&', ('PRED', '<=', '_', '_'), ('PRED', '>=', '_', '_')))))))",req5109.pkl
1421,1,req5111.pkl,"('G', '_', '_', ('&&', ('PRED', '=', '_', '_'), ('||', ('F', '_', '_', ('G', '_', '_', ('PRED', '<=', '_', '_'))), ('PRED', '<=', '_', '_'))))",req5111.pkl
1422,1,req5118.pkl,"('G', '_', '_', ('UNTIL', '_', '_', ('&&', ('PRED', '<', '_', '_'), ('PRED', '>', '_', '_'), ('||', ('PRED', '!=', '_', '_'), ('PRED', '>', '_', '_'))), ('&&', ('PRED', '<=', '_', '_'), ('PRED', '>=', '_', '_'))))",req5118.pkl
1423,1,req5119.pkl,"('G', '_', '_', ('&&', ('PRED', '<', '_', '_'), ('PRED', '>=', '_', '_'), ('||', ('G', '_', '_', ('F', '_', '_', ('PRED', '<', '_', '_'))), ('PRED', '!=', '_', '_'))))",req5119.pkl
1424,1,req5120.pkl,"('G', '_', '_', ('||', ('F', '_', '_', ('G', '_', '_', ('PRED', '>=', '_', '_'))), ('PRED', '!=', '_', '_'), ('PRED', '!=', '_', '_')))",req5120.pkl
1425,1,req5121.pkl,"('G', '_', '_', ('||', ('&&', ('PRED', '>=', '_', '_'), ('||', ('PRED', '!=', '_', '_'), ('PRED', '>', '_', '_'))), ('PRED', '=', '_', '_')))",req5121.pkl
1426,1,req5123.pkl,"('G', '_', '_', ('&&', ('PRED', '<=', '_', '_'), ('PRED', '>=', '_', '_'), ('||', ('F', '_', '_', ('PRED', '>=', '_', '_')), ('PRED', '!=', '_', '_'))))",req5123.pkl
1427,1,req5136.pkl,"('G', '_', '_', ('&&', ('PRED', '<', '_', '_'), ('||', ('PRED', '<', '_', '_'), ('PRED', '>=', '_', '_'))))",req5136.pkl
1428,1,req5137.pkl,"('G', '_', '_', ('&&', ('PRED', '<=', '_', '_'), ('PRED', '=', '_', '_'), ('||', ('&&', ('NOT', ('NOT', ('PRED', '<', '_', '_'))), ('NOT', ('NOT', ('PRED', '>', '_', '_')))), ('PRED', '>=', '_', '_'))))",req5137.pkl
1429,1,req5143.pkl,"('G', '_', '_', ('UNTIL', '_', '_', ('&&', ('PRED', '>=', '_', '_'), ('||', ('&&', ('NOT', ('NOT', ('PRED', '<=', '_', '_'))), ('NOT', ('NOT', ('PRED', '>=', '_', '_')))), ('PRED', '>=', '_', '_'))), ('PRED', '=', '_', '_')))",req5143.pkl
1430,1,req5150.pkl,"('G', '_', '_', ('&&', ('PRED', '=', '_', '_'), ('||', ('&&', ('NOT', ('NOT', ('PRED', '<=', '_', '_'))), ('NOT', ('NOT', ('PRED', '>=', '_', '_')))), ('PRED', '!=', '_', '_'))))",req5150.pkl
1431,1,req5152.pkl,"('G', '_', '_', ('&&', ('PRED', '=', '_', '_'), ('||', ('NOT', ('PRED', '<=', '_', '_')), ('NOT', ('PRED', '>=', '_', '_')), ('PRED', '>=', '_', '_'))))",req5152.pkl
1432,1,req5153.pkl,"('G', '_', '_', ('&&', ('PRED', '<', '_', '_'), ('PRED', '<=', '_', '_'), ('PRED', '>=', '_', '_'), ('||', ('NOT', ('PRED', '<', '_', '_')), ('NOT', ('PRED', '>', '_', '_')), ('PRED', '>', '_', '_'))))",req5153.pkl
1433,1,req5157.pkl,"('G', '_', '_', ('||', ('F', '_', '_', ('PRED', '>', '_', '_')), ('PRED', '=', '_', '_')))",req5157.pkl
1434,1,req5158.pkl,"('G', '_', '_', ('&&', ('PRED', '=', '_', '_'), ('||', ('NOT', ('PRED', '<=', '_', '_')), ('NOT', ('PRED', '>=', '_', '_')), ('PRED', '<=', '_', '_'))))",req5158.pkl
1435,1,req5159.pkl,"('G', '_', '_', ('&&', ('PRED', '>', '_', '_'), ('||', ('NOT', ('PRED', '<', '_', '_')), ('NOT', ('PRED', '>', '_', '_')), ('PRED', '!=', '_', '_'))))",req5159.pkl
1436,1,req5170.pkl,"('G', '_', '_', ('UNTIL', '_', '_', ('||', ('PRED', '<=', '_', '_'), ('PRED', '>=', '_', '_')), ('&&', ('PRED', '<=', '_', '_'), ('PRED', '>=', '_', '_'))))",req5170.pkl
1437,1,req5174.pkl,"('G', '_', '_', ('UNTIL', '_', '_', ('&&', ('PRED', '=', '_', '_'), ('||', ('NOT', ('PRED', '<', '_', '_')), ('NOT', ('PRED', '>', '_', '_')), ('PRED', '=', '_', '_'))), ('PRED', '>=', '_', '_')))",req5174.pkl
1438,1,req5175.pkl,"('G', '_', '_', ('||', ('F', '_', '_', ('NOT', ('&&', ('PRED', '<=', '_', '_'), ('PRED', '>=', '_', '_')))), ('G', '_', '_', ('PRED', '<=', '_', '_'))))",req5175.pkl
1439,1,req5183.pkl,"('G', '_', '_', ('||', ('F', '_', '_', ('NOT', ('&&', ('PRED', '<', '_', '_'), ('PRED', '>=', '_', '_')))), ('F', '_', '_', ('PRED', '<=', '_', '_'))))",req5183.pkl
1440,1,req5198.pkl,"('G', '_', '_', ('&&', ('PRED', '<', '_', '_'), ('PRED', '=', '_', '_'), ('||', ('NOT', ('PRED', '<=', '_', '_')), ('NOT', ('PRED', '>=', '_', '_')), ('PRED', '>=', '_', '_'))))",req5198.pkl
1441,1,req5202.pkl,"('G', '_', '_', ('&&', ('PRED', '<=', '_', '_'), ('||', ('&&', ('PRED', '<=', '_', '_'), ('PRED', '>=', '_', '_')), ('PRED', '<=', '_', '_'))))",req5202.pkl
1442,1,req5205.pkl,"('G', '_', '_', ('||', ('F', '_', '_', ('G', '_', '_', ('&&', ('PRED', '<=', '_', '_'), ('PRED', '>', '_', '_')))), ('F', '_', '_', ('NOT', ('NOT', ('&&', ('PRED', '<=', '_', '_'), ('PRED', '>=', '_', '_')))))))",req5205.pkl
1443,1,req5208.pkl,"('G', '_', '_', ('UNTIL', '_', '_', ('||', ('PRED', '!=', '_', '_'), ('PRED', '<=', '_', '_')), ('PRED', '>=', '_', '_')))",req5208.pkl
1444,1,req5214.pkl,"('G', '_', '_', ('UNTIL', '_', '_', ('PRED', '<', '_', '_'), ('||', ('F', '_', '_', ('G', '_', '_', ('PRED', '>', '_', '_'))), ('PRED', '!=', '_', '_'))))",req5214.pkl
1445,1,req5235.pkl,"('G', '_', '_', ('&&', ('PRED', '<=', '_', '_'), ('PRED', '>=', '_', '_'), ('||', ('F', '_', '_', ('G', '_', '_', ('PRED', '=', '_', '_'))), ('NOT', ('PRED', '<', '_', '_')), ('NOT', ('PRED', '>', '_', '_')))))",req5235.pkl
1446,1,req5239.pkl,"('G', '_', '_', ('||', ('F', '_', '_', ('G', '_', '_', ('PRED', '=', '_', '_'))), ('PRED', '!=', '_', '_'), ('PRED', '<', '_', '_')))",req5239.pkl
1447,1,req5240.pkl,"('G', '_', '_', ('&&', ('PRED', '<=', '_', '_'), ('||', ('G', '_', '_', ('F', '_', '_', ('PRED', '<=', '_', '_'))), ('NOT', ('PRED', '<=', '_', '_')), ('NOT', ('PRED', '>=', '_', '_')))))",req5240.pkl
1448,1,req5243.pkl,"('G', '_', '_', ('&&', ('PRED', '<=', '_', '_'), ('PRED', '>=', '_', '_'), ('||', ('NOT', ('PRED', '<=', '_', '_')), ('NOT', ('PRED', '>=', '_', '_')), ('PRED', '=', '_', '_'))))",req5243.pkl
1449,1,req5248.pkl,"('G', '_', '_', ('&&', ('PRED', '=', '_', '_'), ('||', ('F', '_', '_', ('G', '_', '_', ('PRED', '<', '_', '_'))), ('PRED', '<', '_', '_'))))",req5248.pkl
1450,1,req5251.pkl,"('G', '_', '_', ('||', ('&&', ('PRED', '<=', '_', '_'), ('PRED', '>=', '_', '_'), ('||', ('&&', ('PRED', '<', '_', '_'), ('PRED', '>', '_', '_')), ('PRED', '=', '_', '_'))), ('PRED', '=', '_', '_')))",req5251.pkl
1451,1,req5252.pkl,"('G', '_', '_', ('UNTIL', '_', '_', ('||', ('PRED', '=', '_', '_'), ('UNTIL', '_', '_', ('PRED', '>', '_', '_'), ('PRED', '=', '_', '_'))), ('&&', ('PRED', '<=', '_', '_'), ('PRED', '>=', '_', '_'))))",req5252.pkl
1452,1,req5256.pkl,"('G', '_', '_', ('UNTIL', '_', '_', ('||', ('PRED', '!=', '_', '_'), ('PRED', '!=', '_', '_')), ('PRED', '=', '_', '_')))",req5256.pkl
1453,1,req5266.pkl,"('G', '_', '_', ('||', ('&&', ('PRED', '<=', '_', '_'), ('PRED', '>=', '_', '_')), ('NOT', ('PRED', '<=', '_', '_')), ('NOT', ('PRED', '>=', '_', '_'))))",req5266.pkl
1454,1,req5272.pkl,"('G', '_', '_', ('||', ('F', '_', '_', ('NOT', ('PRED', '!=', '_', '_'))), ('PRED', '<=', '_', '_')))",req5272.pkl
1455,1,req5277.pkl,"('G', '_', '_', ('||', ('G', '_', '_', ('F', '_', '_', ('PRED', '=', '_', '_'))), ('G', '_', '_', ('NOT', ('&&', ('PRED', '<', '_', '_'), ('PRED', '>', '_', '_'))))))",req5277.pkl
1456,1,req5278.pkl,"('G', '_', '_', ('UNTIL', '_', '_', ('||', ('G', '_', '_', ('NOT', ('NOT', ('PRED', '=', '_', '_')))), ('PRED', '!=', '_', '_')), ('PRED', '>', '_', '_')))",req5278.pkl
1457,1,req5281.pkl,"('G', '_', '_', ('||', ('&&', ('PRED', '<', '_', '_'), ('PRED', '>', '_', '_')), ('NOT', ('PRED', '<=', '_', '_')), ('NOT', ('PRED', '>=', '_', '_')), ('PRED', '=', '_', '_'), ('PRED', '>=', '_', '_')))",req5281.pkl
1458,1,req5284.pkl,"('G', '_', '_', ('&&', ('PRED', '<', '_', '_'), ('PRED', '<=', '_', '_'), ('PRED', '>', '_', '_'), ('||', ('&&', ('PRED', '<', '_', '_'), ('PRED', '>', '_', '_')), ('PRED', '<', '_', '_'))))",req5284.pkl
1459,1,req5294.pkl,"('G', '_', '_', ('&&', ('PRED', '=', '_', '_'), ('||', ('F', '_', '_', ('G', '_', '_', ('PRED', '<', '_', '_'))), ('PRED', '>', '_', '_'))))",req5294.pkl
1460,1,req5298.pkl,"('G', '_', '_', ('&&', ('PRED', '=', '_', '_'), ('||', ('F', '_', '_', ('&&', ('PRED', '<', '_', '_'), ('PRED', '>', '_', '_'))), ('PRED', '!=', '_', '_'))))",req5298.pkl
1461,1,req5301.pkl,"('G', '_', '_', ('||', ('F', '_', '_', ('NOT', ('&&', ('PRED', '<', '_', '_'), ('PRED', '>', '_', '_')))), ('F', '_', '_', ('NOT', ('&&', ('PRED', '<', '_', '_'), ('PRED', '>', '_', '_'))))))",req5301.pkl
1462,1,req5311.pkl,"('G', '_', '_', ('UNTIL', '_', '_', ('PRED', '=', '_', '_'), ('||', ('F', '_', '_', ('G', '_', '_', ('PRED', '<', '_', '_'))), ('PRED', '<', '_', '_'))))",req5311.pkl
1463,1,req5317.pkl,"('G', '_', '_', ('&&', ('PRED', '<=', '_', '_'), ('PRED', '<=', '_', '_'), ('PRED', '>', '_', '_'), ('PRED', '>=', '_', '_')))",req5317.pkl
1464,1,req5318.pkl,"('G', '_', '_', ('||', ('&&', ('PRED', '<=', '_', '_'), ('PRED', '>=', '_', '_')), ('&&', ('PRED', '<=', '_', '_'), ('||', ('PRED', '!=', '_', '_'), ('PRED', '>=', '_', '_')))))",req5318.pkl
1465,1,req5324.pkl,"('G', '_', '_', ('||', ('G', '_', '_', ('F', '_', '_', ('||', ('NOT', ('PRED', '<=', '_', '_')), ('NOT', ('PRED', '>', '_', '_'))))), ('PRED', '<', '_', '_')))",req5324.pkl
1466,1,req5333.pkl,"('G', '_', '_', ('||', ('F', '_', '_', ('G', '_', '_', ('PRED', '<=', '_', '_'))), ('F', '_', '_', ('NOT', ('NOT', ('PRED', '=', '_', '_'))))))",req5333.pkl
1467,1,req5336.pkl,"('G', '_', '_', ('||', ('&&', ('NOT', ('NOT', ('PRED', '<=', '_', '_'))), ('NOT', ('NOT', ('PRED', '>=', '_', '_')))), ('F', '_', '_', ('NOT', ('PRED', '=', '_', '_')))))",req5336.pkl
1468,1,req5338.pkl,"('G', '_', '_', ('&&', ('PRED', '>', '_', '_'), ('||', ('G', '_', '_', ('F', '_', '_', ('PRED', '<=', '_', '_'))), ('PRED', '!=', '_', '_'))))",req5338.pkl
1469,1,req5349.pkl,"('G', '_', '_', ('||', ('&&', ('PRED', '<', '_', '_'), ('PRED', '>', '_', '_')), ('G', '_', '_', ('F', '_', '_', ('PRED', '>', '_', '_'))), ('PRED', '<=', '_', '_')))",req5349.pkl
1470,1,req5357.pkl,"('G', '_', '_', ('||', ('&&', ('PRED', '>', '_', '_'), ('||', ('&&', ('PRED', '<', '_', '_'), ('PRED', '>', '_', '_')), ('PRED', '<=', '_', '_'))), ('PRED', '=', '_', '_')))",req5357.pkl
1471,1,req5360.pkl,"('G', '_', '_', ('||', ('F', '_', '_', ('G', '_', '_', ('PRED', '>', '_', '_'))), ('PRED', '=', '_', '_')))",req5360.pkl
1472,1,req5367.pkl,"('G', '_', '_', ('&&', ('PRED', '<', '_', '_'), ('PRED', '>', '_', '_'), ('||', ('G', '_', '_', ('PRED', '<', '_', '_')), ('PRED', '!=', '_', '_'))))",req5367.pkl
1473,1,req5370.pkl,"('G', '_', '_', ('&&', ('PRED', '<', '_', '_'), ('||', ('F', '_', '_', ('PRED', '<', '_', '_')), ('PRED', '<', '_', '_'))))",req5370.pkl
1474,1,req5371.pkl,"('G', '_', '_', ('||', ('F', '_', '_', ('NOT', ('PRED', '<=', '_', '_'))), ('G', '_', '_', ('F', '_', '_', ('PRED', '>=', '_', '_')))))",req5371.pkl
1475,1,req5375.pkl,"('G', '_', '_', ('&&', ('PRED', '<=', '_', '_'), ('||', ('PRED', '!=', '_', '_'), ('PRED', '>', '_', '_'))))",req5375.pkl
1476,1,req5378.pkl,"('G', '_', '_', ('||', ('&&', ('PRED', '=', '_', '_'), ('||', ('&&', ('PRED', '<=', '_', '_'), ('PRED', '>=', '_', '_')), ('PRED', '!=', '_', '_'))), ('PRED', '>=', '_', '_')))",req5378.pkl
1477,1,req5381.pkl,"('G', '_', '_', ('UNTIL', '_', '_', ('PRED', '<', '_', '_'), ('||', ('G', '_', '_', ('F', '_', '_', ('PRED', '=', '_', '_'))), ('PRED', '!=', '_', '_'))))",req5381.pkl
1478,1,req5383.pkl,"('G', '_', '_', ('&&', ('PRED', '<=', '_', '_'), ('PRED', '<=', '_', '_'), ('||', ('PRED', '!=', '_', '_'), ('PRED', '>=', '_', '_'))))",req5383.pkl
1479,1,req5394.pkl,"('G', '_', '_', ('||', ('&&', ('PRED', '<', '_', '_'), ('PRED', '>=', '_', '_')), ('PRED', '<=', '_', '_')))",req5394.pkl
1480,1,req5395.pkl,"('G', '_', '_', ('UNTIL', '_', '_', ('PRED', '=', '_', '_'), ('||', ('NOT', ('UNTIL', '_', '_', ('PRED', '<', '_', '_'), ('PRED', '>=', '_', '_'))), ('PRED', '<=', '_', '_'))))",req5395.pkl
1481,1,req5396.pkl,"('G', '_', '_', ('||', ('F', '_', '_', ('G', '_', '_', ('PRED', '!=', '_', '_'))), ('PRED', '<', '_', '_'), ('PRED', '>=', '_', '_')))",req5396.pkl
1482,1,req5406.pkl,"('G', '_', '_', ('||', ('G', '_', '_', ('PRED', '>', '_', '_')), ('PRED', '!=', '_', '_'), ('PRED', '>=', '_', '_')))",req5406.pkl
1483,1,req5422.pkl,"('G', '_', '_', ('||', ('F', '_', '_', ('G', '_', '_', ('PRED', '>', '_', '_'))), ('PRED', '!=', '_', '_'), ('PRED', '<', '_', '_')))",req5422.pkl
1484,1,req5424.pkl,"('G', '_', '_', ('||', ('&&', ('PRED', '<', '_', '_'), ('PRED', '>', '_', '_')), ('NOT', ('PRED', '<', '_', '_')), ('NOT', ('PRED', '>=', '_', '_'))))",req5424.pkl
1485,1,req5426.pkl,"('G', '_', '_', ('UNTIL', '_', '_', ('||', ('PRED', '<=', '_', '_'), ('PRED', '=', '_', '_'), ('PRED', '=', '_', '_')), ('PRED', '=', '_', '_')))",req5426.pkl
1486,1,req5431.pkl,"('G', '_', '_', ('UNTIL', '_', '_', ('||', ('&&', ('PRED', '<', '_', '_'), ('PRED', '>', '_', '_')), ('PRED', '<', '_', '_')), ('PRED', '=', '_', '_')))",req5431.pkl
1487,1,req5433.pkl,"('G', '_', '_', ('&&', ('PRED', '>=', '_', '_'), ('||', ('G', '_', '_', ('F', '_', '_', ('PRED', '=', '_', '_'))), ('PRED', '<=', '_', '_'))))",req5433.pkl
1488,1,req5439.pkl,"('G', '_', '_', ('UNTIL', '_', '_', ('||', ('&&', ('PRED', '<', '_', '_'), ('PRED', '>=', '_', '_')), ('PRED', '<=', '_', '_')), ('&&', ('PRED', '<', '_', '_'), ('PRED', '>=', '_', '_'))))",req5439.pkl
1489,1,req5441.pkl,"('G', '_', '_', ('||', ('F', '_', '_', ('&&', ('PRED', '<', '_', '_'), ('PRED', '>', '_', '_'))), ('G', '_', '_', ('NOT', ('PRED', '<', '_', '_')))))",req5441.pkl
1490,1,req5449.pkl,"('G', '_', '_', ('||', ('F', '_', '_', ('G', '_', '_', ('PRED', '=', '_', '_'))), ('NOT', ('PRED', '<', '_', '_')), ('NOT', ('PRED', '>=', '_', '_')), ('PRED', '>', '_', '_')))",req5449.pkl
1491,1,req5459.pkl,"('G', '_', '_', ('||', ('&&', ('PRED', '<=', '_', '_'), ('PRED', '>=', '_', '_'), ('||', ('NOT', ('PRED', '<=', '_', '_')), ('NOT', ('PRED', '>=', '_', '_')), ('PRED', '>=', '_', '_'))), ('PRED', '=', '_', '_')))",req5459.pkl
1492,1,req5460.pkl,"('G', '_', '_', ('&&', ('PRED', '=', '_', '_'), ('PRED', '>', '_', '_'), ('||', ('NOT', ('PRED', '<', '_', '_')), ('NOT', ('PRED', '>', '_', '_')), ('PRED', '<=', '_', '_'))))",req5460.pkl
1493,1,req5469.pkl,"('G', '_', '_', ('&&', ('PRED', '>=', '_', '_'), ('||', ('G', '_', '_', ('F', '_', '_', ('PRED', '>=', '_', '_'))), ('PRED', '>', '_', '_'))))",req5469.pkl
1494,1,req5477.pkl,"('G', '_', '_', ('&&', ('PRED', '>=', '_', '_'), ('||', ('G', '_', '_', ('F', '_', '_', ('&&', ('PRED', '<', '_', '_'), ('PRED', '>', '_', '_')))), ('PRED', '>=', '_', '_'))))",req5477.pkl
1495,1,req5479.pkl,"('G', '_', '_', ('&&', ('PRED', '<', '_', '_'), ('||', ('PRED', '!=', '_', '_'), ('PRED', '!=', '_', '_'))))",req5479.pkl
1496,1,req5490.pkl,"('G', '_', '_', ('||', ('F', '_', '_', ('NOT', ('PRED', '<=', '_', '_'))), ('G', '_', '_', ('F', '_', '_', ('PRED', '=', '_', '_')))))",req5490.pkl
1497,1,req5501.pkl,"('G', '_', '_', ('||', ('F', '_', '_', ('G', '_', '_', ('PRED', '>', '_', '_'))), ('F', '_', '_', ('NOT', ('PRED', '<', '_', '_')))))",req5501.pkl
1498,1,req5512.pkl,"('G', '_', '_', ('||', ('F', '_', '_', ('G', '_', '_', ('PRED', '=', '_', '_'))), ('PRED', '<=', '_', '_'), ('PRED', '>=', '_', '_')))",req5512.pkl
1499,1,req5516.pkl,"('G', '_', '_', ('||', ('&&', ('PRED', '<=', '_', '_'), ('PRED', '>', '_', '_')), ('PRED', '<', '_', '_'), ('PRED', '=', '_', '_')))",req5516.pkl
1500,1,req5518.pkl,"('G', '_', '_', ('||', ('F', '_', '_', ('NOT', ('PRED', '=', '_', '_'))), ('G', '_', '_', ('F', '_', '_', ('PRED', '=', '_', '_')))))",req5518.pkl
1501,1,req5522.pkl,"('G', '_', '_', ('&&', ('PRED', '<', '_', '_'), ('PRED', '>', '_', '_'), ('||', ('PRED', '=', '_', '_'), ('PRED', '=', '_', '_'))))",req5522.pkl
1502,1,req5527.pkl,"('G', '_', '_', ('UNTIL', '_', '_', ('&&', ('PRED', '=', '_', '_'), ('||', ('PRED', '>=', '_', '_'), ('PRED', '>=', '_', '_'))), ('&&', ('PRED', '<', '_', '_'), ('PRED', '>', '_', '_'))))",req5527.pkl
1503,1,req5528.pkl,"('G', '_', '_', ('||', ('NOT', ('UNTIL', '_', '_', ('PRED', '!=', '_', '_'), ('PRED', '!=', '_', '_'))), ('PRED', '<', '_', '_')))",req5528.pkl
1504,1,req5550.pkl,"('G', '_', '_', ('&&', ('PRED', '>', '_', '_'), ('PRED', '>', '_', '_'), ('||', ('PRED', '<=', '_', '_'), ('PRED', '>=', '_', '_'))))",req5550.pkl
1505,1,req5569.pkl,"('G', '_', '_', ('||', ('&&', ('PRED', '<=', '_', '_'), ('PRED', '>=', '_', '_')), ('NOT', ('PRED', '<', '_', '_')), ('NOT', ('PRED', '>=', '_', '_'))))",req5569.pkl
1506,1,req5572.pkl,"('G', '_', '_', ('UNTIL', '_', '_', ('||', ('PRED', '<=', '_', '_'), ('PRED', '=', '_', '_')), ('PRED', '<', '_', '_')))",req5572.pkl
1507,1,req5580.pkl,"('G', '_', '_', ('||', ('G', '_', '_', ('F', '_', '_', ('&&', ('PRED', '<=', '_', '_'), ('PRED', '>', '_', '_')))), ('UNTIL', '_', '_', ('PRED', '<=', '_', '_'), ('PRED', '=', '_', '_'))))",req5580.pkl
1508,1,req5582.pkl,"('G', '_', '_', ('||', ('F', '_', '_', ('G', '_', '_', ('PRED', '=', '_', '_'))), ('NOT', ('PRED', '<=', '_', '_')), ('NOT', ('PRED', '>=', '_', '_')), ('PRED', '<=', '_', '_')))",req5582.pkl
1509,1,req5587.pkl,"('G', '_', '_', ('||', ('PRED', '<=', '_', '_'), ('PRED', '<=', '_', '_'), ('PRED', '>=', '_', '_')))",req5587.pkl
1510,1,req5591.pkl,"('G', '_', '_', ('UNTIL', '_', '_', ('&&', ('PRED', '!=', '_', '_'), ('||', ('PRED', '!=', '_', '_'), ('PRED', '=', '_', '_'))), ('PRED', '<=', '_', '_')))",req5591.pkl
1511,1,req5595.pkl,"('G', '_', '_', ('||', ('G', '_', '_', ('PRED', '!=', '_', '_')), ('PRED', '>', '_', '_')))",req5595.pkl
1512,1,req5601.pkl,"('G', '_', '_', ('||', ('F', '_', '_', ('G', '_', '_', ('PRED', '>', '_', '_'))), ('PRED', '!=', '_', '_'), ('PRED', '>', '_', '_')))",req5601.pkl
1513,1,req5612.pkl,"('G', '_', '_', ('||', ('&&', ('PRED', '<', '_', '_'), ('PRED', '>', '_', '_')), ('NOT', ('PRED', '<=', '_', '_')), ('NOT', ('PRED', '>=', '_', '_')), ('PRED', '>=', '_', '_')))",req5612.pkl
1514,1,req5615.pkl,"('G', '_', '_', ('||', ('F', '_', '_', ('NOT', ('PRED', '>=', '_', '_'))), ('G', '_', '_', ('F', '_', '_', ('PRED', '<=', '_', '_')))))",req5615.pkl
1515,1,req5617.pkl,"('G', '_', '_', ('&&', ('PRED', '=', '_', '_'), ('||', ('G', '_', '_', ('F', '_', '_', ('&&', ('PRED', '<=', '_', '_'), ('PRED', '>=', '_', '_')))), ('PRED', '>=', '_', '_'))))",req5617.pkl
1516,1,req5619.pkl,"('G', '_', '_', ('UNTIL', '_', '_', ('&&', ('PRED', '=', '_', '_'), ('||', ('PRED', '<', '_', '_'), ('PRED', '<=', '_', '_'))), ('PRED', '=', '_', '_')))",req5619.pkl
1517,1,req5630.pkl,"('G', '_', '_', ('UNTIL', '_', '_', ('||', ('PRED', '<=', '_', '_'), ('PRED', '>=', '_', '_')), ('PRED', '<=', '_', '_')))",req5630.pkl
1518,1,req5632.pkl,"('G', '_', '_', ('&&', ('PRED', '=', '_', '_'), ('PRED', '>', '_', '_'), ('||', ('&&', ('PRED', '<=', '_', '_'), ('PRED', '>=', '_', '_')), ('PRED', '!=', '_', '_'))))",req5632.pkl
1519,1,req5638.pkl,"('G', '_', '_', ('UNTIL', '_', '_', ('||', ('NOT', ('PRED', '<=', '_', '_')), ('NOT', ('PRED', '>=', '_', '_'))), ('||', ('F', '_', '_', ('G', '_', '_', ('PRED', '=', '_', '_'))), ('NOT', ('PRED', '<=', '_', '_')), ('NOT', ('PRED', '>=', '_', '_')))))",req5638.pkl
1520,1,req5642.pkl,"('G', '_', '_', ('&&', ('PRED', '<', '_', '_'), ('||', ('NOT', ('PRED', '<', '_', '_')), ('NOT', ('PRED', '>', '_', '_')), ('PRED', '<', '_', '_'))))",req5642.pkl
1521,1,req5648.pkl,"('G', '_', '_', ('UNTIL', '_', '_', ('||', ('&&', ('PRED', '<=', '_', '_'), ('PRED', '>', '_', '_')), ('PRED', '!=', '_', '_')), ('PRED', '=', '_', '_')))",req5648.pkl
1522,1,req5658.pkl,"('G', '_', '_', ('||', ('NOT', ('UNTIL', '_', '_', ('PRED', '>=', '_', '_'), ('&&', ('PRED', '<', '_', '_'), ('PRED', '>', '_', '_')))), ('PRED', '!=', '_', '_')))",req5658.pkl
1523,1,req5678.pkl,"('G', '_', '_', ('&&', ('PRED', '>=', '_', '_'), ('||', ('&&', ('PRED', '<', '_', '_'), ('PRED', '>', '_', '_')), ('PRED', '!=', '_', '_'))))",req5678.pkl
1524,1,req5684.pkl,"('G', '_', '_', ('&&', ('PRED', '=', '_', '_'), ('||', ('G', '_', '_', ('PRED', '<', '_', '_')), ('NOT', ('PRED', '<=', '_', '_')), ('NOT', ('PRED', '>=', '_', '_')))))",req5684.pkl
1525,1,req5686.pkl,"('G', '_', '_', ('&&', ('PRED', '<', '_', '_'), ('PRED', '>', '_', '_'), ('||', ('F', '_', '_', ('G', '_', '_', ('PRED', '>', '_', '_'))), ('PRED', '=', '_', '_'))))",req5686.pkl
1526,1,req5688.pkl,"('G', '_', '_', ('||', ('F', '_', '_', ('||', ('NOT', ('PRED', '<', '_', '_')), ('NOT', ('PRED', '>', '_', '_')))), ('PRED', '>', '_', '_'), ('PRED', '>=', '_', '_')))",req5688.pkl
1527,1,req5697.pkl,"('G', '_', '_', ('&&', ('PRED', '=', '_', '_'), ('||', ('G', '_', '_', ('F', '_', '_', ('PRED', '=', '_', '_'))), ('PRED', '<=', '_', '_'))))",req5697.pkl
1528,1,req5700.pkl,"('G', '_', '_', ('&&', ('PRED', '<', '_', '_'), ('PRED', '>', '_', '_'), ('||', ('F', '_', '_', ('G', '_', '_', ('PRED', '!=', '_', '_'))), ('PRED', '!=', '_', '_'))))",req5700.pkl
1529,1,req5701.pkl,"('G', '_', '_', ('||', ('PRED', '<', '_', '_'), ('PRED', '<=', '_', '_'), ('PRED', '>=', '_', '_')))",req5701.pkl
1530,1,req5703.pkl,"('G', '_', '_', ('&&', ('PRED', '<', '_', '_'), ('PRED', '>', '_', '_'), ('||', ('NOT', ('UNTIL', '_', '_', ('PRED', '<=', '_', '_'), ('&&', ('PRED', '<', '_', '_'), ('PRED', '>', '_', '_')))), ('PRED', '!=', '_', '_'))))",req5703.pkl
1531,1,req5708.pkl,"('G', '_', '_', ('||', ('G', '_', '_', ('F', '_', '_', ('PRED', '<=', '_', '_'))), ('PRED', '<', '_', '_')))",req5708.pkl
1532,1,req5711.pkl,"('G', '_', '_', ('&&', ('PRED', '>=', '_', '_'), ('||', ('F', '_', '_', ('G', '_', '_', ('PRED', '=', '_', '_'))), ('NOT', ('PRED', '<=', '_', '_')), ('NOT', ('PRED', '>=', '_', '_')))))",req5711.pkl
1533,1,req5718.pkl,"('G', '_', '_', ('||', ('F', '_', '_', ('&&', ('PRED', '<=', '_', '_'), ('PRED', '>=', '_', '_'))), ('PRED', '=', '_', '_')))",req5718.pkl
1534,1,req5721.pkl,"('G', '_', '_', ('||', ('F', '_', '_', ('PRED', '<=', '_', '_')), ('G', '_', '_', ('NOT', ('PRED', '=', '_', '_')))))",req5721.pkl
1535,1,req5725.pkl,"('G', '_', '_', ('UNTIL', '_', '_', ('&&', ('PRED', '<=', '_', '_'), ('PRED', '>', '_', '_'), ('||', ('PRED', '<', '_', '_'), ('PRED', '>', '_', '_'))), ('PRED', '>', '_', '_')))",req5725.pkl
1536,1,req5734.pkl,"('G', '_', '_', ('&&', ('PRED', '>', '_', '_'), ('||', ('G', '_', '_', ('&&', ('PRED', '<=', '_', '_'), ('PRED', '>=', '_', '_'))), ('PRED', '<=', '_', '_'))))",req5734.pkl
1537,1,req5760.pkl,"('G', '_', '_', ('&&', ('PRED', '>=', '_', '_'), ('||', ('F', '_', '_', ('&&', ('PRED', '<', '_', '_'), ('PRED', '>=', '_', '_'))), ('PRED', '>', '_', '_'))))",req5760.pkl
1538,1,req5761.pkl,"('G', '_', '_', ('||', ('G', '_', '_', ('F', '_', '_', ('PRED', '<=', '_', '_'))), ('G', '_', '_', ('NOT', ('PRED', '>=', '_', '_')))))",req5761.pkl
1539,1,req5762.pkl,"('G', '_', '_', ('||', ('G', '_', '_', ('&&', ('PRED', '<', '_', '_'), ('PRED', '>', '_', '_'))), ('PRED', '<', '_', '_'), ('PRED', '>', '_', '_')))",req5762.pkl
1540,1,req5764.pkl,"('G', '_', '_', ('&&', ('PRED', '>=', '_', '_'), ('||', ('G', '_', '_', ('PRED', '=', '_', '_')), ('PRED', '>', '_', '_'))))",req5764.pkl
1541,1,req5766.pkl,"('F', '_', '_', ('&&', ('PRED', '>', '_', '_'), ('||', ('NOT', ('PRED', '<', '_', '_')), ('NOT', ('PRED', '>', '_', '_')))))",req5766.pkl
1542,1,req5768.pkl,"('G', '_', '_', ('||', ('G', '_', '_', ('&&', ('PRED', '<', '_', '_'), ('PRED', '>', '_', '_'))), ('NOT', ('PRED', '<=', '_', '_')), ('NOT', ('PRED', '>=', '_', '_')), ('PRED', '!=', '_', '_')))",req5768.pkl
1543,1,req5781.pkl,"('G', '_', '_', ('&&', ('PRED', '>', '_', '_'), ('||', ('G', '_', '_', ('F', '_', '_', ('PRED', '<', '_', '_'))), ('PRED', '!=', '_', '_'))))",req5781.pkl
1544,1,req5782.pkl,"('G', '_', '_', ('UNTIL', '_', '_', ('||', ('&&', ('PRED', '<', '_', '_'), ('PRED', '>', '_', '_')), ('PRED', '!=', '_', '_')), ('&&', ('PRED', '<', '_', '_'), ('PRED', '>', '_', '_'))))",req5782.pkl
1545,1,req5786.pkl,"('G', '_', '_', ('||', ('&&', ('PRED', '>', '_', '_'), ('||', ('NOT', ('PRED', '<', '_', '_')), ('NOT', ('PRED', '>', '_', '_')), ('PRED', '=', '_', '_'))), ('PRED', '=', '_', '_')))",req5786.pkl
1546,1,req5793.pkl,"('G', '_', '_', ('&&', ('PRED', '=', '_', '_'), ('||', ('&&', ('NOT', ('NOT', ('PRED', '<=', '_', '_'))), ('NOT', ('NOT', ('PRED', '>=', '_', '_')))), ('G', '_', '_', ('F', '_', '_', ('||', ('NOT', ('PRED', '<', '_', '_')), ('NOT', ('PRED', '>', '_', '_'))))))))",req5793.pkl
1547,1,req5806.pkl,"('G', '_', '_', ('||', ('&&', ('PRED', '<', '_', '_'), ('PRED', '>', '_', '_')), ('F', '_', '_', ('NOT', ('PRED', '=', '_', '_'))), ('NOT', ('PRED', '<', '_', '_')), ('NOT', ('PRED', '>', '_', '_'))))",req5806.pkl
1548,1,req5809.pkl,"('G', '_', '_', ('UNTIL', '_', '_', ('&&', ('PRED', '>', '_', '_'), ('||', ('PRED', '>', '_', '_'), ('PRED', '>=', '_', '_'))), ('PRED', '<', '_', '_')))",req5809.pkl
1549,1,req5813.pkl,"('G', '_', '_', ('UNTIL', '_', '_', ('||', ('PRED', '<', '_', '_'), ('PRED', '<=', '_', '_')), ('&&', ('PRED', '<', '_', '_'), ('PRED', '>', '_', '_'))))",req5813.pkl
1550,1,req5816.pkl,"('F', '_', '_', ('||', ('NOT', ('PRED', '<=', '_', '_')), ('NOT', ('PRED', '>=', '_', '_')), ('PRED', '>', '_', '_')))",req5816.pkl
1551,1,req5823.pkl,"('G', '_', '_', ('&&', ('PRED', '<', '_', '_'), ('||', ('NOT', ('PRED', '<=', '_', '_')), ('NOT', ('PRED', '>=', '_', '_')), ('PRED', '!=', '_', '_'))))",req5823.pkl
1552,1,req5825.pkl,"('G', '_', '_', ('||', ('&&', ('PRED', '<=', '_', '_'), ('PRED', '>=', '_', '_')), ('PRED', '>=', '_', '_'), ('PRED', '>=', '_', '_')))",req5825.pkl
1553,1,req5829.pkl,"('G', '_', '_', ('&&', ('PRED', '<', '_', '_'), ('||', ('NOT', ('PRED', '<=', '_', '_')), ('NOT', ('PRED', '>', '_', '_')), ('PRED', '>=', '_', '_'))))",req5829.pkl
1554,1,req5830.pkl,"('G', '_', '_', ('||', ('G', '_', '_', ('PRED', '<=', '_', '_')), ('PRED', '!=', '_', '_'), ('PRED', '>=', '_', '_')))",req5830.pkl
1555,1,req5838.pkl,"('G', '_', '_', ('&&', ('PRED', '!=', '_', '_'), ('||', ('F', '_', '_', ('G', '_', '_', ('&&', ('PRED', '<=', '_', '_'), ('PRED', '>=', '_', '_')))), ('PRED', '!=', '_', '_'))))",req5838.pkl
1556,1,req5840.pkl,"('G', '_', '_', ('&&', ('PRED', '>=', '_', '_'), ('||', ('NOT', ('PRED', '<', '_', '_')), ('NOT', ('PRED', '>', '_', '_')), ('PRED', '>=', '_', '_'))))",req5840.pkl
1557,1,req5859.pkl,"('G', '_', '_', ('||', ('PRED', '=', '_', '_'), ('PRED', '>', '_', '_'), ('PRED', '>', '_', '_'), ('PRED', '>', '_', '_')))",req5859.pkl
1558,1,req5873.pkl,"('G', '_', '_', ('&&', ('PRED', '=', '_', '_'), ('PRED', '=', '_', '_'), ('||', ('PRED', '!=', '_', '_'), ('PRED', '!=', '_', '_'))))",req5873.pkl
1559,1,req5876.pkl,"('G', '_', '_', ('UNTIL', '_', '_', ('&&', ('PRED', '>=', '_', '_'), ('||', ('NOT', ('PRED', '<=', '_', '_')), ('NOT', ('PRED', '>=', '_', '_')), ('PRED', '=', '_', '_'))), ('PRED', '=', '_', '_')))",req5876.pkl
1560,1,req5888.pkl,"('G', '_', '_', ('&&', ('||', ('NOT', ('PRED', '<=', '_', '_')), ('NOT', ('PRED', '>=', '_', '_'))), ('||', ('PRED', '!=', '_', '_'), ('PRED', '<', '_', '_'))))",req5888.pkl
1561,1,req5890.pkl,"('G', '_', '_', ('||', ('&&', ('PRED', '<', '_', '_'), ('PRED', '>', '_', '_'), ('||', ('NOT', ('PRED', '<', '_', '_')), ('NOT', ('PRED', '>', '_', '_')), ('PRED', '<', '_', '_'))), ('PRED', '<', '_', '_')))",req5890.pkl
1562,1,req5893.pkl,"('G', '_', '_', ('&&', ('PRED', '=', '_', '_'), ('||', ('NOT', ('PRED', '<', '_', '_')), ('NOT', ('PRED', '>', '_', '_')), ('PRED', '<', '_', '_'))))",req5893.pkl
1563,1,req5903.pkl,"('G', '_', '_', ('||', ('F', '_', '_', ('NOT', ('PRED', '=', '_', '_'))), ('F', '_', '_', ('PRED', '>=', '_', '_'))))",req5903.pkl
1564,1,req5907.pkl,"('G', '_', '_', ('&&', ('PRED', '<=', '_', '_'), ('||', ('F', '_', '_', ('NOT', ('PRED', '>', '_', '_'))), ('PRED', '!=', '_', '_'))))",req5907.pkl
1565,1,req5928.pkl,"('G', '_', '_', ('||', ('&&', ('PRED', '=', '_', '_'), ('||', ('NOT', ('PRED', '<=', '_', '_')), ('NOT', ('PRED', '>=', '_', '_')), ('PRED', '>', '_', '_'))), ('PRED', '=', '_', '_')))",req5928.pkl
1566,1,req5932.pkl,"('G', '_', '_', ('UNTIL', '_', '_', ('||', ('PRED', '<', '_', '_'), ('PRED', '=', '_', '_'), ('PRED', '=', '_', '_')), ('PRED', '<', '_', '_')))",req5932.pkl
1567,1,req5933.pkl,"('G', '_', '_', ('||', ('&&', ('PRED', '<', '_', '_'), ('PRED', '>', '_', '_')), ('&&', ('||', ('&&', ('PRED', '<=', '_', '_'), ('PRED', '>=', '_', '_')), ('PRED', '!=', '_', '_')), ('||', ('NOT', ('PRED', '<', '_', '_')), ('NOT', ('PRED', '>', '_', '_'))))))",req5933.pkl
1568,1,req5942.pkl,"('G', '_', '_', ('&&', ('PRED', '!=', '_', '_'), ('||', ('F', '_', '_', ('G', '_', '_', ('PRED', '!=', '_', '_'))), ('PRED', '!=', '_', '_'))))",req5942.pkl
1569,1,req5955.pkl,"('G', '_', '_', ('UNTIL', '_', '_', ('PRED', '=', '_', '_'), ('||', ('G', '_', '_', ('F', '_', '_', ('&&', ('PRED', '<', '_', '_'), ('PRED', '>', '_', '_')))), ('PRED', '<=', '_', '_'))))",req5955.pkl
1570,1,req5968.pkl,"('G', '_', '_', ('||', ('&&', ('PRED', '<', '_', '_'), ('PRED', '>=', '_', '_')), ('PRED', '<=', '_', '_'), ('PRED', '>=', '_', '_')))",req5968.pkl
1571,1,req5972.pkl,"('G', '_', '_', ('UNTIL', '_', '_', ('||', ('&&', ('NOT', ('NOT', ('PRED', '<=', '_', '_'))), ('NOT', ('NOT', ('PRED', '>', '_', '_')))), ('&&', ('PRED', '<', '_', '_'), ('PRED', '>', '_', '_'))), ('PRED', '<', '_', '_')))",req5972.pkl
1572,1,req5983.pkl,"('G', '_', '_', ('&&', ('PRED', '<=', '_', '_'), ('PRED', '>=', '_', '_'), ('||', ('NOT', ('PRED', '<=', '_', '_')), ('NOT', ('PRED', '>=', '_', '_')))))",req5983.pkl
1573,1,req5987.pkl,"('G', '_', '_', ('||', ('F', '_', '_', ('NOT', ('PRED', '=', '_', '_'))), ('G', '_', '_', ('F', '_', '_', ('PRED', '>=', '_', '_')))))",req5987.pkl
1574,1,req6001.pkl,"('G', '_', '_', ('||', ('&&', ('PRED', '<', '_', '_'), ('PRED', '>', '_', '_')), ('G', '_', '_', ('F', '_', '_', ('PRED', '>', '_', '_'))), ('PRED', '!=', '_', '_')))",req6001.pkl
1575,1,req6003.pkl,"('G', '_', '_', ('&&', ('PRED', '<=', '_', '_'), ('PRED', '>=', '_', '_'), ('||', ('G', '_', '_', ('F', '_', '_', ('PRED', '<', '_', '_'))), ('NOT', ('PRED', '<=', '_', '_')), ('NOT', ('PRED', '>=', '_', '_')))))",req6003.pkl
1576,1,req6011.pkl,"('G', '_', '_', ('||', ('F', '_', '_', ('NOT', ('PRED', '>', '_', '_'))), ('PRED', '!=', '_', '_')))",req6011.pkl
1577,1,req6018.pkl,"('G', '_', '_', ('||', ('&&', ('NOT', ('NOT', ('PRED', '<', '_', '_'))), ('NOT', ('NOT', ('PRED', '>', '_', '_')))), ('G', '_', '_', ('F', '_', '_', ('&&', ('PRED', '<', '_', '_'), ('PRED', '>', '_', '_'))))))",req6018.pkl
1578,1,req6024.pkl,"('G', '_', '_', ('||', ('&&', ('PRED', '<=', '_', '_'), ('PRED', '>=', '_', '_')), ('G', '_', '_', ('PRED', '<', '_', '_')), ('PRED', '<', '_', '_')))",req6024.pkl
1579,1,req6038.pkl,"('G', '_', '_', ('||', ('F', '_', '_', ('G', '_', '_', ('PRED', '>', '_', '_'))), ('PRED', '!=', '_', '_'), ('PRED', '>=', '_', '_')))",req6038.pkl
1580,1,req6039.pkl,"('G', '_', '_', ('||', ('F', '_', '_', ('G', '_', '_', ('PRED', '=', '_', '_'))), ('PRED', '<', '_', '_'), ('PRED', '<', '_', '_')))",req6039.pkl
1581,1,req6042.pkl,"('G', '_', '_', ('||', ('G', '_', '_', ('F', '_', '_', ('PRED', '=', '_', '_'))), ('G', '_', '_', ('NOT', ('PRED', '<', '_', '_')))))",req6042.pkl
1582,1,req6053.pkl,"('G', '_', '_', ('UNTIL', '_', '_', ('||', ('G', '_', '_', ('NOT', ('PRED', '<', '_', '_'))), ('PRED', '<=', '_', '_')), ('PRED', '>=', '_', '_')))",req6053.pkl
1583,1,req6057.pkl,"('G', '_', '_', ('&&', ('PRED', '>=', '_', '_'), ('||', ('G', '_', '_', ('F', '_', '_', ('PRED', '>', '_', '_'))), ('PRED', '<', '_', '_'))))",req6057.pkl
1584,1,req6063.pkl,"('G', '_', '_', ('UNTIL', '_', '_', ('&&', ('PRED', '<', '_', '_'), ('PRED', '>=', '_', '_'), ('||', ('PRED', '<', '_', '_'), ('PRED', '>=', '_', '_'))), ('&&', ('PRED', '<', '_', '_'), ('PRED', '>=', '_', '_'))))",req6063.pkl
1585,1,req6065.pkl,"('G', '_', '_', ('||', ('PRED', '!=', '_', '_'), ('PRED', '<=', '_', '_'), ('PRED', '=', '_', '_'), ('PRED', '=', '_', '_')))",req6065.pkl
1586,1,req6089.pkl,"('G', '_', '_', ('&&', ('PRED', '=', '_', '_'), ('||', ('F', '_', '_', ('G', '_', '_', ('||', ('NOT', ('PRED', '<', '_', '_')), ('NOT', ('PRED', '>', '_', '_'))))), ('PRED', '!=', '_', '_'))))",req6089.pkl
1587,1,req6090.pkl,"('G', '_', '_', ('&&', ('PRED', '<', '_', '_'), ('PRED', '>=', '_', '_'), ('||', ('PRED', '>', '_', '_'), ('PRED', '>=', '_', '_'))))",req6090.pkl
1588,1,req6093.pkl,"('G', '_', '_', ('||', ('G', '_', '_', ('NOT', ('&&', ('PRED', '<', '_', '_'), ('PRED', '>', '_', '_')))), ('G', '_', '_', ('NOT', ('PRED', '=', '_', '_')))))",req6093.pkl
1589,1,req6094.pkl,"('G', '_', '_', ('||', ('F', '_', '_', ('NOT', ('PRED', '=', '_', '_'))), ('NOT', ('UNTIL', '_', '_', ('PRED', '=', '_', '_'), ('PRED', '>=', '_', '_')))))",req6094.pkl
1590,1,req6097.pkl,"('G', '_', '_', ('||', ('G', '_', '_', ('F', '_', '_', ('PRED', '=', '_', '_'))), ('NOT', ('PRED', '<=', '_', '_')), ('NOT', ('PRED', '>', '_', '_')), ('PRED', '<=', '_', '_')))",req6097.pkl
1591,1,req6104.pkl,"('G', '_', '_', ('||', ('G', '_', '_', ('PRED', '<', '_', '_')), ('PRED', '>', '_', '_')))",req6104.pkl
1592,1,req6116.pkl,"('G', '_', '_', ('||', ('G', '_', '_', ('PRED', '=', '_', '_')), ('PRED', '<=', '_', '_'), ('PRED', '>=', '_', '_')))",req6116.pkl
1593,1,req6118.pkl,"('G', '_', '_', ('&&', ('PRED', '>=', '_', '_'), ('||', ('F', '_', '_', ('G', '_', '_', ('PRED', '!=', '_', '_'))), ('PRED', '!=', '_', '_'))))",req6118.pkl
1594,1,req6122.pkl,"('G', '_', '_', ('&&', ('PRED', '<=', '_', '_'), ('PRED', '>=', '_', '_'), ('||', ('PRED', '>', '_', '_'), ('PRED', '>', '_', '_'))))",req6122.pkl
1595,1,req6125.pkl,"('G', '_', '_', ('&&', ('PRED', '!=', '_', '_'), ('||', ('NOT', ('PRED', '<=', '_', '_')), ('NOT', ('PRED', '>=', '_', '_')), ('PRED', '>=', '_', '_'))))",req6125.pkl
1596,1,req6135.pkl,"('G', '_', '_', ('UNTIL', '_', '_', ('&&', ('PRED', '<', '_', '_'), ('||', ('&&', ('PRED', '<=', '_', '_'), ('PRED', '>=', '_', '_')), ('PRED', '=', '_', '_'))), ('PRED', '>=', '_', '_')))",req6135.pkl
1597,1,req6139.pkl,"('G', '_', '_', ('UNTIL', '_', '_', ('||', ('PRED', '!=', '_', '_'), ('PRED', '>=', '_', '_')), ('PRED', '=', '_', '_')))",req6139.pkl
1598,1,req6143.pkl,"('G', '_', '_', ('UNTIL', '_', '_', ('||', ('PRED', '<=', '_', '_'), ('PRED', '=', '_', '_')), ('PRED', '<=', '_', '_')))",req6143.pkl
1599,1,req6150.pkl,"('G', '_', '_', ('||', ('G', '_', '_', ('NOT', ('PRED', '=', '_', '_'))), ('G', '_', '_', ('NOT', ('PRED', '>=', '_', '_')))))",req6150.pkl
1600,1,req6151.pkl,"('G', '_', '_', ('&&', ('PRED', '=', '_', '_'), ('||', ('PRED', '<=', '_', '_'), ('PRED', '<=', '_', '_'))))",req6151.pkl
1601,1,req6152.pkl,"('G', '_', '_', ('||', ('PRED', '<', '_', '_'), ('PRED', '<', '_', '_'), ('PRED', '=', '_', '_'), ('PRED', '>=', '_', '_')))",req6152.pkl
1602,1,req6159.pkl,"('G', '_', '_', ('&&', ('PRED', '>', '_', '_'), ('||', ('F', '_', '_', ('G', '_', '_', ('PRED', '<=', '_', '_'))), ('PRED', '>', '_', '_'))))",req6159.pkl
1603,1,req6161.pkl,"('G', '_', '_', ('UNTIL', '_', '_', ('||', ('PRED', '!=', '_', '_'), ('PRED', '=', '_', '_'), ('PRED', '>=', '_', '_')), ('PRED', '<=', '_', '_')))",req6161.pkl
1604,1,req6163.pkl,"('G', '_', '_', ('&&', ('PRED', '>', '_', '_'), ('||', ('G', '_', '_', ('F', '_', '_', ('&&', ('PRED', '<', '_', '_'), ('PRED', '>', '_', '_')))), ('PRED', '=', '_', '_'))))",req6163.pkl
1605,1,req6175.pkl,"('G', '_', '_', ('&&', ('PRED', '<=', '_', '_'), ('||', ('G', '_', '_', ('PRED', '>', '_', '_')), ('PRED', '<=', '_', '_'))))",req6175.pkl
1606,1,req6187.pkl,"('G', '_', '_', ('||', ('&&', ('PRED', '<=', '_', '_'), ('PRED', '>=', '_', '_')), ('&&', ('PRED', '>', '_', '_'), ('||', ('PRED', '!=', '_', '_'), ('PRED', '>', '_', '_')))))",req6187.pkl
1607,1,req6189.pkl,"('G', '_', '_', ('&&', ('PRED', '<', '_', '_'), ('||', ('PRED', '<', '_', '_'), ('PRED', '=', '_', '_'))))",req6189.pkl
1608,1,req6208.pkl,"('G', '_', '_', ('&&', ('PRED', '<=', '_', '_'), ('PRED', '>=', '_', '_'), ('||', ('G', '_', '_', ('PRED', '>', '_', '_')), ('NOT', ('PRED', '<=', '_', '_')), ('NOT', ('PRED', '>', '_', '_')))))",req6208.pkl
1609,1,req6222.pkl,"('G', '_', '_', ('||', ('&&', ('PRED', '<=', '_', '_'), ('PRED', '>=', '_', '_')), ('NOT', ('PRED', '<', '_', '_')), ('NOT', ('PRED', '>', '_', '_')), ('PRED', '>', '_', '_')))",req6222.pkl
1610,1,req6230.pkl,"('G', '_', '_', ('||', ('&&', ('PRED', '<=', '_', '_'), ('PRED', '>=', '_', '_'), ('||', ('PRED', '<=', '_', '_'), ('PRED', '>=', '_', '_'))), ('PRED', '<', '_', '_')))",req6230.pkl
1611,1,req6235.pkl,"('G', '_', '_', ('||', ('G', '_', '_', ('F', '_', '_', ('PRED', '=', '_', '_'))), ('NOT', ('PRED', '<', '_', '_')), ('NOT', ('PRED', '>', '_', '_')), ('PRED', '<=', '_', '_')))",req6235.pkl
1612,1,req6239.pkl,"('G', '_', '_', ('||', ('NOT', ('PRED', '<', '_', '_')), ('NOT', ('PRED', '>', '_', '_')), ('PRED', '<=', '_', '_'), ('PRED', '>=', '_', '_')))",req6239.pkl
1613,1,req6255.pkl,"('G', '_', '_', ('||', ('G', '_', '_', ('F', '_', '_', ('PRED', '<=', '_', '_'))), ('PRED', '!=', '_', '_'), ('PRED', '<=', '_', '_')))",req6255.pkl
1614,1,req6259.pkl,"('G', '_', '_', ('||', ('F', '_', '_', ('NOT', ('PRED', '<', '_', '_'))), ('NOT', ('UNTIL', '_', '_', ('PRED', '>', '_', '_'), ('PRED', '<', '_', '_')))))",req6259.pkl
1615,1,req6260.pkl,"('G', '_', '_', ('UNTIL', '_', '_', ('&&', ('PRED', '<=', '_', '_'), ('PRED', '>=', '_', '_')), ('||', ('G', '_', '_', ('PRED', '>', '_', '_')), ('NOT', ('PRED', '<=', '_', '_')), ('NOT', ('PRED', '>=', '_', '_')))))",req6260.pkl
1616,1,req6265.pkl,"('G', '_', '_', ('&&', ('||', ('G', '_', '_', ('F', '_', '_', ('PRED', '!=', '_', '_'))), ('PRED', '<', '_', '_')), ('||', ('NOT', ('PRED', '<=', '_', '_')), ('NOT', ('PRED', '>=', '_', '_')))))",req6265.pkl
1617,1,req6315.pkl,"('G', '_', '_', ('||', ('&&', ('PRED', '<', '_', '_'), ('PRED', '>', '_', '_')), ('&&', ('PRED', '<=', '_', '_'), ('||', ('NOT', ('PRED', '<=', '_', '_')), ('NOT', ('PRED', '>=', '_', '_')), ('PRED', '>', '_', '_')))))",req6315.pkl
1618,1,req6317.pkl,"('G', '_', '_', ('UNTIL', '_', '_', ('||', ('PRED', '!=', '_', '_'), ('PRED', '<', '_', '_'), ('PRED', '>=', '_', '_')), ('&&', ('PRED', '<=', '_', '_'), ('PRED', '>=', '_', '_'))))",req6317.pkl
1619,1,req6320.pkl,"('G', '_', '_', ('&&', ('PRED', '<=', '_', '_'), ('||', ('G', '_', '_', ('&&', ('PRED', '<=', '_', '_'), ('PRED', '>', '_', '_'))), ('PRED', '!=', '_', '_'))))",req6320.pkl
1620,1,req6322.pkl,"('G', '_', '_', ('||', ('F', '_', '_', ('NOT', ('PRED', '<', '_', '_'))), ('NOT', ('UNTIL', '_', '_', ('PRED', '<=', '_', '_'), ('PRED', '=', '_', '_')))))",req6322.pkl
1621,1,req6335.pkl,"('G', '_', '_', ('&&', ('PRED', '=', '_', '_'), ('||', ('F', '_', '_', ('PRED', '=', '_', '_')), ('PRED', '=', '_', '_'))))",req6335.pkl
1622,1,req6337.pkl,"('G', '_', '_', ('UNTIL', '_', '_', ('&&', ('PRED', '=', '_', '_'), ('||', ('&&', ('NOT', ('NOT', ('PRED', '<', '_', '_'))), ('NOT', ('NOT', ('PRED', '>', '_', '_')))), ('PRED', '>', '_', '_'))), ('PRED', '<=', '_', '_')))",req6337.pkl
1623,1,req6338.pkl,"('G', '_', '_', ('||', ('G', '_', '_', ('F', '_', '_', ('PRED', '=', '_', '_'))), ('PRED', '<=', '_', '_'), ('PRED', '=', '_', '_')))",req6338.pkl
1624,1,req6341.pkl,"('G', '_', '_', ('||', ('F', '_', '_', ('&&', ('PRED', '<=', '_', '_'), ('PRED', '>=', '_', '_'))), ('PRED', '<', '_', '_'), ('PRED', '<', '_', '_')))",req6341.pkl
1625,1,req6342.pkl,"('G', '_', '_', ('||', ('G', '_', '_', ('F', '_', '_', ('PRED', '<=', '_', '_'))), ('G', '_', '_', ('NOT', ('NOT', ('&&', ('PRED', '<=', '_', '_'), ('PRED', '>=', '_', '_')))))))",req6342.pkl
1626,1,req6362.pkl,"('G', '_', '_', ('||', ('G', '_', '_', ('NOT', ('PRED', '<', '_', '_'))), ('PRED', '>', '_', '_')))",req6362.pkl
1627,1,req6363.pkl,"('G', '_', '_', ('||', ('&&', ('PRED', '=', '_', '_'), ('||', ('PRED', '!=', '_', '_'), ('PRED', '=', '_', '_'))), ('PRED', '<=', '_', '_')))",req6363.pkl
1628,1,req6369.pkl,"('G', '_', '_', ('UNTIL', '_', '_', ('||', ('&&', ('PRED', '<=', '_', '_'), ('PRED', '>=', '_', '_')), ('PRED', '<=', '_', '_'), ('PRED', '>=', '_', '_')), ('PRED', '=', '_', '_')))",req6369.pkl
1629,1,req6370.pkl,"('G', '_', '_', ('||', ('NOT', ('UNTIL', '_', '_', ('PRED', '<=', '_', '_'), ('PRED', '>=', '_', '_'))), ('PRED', '<=', '_', '_')))",req6370.pkl
1630,1,req6371.pkl,"('G', '_', '_', ('UNTIL', '_', '_', ('||', ('PRED', '<', '_', '_'), ('PRED', '>=', '_', '_')), ('PRED', '=', '_', '_')))",req6371.pkl
1631,1,req6383.pkl,"('G', '_', '_', ('||', ('G', '_', '_', ('&&', ('PRED', '<', '_', '_'), ('PRED', '>', '_', '_'))), ('NOT', ('PRED', '<=', '_', '_')), ('NOT', ('PRED', '>', '_', '_')), ('PRED', '>=', '_', '_')))",req6383.pkl
1632,1,req6387.pkl,"('G', '_', '_', ('||', ('F', '_', '_', ('G', '_', '_', ('PRED', '<=', '_', '_'))), ('F', '_', '_', ('NOT', ('PRED', '>', '_', '_')))))",req6387.pkl
1633,1,req6390.pkl,"('G', '_', '_', ('&&', ('PRED', '<=', '_', '_'), ('PRED', '>=', '_', '_'), ('||', ('PRED', '<', '_', '_'), ('PRED', '>', '_', '_'))))",req6390.pkl
1634,1,req6395.pkl,"('G', '_', '_', ('||', ('G', '_', '_', ('F', '_', '_', ('&&', ('PRED', '<=', '_', '_'), ('PRED', '>=', '_', '_')))), ('PRED', '!=', '_', '_'), ('PRED', '>=', '_', '_')))",req6395.pkl
1635,1,req6398.pkl,"('G', '_', '_', ('||', ('&&', ('PRED', '<', '_', '_'), ('||', ('PRED', '<', '_', '_'), ('PRED', '>', '_', '_'))), ('PRED', '=', '_', '_')))",req6398.pkl
1636,1,req6406.pkl,"('G', '_', '_', ('&&', ('PRED', '>', '_', '_'), ('||', ('G', '_', '_', ('PRED', '>=', '_', '_')), ('PRED', '<', '_', '_'))))",req6406.pkl
1637,1,req6415.pkl,"('G', '_', '_', ('&&', ('PRED', '!=', '_', '_'), ('||', ('F', '_', '_', ('G', '_', '_', ('PRED', '=', '_', '_'))), ('PRED', '<=', '_', '_'))))",req6415.pkl
1638,1,req6430.pkl,"('G', '_', '_', ('||', ('&&', ('PRED', '<=', '_', '_'), ('PRED', '>=', '_', '_')), ('G', '_', '_', ('F', '_', '_', ('&&', ('PRED', '<', '_', '_'), ('PRED', '>', '_', '_')))), ('PRED', '!=', '_', '_')))",req6430.pkl
1639,1,req6437.pkl,"('G', '_', '_', ('||', ('G', '_', '_', ('F', '_', '_', ('PRED', '<=', '_', '_'))), ('PRED', '<=', '_', '_'), ('PRED', '>=', '_', '_')))",req6437.pkl
1640,1,req6439.pkl,"('G', '_', '_', ('UNTIL', '_', '_', ('||', ('G', '_', '_', ('NOT', ('PRED', '<', '_', '_'))), ('PRED', '<=', '_', '_')), ('PRED', '=', '_', '_')))",req6439.pkl
1641,1,req6441.pkl,"('G', '_', '_', ('&&', ('PRED', '<=', '_', '_'), ('PRED', '>=', '_', '_'), ('||', ('&&', ('NOT', ('NOT', ('PRED', '<', '_', '_'))), ('NOT', ('NOT', ('PRED', '>', '_', '_')))), ('PRED', '=', '_', '_'))))",req6441.pkl
1642,1,req6443.pkl,"('G', '_', '_', ('&&', ('PRED', '=', '_', '_'), ('||', ('G', '_', '_', ('&&', ('PRED', '<', '_', '_'), ('PRED', '>=', '_', '_'))), ('PRED', '!=', '_', '_'))))",req6443.pkl
1643,1,req6446.pkl,"('G', '_', '_', ('||', ('F', '_', '_', ('G', '_', '_', ('PRED', '<=', '_', '_'))), ('F', '_', '_', ('NOT', ('PRED', '=', '_', '_')))))",req6446.pkl
1644,1,req6450.pkl,"('G', '_', '_', ('&&', ('PRED', '<', '_', '_'), ('||', ('&&', ('PRED', '<', '_', '_'), ('PRED', '>=', '_', '_')), ('NOT', ('PRED', '<=', '_', '_')), ('NOT', ('PRED', '>=', '_', '_'))), ('||', ('NOT', ('PRED', '<', '_', '_')), ('NOT', ('PRED', '>', '_', '_')))))",req6450.pkl
1645,1,req6451.pkl,"('G', '_', '_', ('&&', ('PRED', '<', '_', '_'), ('||', ('NOT', ('UNTIL', '_', '_', ('PRED', '>', '_', '_'), ('PRED', '!=', '_', '_'))), ('PRED', '>', '_', '_'))))",req6451.pkl
1646,1,req6473.pkl,"('G', '_', '_', ('&&', ('PRED', '>', '_', '_'), ('||', ('F', '_', '_', ('G', '_', '_', ('PRED', '<=', '_', '_'))), ('NOT', ('PRED', '<=', '_', '_')), ('NOT', ('PRED', '>=', '_', '_')))))",req6473.pkl
1647,1,req6478.pkl,"('G', '_', '_', ('UNTIL', '_', '_', ('&&', ('PRED', '=', '_', '_'), ('||', ('PRED', '>=', '_', '_'), ('PRED', '>=', '_', '_'))), ('PRED', '=', '_', '_')))",req6478.pkl
1648,1,req6487.pkl,"('G', '_', '_', ('||', ('&&', ('PRED', '<=', '_', '_'), ('PRED', '>', '_', '_')), ('PRED', '>=', '_', '_')))",req6487.pkl
1649,1,req6496.pkl,"('G', '_', '_', ('||', ('G', '_', '_', ('F', '_', '_', ('&&', ('PRED', '<=', '_', '_'), ('PRED', '>=', '_', '_')))), ('NOT', ('PRED', '<', '_', '_')), ('NOT', ('PRED', '>', '_', '_')), ('PRED', '=', '_', '_')))",req6496.pkl
1650,1,req6504.pkl,"('G', '_', '_', ('UNTIL', '_', '_', ('||', ('PRED', '!=', '_', '_'), ('PRED', '<', '_', '_'), ('PRED', '>', '_', '_')), ('&&', ('PRED', '<', '_', '_'), ('PRED', '>', '_', '_'))))",req6504.pkl
1651,1,req6510.pkl,"('G', '_', '_', ('&&', ('PRED', '<', '_', '_'), ('PRED', '>', '_', '_'), ('||', ('G', '_', '_', ('NOT', ('PRED', '<', '_', '_'))), ('PRED', '<', '_', '_'))))",req6510.pkl
1652,1,req6530.pkl,"('G', '_', '_', ('||', ('&&', ('NOT', ('NOT', ('PRED', '<', '_', '_'))), ('NOT', ('NOT', ('PRED', '>', '_', '_')))), ('PRED', '!=', '_', '_'), ('PRED', '<=', '_', '_')))",req6530.pkl
1653,1,req6536.pkl,"('G', '_', '_', ('&&', ('||', ('NOT', ('PRED', '<=', '_', '_')), ('NOT', ('PRED', '>=', '_', '_'))), ('||', ('NOT', ('PRED', '<=', '_', '_')), ('NOT', ('PRED', '>=', '_', '_')), ('PRED', '>=', '_', '_'))))",req6536.pkl
1654,1,req6572.pkl,"('G', '_', '_', ('UNTIL', '_', '_', ('&&', ('PRED', '=', '_', '_'), ('||', ('PRED', '<=', '_', '_'), ('PRED', '=', '_', '_'))), ('PRED', '!=', '_', '_')))",req6572.pkl
1655,1,req6580.pkl,"('G', '_', '_', ('||', ('&&', ('PRED', '<', '_', '_'), ('||', ('PRED', '<=', '_', '_'), ('PRED', '>', '_', '_'))), ('PRED', '<=', '_', '_')))",req6580.pkl
1656,1,req6593.pkl,"('G', '_', '_', ('||', ('&&', ('PRED', '<=', '_', '_'), ('PRED', '>=', '_', '_')), ('PRED', '<', '_', '_'), ('PRED', '=', '_', '_')))",req6593.pkl
1657,1,req6602.pkl,"('G', '_', '_', ('UNTIL', '_', '_', ('||', ('&&', ('PRED', '<=', '_', '_'), ('PRED', '>', '_', '_')), ('PRED', '!=', '_', '_'), ('PRED', '=', '_', '_')), ('PRED', '=', '_', '_')))",req6602.pkl
1658,1,req6608.pkl,"('G', '_', '_', ('UNTIL', '_', '_', ('||', ('F', '_', '_', ('NOT', ('PRED', '=', '_', '_'))), ('PRED', '>', '_', '_')), ('PRED', '>', '_', '_')))",req6608.pkl
1659,1,req6620.pkl,"('G', '_', '_', ('||', ('F', '_', '_', ('G', '_', '_', ('&&', ('PRED', '<=', '_', '_'), ('PRED', '>', '_', '_')))), ('PRED', '>=', '_', '_')))",req6620.pkl
1660,1,req6628.pkl,"('G', '_', '_', ('||', ('&&', ('NOT', ('NOT', ('PRED', '<=', '_', '_'))), ('NOT', ('NOT', ('PRED', '>', '_', '_')))), ('G', '_', '_', ('F', '_', '_', ('PRED', '=', '_', '_')))))",req6628.pkl
1661,1,req6630.pkl,"('G', '_', '_', ('UNTIL', '_', '_', ('&&', ('PRED', '=', '_', '_'), ('||', ('&&', ('NOT', ('NOT', ('PRED', '<=', '_', '_'))), ('NOT', ('NOT', ('PRED', '>', '_', '_')))), ('PRED', '=', '_', '_'))), ('PRED', '=', '_', '_')))",req6630.pkl
1662,1,req6640.pkl,"('G', '_', '_', ('&&', ('PRED', '>=', '_', '_'), ('||', ('G', '_', '_', ('&&', ('PRED', '<=', '_', '_'), ('PRED', '>=', '_', '_'))), ('PRED', '>', '_', '_'))))",req6640.pkl
1663,1,req6643.pkl,"('G', '_', '_', ('&&', ('PRED', '>', '_', '_'), ('||', ('F', '_', '_', ('G', '_', '_', ('&&', ('PRED', '<', '_', '_'), ('PRED', '>', '_', '_')))), ('PRED', '<=', '_', '_'))))",req6643.pkl
1664,1,req6646.pkl,"('G', '_', '_', ('UNTIL', '_', '_', ('&&', ('PRED', '>', '_', '_'), ('||', ('PRED', '!=', '_', '_'), ('PRED', '=', '_', '_'))), ('PRED', '<', '_', '_')))",req6646.pkl
1665,1,req6655.pkl,"('G', '_', '_', ('||', ('F', '_', '_', ('NOT', ('PRED', '>=', '_', '_'))), ('G', '_', '_', ('F', '_', '_', ('PRED', '>=', '_', '_')))))",req6655.pkl
1666,1,req6659.pkl,"('G', '_', '_', ('&&', ('PRED', '=', '_', '_'), ('||', ('G', '_', '_', ('PRED', '>', '_', '_')), ('NOT', ('PRED', '<=', '_', '_')), ('NOT', ('PRED', '>=', '_', '_')))))",req6659.pkl
1667,1,req6681.pkl,"('G', '_', '_', ('UNTIL', '_', '_', ('&&', ('PRED', '<', '_', '_'), ('PRED', '>', '_', '_')), ('||', ('G', '_', '_', ('F', '_', '_', ('PRED', '<', '_', '_'))), ('PRED', '!=', '_', '_'))))",req6681.pkl
1668,1,req6719.pkl,"('G', '_', '_', ('&&', ('PRED', '<=', '_', '_'), ('||', ('G', '_', '_', ('NOT', ('PRED', '=', '_', '_'))), ('PRED', '>=', '_', '_'))))",req6719.pkl
1669,1,req6735.pkl,"('G', '_', '_', ('||', ('F', '_', '_', ('G', '_', '_', ('PRED', '>', '_', '_'))), ('F', '_', '_', ('NOT', ('PRED', '>=', '_', '_')))))",req6735.pkl
1670,1,req6741.pkl,"('G', '_', '_', ('||', ('&&', ('NOT', ('NOT', ('PRED', '<', '_', '_'))), ('NOT', ('NOT', ('PRED', '>', '_', '_')))), ('PRED', '=', '_', '_')))",req6741.pkl
1671,1,req6748.pkl,"('G', '_', '_', ('UNTIL', '_', '_', ('PRED', '<', '_', '_'), ('||', ('F', '_', '_', ('G', '_', '_', ('PRED', '>', '_', '_'))), ('PRED', '>=', '_', '_'))))",req6748.pkl
1672,1,req6750.pkl,"('G', '_', '_', ('||', ('F', '_', '_', ('G', '_', '_', ('||', ('NOT', ('PRED', '<=', '_', '_')), ('NOT', ('PRED', '>', '_', '_'))))), ('PRED', '>=', '_', '_')))",req6750.pkl
1673,1,req6759.pkl,"('G', '_', '_', ('UNTIL', '_', '_', ('||', ('&&', ('PRED', '<=', '_', '_'), ('PRED', '>', '_', '_')), ('F', '_', '_', ('NOT', ('NOT', ('PRED', '=', '_', '_'))))), ('&&', ('PRED', '<', '_', '_'), ('PRED', '>=', '_', '_'))))",req6759.pkl
1674,1,req6760.pkl,"('G', '_', '_', ('||', ('&&', ('PRED', '<=', '_', '_'), ('PRED', '>=', '_', '_')), ('NOT', ('PRED', '<=', '_', '_')), ('NOT', ('PRED', '>=', '_', '_')), ('PRED', '!=', '_', '_')))",req6760.pkl
1675,1,req6766.pkl,"('G', '_', '_', ('UNTIL', '_', '_', ('PRED', '=', '_', '_'), ('||', ('G', '_', '_', ('PRED', '=', '_', '_')), ('PRED', '!=', '_', '_'))))",req6766.pkl
1676,1,req6774.pkl,"('G', '_', '_', ('||', ('&&', ('PRED', '!=', '_', '_'), ('||', ('NOT', ('PRED', '<', '_', '_')), ('NOT', ('PRED', '>', '_', '_')), ('PRED', '<=', '_', '_'))), ('PRED', '=', '_', '_')))",req6774.pkl
1677,1,req6778.pkl,"('G', '_', '_', ('||', ('G', '_', '_', ('F', '_', '_', ('PRED', '>', '_', '_'))), ('G', '_', '_', ('NOT', ('PRED', '>', '_', '_')))))",req6778.pkl
1678,1,req6799.pkl,"('G', '_', '_', ('UNTIL', '_', '_', ('||', ('G', '_', '_', ('NOT', ('PRED', '=', '_', '_'))), ('PRED', '!=', '_', '_')), ('||', ('NOT', ('PRED', '<', '_', '_')), ('NOT', ('PRED', '>', '_', '_')))))",req6799.pkl
1679,1,req6800.pkl,"('G', '_', '_', ('&&', ('PRED', '!=', '_', '_'), ('||', ('G', '_', '_', ('PRED', '<=', '_', '_')), ('PRED', '!=', '_', '_'))))",req6800.pkl
1680,1,req6805.pkl,"('G', '_', '_', ('UNTIL', '_', '_', ('||', ('G', '_', '_', ('NOT', ('PRED', '=', '_', '_'))), ('PRED', '=', '_', '_')), ('&&', ('PRED', '<', '_', '_'), ('PRED', '>', '_', '_'))))",req6805.pkl
1681,1,req6810.pkl,"('G', '_', '_', ('&&', ('PRED', '=', '_', '_'), ('||', ('F', '_', '_', ('G', '_', '_', ('&&', ('PRED', '<', '_', '_'), ('PRED', '>=', '_', '_')))), ('PRED', '!=', '_', '_'))))",req6810.pkl
1682,1,req6812.pkl,"('G', '_', '_', ('&&', ('PRED', '<', '_', '_'), ('PRED', '>', '_', '_'), ('||', ('F', '_', '_', ('G', '_', '_', ('PRED', '>=', '_', '_'))), ('NOT', ('PRED', '<', '_', '_')), ('NOT', ('PRED', '>', '_', '_')))))",req6812.pkl
1683,1,req6818.pkl,"('G', '_', '_', ('||', ('F', '_', '_', ('NOT', ('PRED', '>', '_', '_'))), ('PRED', '<=', '_', '_')))",req6818.pkl
1684,1,req6819.pkl,"('G', '_', '_', ('||', ('F', '_', '_', ('NOT', ('&&', ('PRED', '<=', '_', '_'), ('PRED', '>=', '_', '_')))), ('G', '_', '_', ('F', '_', '_', ('PRED', '>', '_', '_')))))",req6819.pkl
1685,1,req6824.pkl,"('G', '_', '_', ('&&', ('PRED', '!=', '_', '_'), ('||', ('F', '_', '_', ('PRED', '>=', '_', '_')), ('PRED', '<=', '_', '_'))))",req6824.pkl
1686,1,req6827.pkl,"('G', '_', '_', ('&&', ('PRED', '>=', '_', '_'), ('||', ('G', '_', '_', ('F', '_', '_', ('PRED', '<', '_', '_'))), ('NOT', ('PRED', '<=', '_', '_')), ('NOT', ('PRED', '>=', '_', '_')))))",req6827.pkl
1687,1,req6828.pkl,"('G', '_', '_', ('||', ('F', '_', '_', ('PRED', '>', '_', '_')), ('PRED', '!=', '_', '_'), ('PRED', '=', '_', '_')))",req6828.pkl
1688,1,req6829.pkl,"('G', '_', '_', ('UNTIL', '_', '_', ('&&', ('PRED', '>=', '_', '_'), ('||', ('PRED', '!=', '_', '_'), ('PRED', '=', '_', '_'))), ('PRED', '<=', '_', '_')))",req6829.pkl
1689,1,req6832.pkl,"('G', '_', '_', ('&&', ('PRED', '=', '_', '_'), ('||', ('F', '_', '_', ('PRED', '<=', '_', '_')), ('PRED', '!=', '_', '_'))))",req6832.pkl
1690,1,req6847.pkl,"('G', '_', '_', ('&&', ('PRED', '<', '_', '_'), ('||', ('G', '_', '_', ('F', '_', '_', ('PRED', '=', '_', '_'))), ('PRED', '<', '_', '_'))))",req6847.pkl
1691,1,req6850.pkl,"('G', '_', '_', ('||', ('&&', ('PRED', '=', '_', '_'), ('||', ('&&', ('PRED', '<', '_', '_'), ('PRED', '>', '_', '_')), ('PRED', '!=', '_', '_'))), ('PRED', '<=', '_', '_')))",req6850.pkl
1692,1,req6875.pkl,"('G', '_', '_', ('||', ('&&', ('PRED', '<=', '_', '_'), ('PRED', '>=', '_', '_')), ('F', '_', '_', ('G', '_', '_', ('PRED', '>', '_', '_'))), ('PRED', '!=', '_', '_')))",req6875.pkl
1693,1,req6886.pkl,"('G', '_', '_', ('&&', ('PRED', '!=', '_', '_'), ('||', ('NOT', ('PRED', '<=', '_', '_')), ('NOT', ('PRED', '>=', '_', '_')), ('PRED', '<', '_', '_'))))",req6886.pkl
1694,1,req6892.pkl,"('G', '_', '_', ('||', ('G', '_', '_', ('NOT', ('PRED', '=', '_', '_'))), ('PRED', '<', '_', '_')))",req6892.pkl
1695,1,req6894.pkl,"('G', '_', '_', ('UNTIL', '_', '_', ('PRED', '=', '_', '_'), ('||', ('F', '_', '_', ('G', '_', '_', ('PRED', '<', '_', '_'))), ('PRED', '!=', '_', '_'))))",req6894.pkl
1696,1,req6895.pkl,"('G', '_', '_', ('&&', ('PRED', '>', '_', '_'), ('||', ('NOT', ('UNTIL', '_', '_', ('PRED', '>=', '_', '_'), ('PRED', '>=', '_', '_'))), ('PRED', '>=', '_', '_'))))",req6895.pkl
1697,1,req6899.pkl,"('G', '_', '_', ('||', ('F', '_', '_', ('G', '_', '_', ('PRED', '=', '_', '_'))), ('PRED', '!=', '_', '_'), ('PRED', '!=', '_', '_')))",req6899.pkl
1698,1,req6903.pkl,"('G', '_', '_', ('||', ('F', '_', '_', ('NOT', ('&&', ('PRED', '<=', '_', '_'), ('PRED', '>=', '_', '_')))), ('G', '_', '_', ('F', '_', '_', ('PRED', '!=', '_', '_')))))",req6903.pkl
1699,1,req6910.pkl,"('G', '_', '_', ('||', ('NOT', ('UNTIL', '_', '_', ('PRED', '<', '_', '_'), ('PRED', '=', '_', '_'))), ('PRED', '!=', '_', '_')))",req6910.pkl
1700,1,req6913.pkl,"('G', '_', '_', ('&&', ('PRED', '>=', '_', '_'), ('||', ('G', '_', '_', ('F', '_', '_', ('PRED', '=', '_', '_'))), ('PRED', '!=', '_', '_'))))",req6913.pkl
1701,1,req6918.pkl,"('G', '_', '_', ('&&', ('PRED', '<=', '_', '_'), ('PRED', '>=', '_', '_'), ('||', ('F', '_', '_', ('G', '_', '_', ('&&', ('PRED', '<=', '_', '_'), ('PRED', '>=', '_', '_')))), ('PRED', '=', '_', '_'))))",req6918.pkl
1702,1,req6921.pkl,"('G', '_', '_', ('&&', ('PRED', '<', '_', '_'), ('||', ('F', '_', '_', ('NOT', ('PRED', '>', '_', '_'))), ('PRED', '>=', '_', '_'))))",req6921.pkl
1703,1,req6926.pkl,"('G', '_', '_', ('||', ('G', '_', '_', ('PRED', '!=', '_', '_')), ('PRED', '!=', '_', '_')))",req6926.pkl
1704,1,req6930.pkl,"('G', '_', '_', ('||', ('&&', ('PRED', '<=', '_', '_'), ('PRED', '>=', '_', '_')), ('F', '_', '_', ('G', '_', '_', ('PRED', '=', '_', '_'))), ('NOT', ('PRED', '<=', '_', '_')), ('NOT', ('PRED', '>=', '_', '_'))))",req6930.pkl
1705,1,req6934.pkl,"('G', '_', '_', ('||', ('&&', ('NOT', ('NOT', ('PRED', '<=', '_', '_'))), ('NOT', ('NOT', ('PRED', '>', '_', '_')))), ('G', '_', '_', ('F', '_', '_', ('PRED', '>', '_', '_')))))",req6934.pkl
1706,1,req6936.pkl,"('G', '_', '_', ('&&', ('PRED', '<', '_', '_'), ('||', ('G', '_', '_', ('F', '_', '_', ('PRED', '>', '_', '_'))), ('PRED', '>', '_', '_'))))",req6936.pkl
1707,1,req6939.pkl,"('G', '_', '_', ('UNTIL', '_', '_', ('PRED', '=', '_', '_'), ('||', ('F', '_', '_', ('G', '_', '_', ('PRED', '=', '_', '_'))), ('PRED', '>', '_', '_'))))",req6939.pkl
1708,1,req6952.pkl,"('G', '_', '_', ('UNTIL', '_', '_', ('||', ('F', '_', '_', ('NOT', ('&&', ('PRED', '<=', '_', '_'), ('PRED', '>=', '_', '_')))), ('NOT', ('PRED', '<=', '_', '_')), ('NOT', ('PRED', '>=', '_', '_'))), ('&&', ('PRED', '<', '_', '_'), ('PRED', '>', '_', '_'))))",req6952.pkl
1709,1,req6953.pkl,"('G', '_', '_', ('&&', ('PRED', '<', '_', '_'), ('||', ('F', '_', '_', ('PRED', '=', '_', '_')), ('PRED', '>', '_', '_'))))",req6953.pkl
1710,1,req6962.pkl,"('G', '_', '_', ('||', ('G', '_', '_', ('&&', ('PRED', '<', '_', '_'), ('PRED', '>=', '_', '_'))), ('G', '_', '_', ('NOT', ('NOT', ('PRED', '>=', '_', '_'))))))",req6962.pkl
1711,1,req6979.pkl,"('G', '_', '_', ('&&', ('PRED', '>', '_', '_'), ('||', ('G', '_', '_', ('PRED', '<', '_', '_')), ('PRED', '!=', '_', '_'))))",req6979.pkl
1712,1,req6992.pkl,"('G', '_', '_', ('||', ('F', '_', '_', ('G', '_', '_', ('&&', ('PRED', '<=', '_', '_'), ('PRED', '>', '_', '_')))), ('G', '_', '_', ('NOT', ('PRED', '>=', '_', '_')))))",req6992.pkl
1713,1,req6999.pkl,"('G', '_', '_', ('||', ('&&', ('PRED', '<', '_', '_'), ('PRED', '>', '_', '_')), ('PRED', '>', '_', '_'), ('PRED', '>=', '_', '_')))",req6999.pkl
1714,1,req7010.pkl,"('G', '_', '_', ('UNTIL', '_', '_', ('PRED', '=', '_', '_'), ('||', ('G', '_', '_', ('&&', ('PRED', '<', '_', '_'), ('PRED', '>', '_', '_'))), ('PRED', '<=', '_', '_'))))",req7010.pkl
1715,1,req7015.pkl,"('G', '_', '_', ('UNTIL', '_', '_', ('||', ('NOT', ('PRED', '<=', '_', '_')), ('NOT', ('PRED', '>=', '_', '_')), ('PRED', '=', '_', '_'), ('PRED', '=', '_', '_')), ('PRED', '<', '_', '_')))",req7015.pkl
1716,1,req7016.pkl,"('G', '_', '_', ('UNTIL', '_', '_', ('&&', ('||', ('NOT', ('PRED', '<', '_', '_')), ('NOT', ('PRED', '>', '_', '_')), ('PRED', '=', '_', '_')), ('||', ('NOT', ('PRED', '<', '_', '_')), ('NOT', ('PRED', '>=', '_', '_')))), ('PRED', '>', '_', '_')))",req7016.pkl
1717,1,req7024.pkl,"('G', '_', '_', ('||', ('F', '_', '_', ('PRED', '<', '_', '_')), ('PRED', '<', '_', '_'), ('PRED', '=', '_', '_')))",req7024.pkl
1718,1,req7031.pkl,"('G', '_', '_', ('||', ('G', '_', '_', ('NOT', ('&&', ('PRED', '<', '_', '_'), ('PRED', '>', '_', '_')))), ('PRED', '!=', '_', '_')))",req7031.pkl
1719,1,req7048.pkl,"('G', '_', '_', ('&&', ('PRED', '=', '_', '_'), ('||', ('G', '_', '_', ('PRED', '>', '_', '_')), ('NOT', ('PRED', '<', '_', '_')), ('NOT', ('PRED', '>', '_', '_')))))",req7048.pkl
1720,1,req7050.pkl,"('G', '_', '_', ('UNTIL', '_', '_', ('||', ('PRED', '<=', '_', '_'), ('PRED', '>', '_', '_')), ('PRED', '!=', '_', '_')))",req7050.pkl
1721,1,req7063.pkl,"('G', '_', '_', ('||', ('&&', ('NOT', ('NOT', ('PRED', '<=', '_', '_'))), ('NOT', ('NOT', ('PRED', '>=', '_', '_')))), ('NOT', ('UNTIL', '_', '_', ('&&', ('PRED', '<', '_', '_'), ('PRED', '>', '_', '_')), ('PRED', '<', '_', '_')))))",req7063.pkl
1722,1,req7064.pkl,"('G', '_', '_', ('||', ('&&', ('PRED', '<', '_', '_'), ('PRED', '>', '_', '_')), ('PRED', '!=', '_', '_'), ('PRED', '<=', '_', '_')))",req7064.pkl
1723,1,req7071.pkl,"('G', '_', '_', ('||', ('F', '_', '_', ('PRED', '<', '_', '_')), ('PRED', '<=', '_', '_'), ('PRED', '=', '_', '_')))",req7071.pkl
1724,1,req7073.pkl,"('G', '_', '_', ('||', ('&&', ('PRED', '>=', '_', '_'), ('||', ('PRED', '<', '_', '_'), ('PRED', '=', '_', '_'))), ('PRED', '!=', '_', '_')))",req7073.pkl
1725,1,req7080.pkl,"('G', '_', '_', ('&&', ('PRED', '=', '_', '_'), ('||', ('G', '_', '_', ('||', ('NOT', ('PRED', '<', '_', '_')), ('NOT', ('PRED', '>=', '_', '_')))), ('PRED', '!=', '_', '_'))))",req7080.pkl
1726,1,req7081.pkl,"('G', '_', '_', ('&&', ('PRED', '>', '_', '_'), ('||', ('G', '_', '_', ('NOT', ('PRED', '>', '_', '_'))), ('PRED', '>=', '_', '_'))))",req7081.pkl
1727,1,req7082.pkl,"('G', '_', '_', ('&&', ('PRED', '>', '_', '_'), ('||', ('F', '_', '_', ('G', '_', '_', ('PRED', '>=', '_', '_'))), ('PRED', '<', '_', '_'))))",req7082.pkl
1728,1,req7093.pkl,"('G', '_', '_', ('||', ('F', '_', '_', ('NOT', ('PRED', '>=', '_', '_'))), ('PRED', '!=', '_', '_'), ('PRED', '<', '_', '_')))",req7093.pkl
1729,1,req7099.pkl,"('G', '_', '_', ('||', ('&&', ('PRED', '<', '_', '_'), ('PRED', '>', '_', '_'), ('||', ('PRED', '!=', '_', '_'), ('PRED', '>', '_', '_'))), ('PRED', '>=', '_', '_')))",req7099.pkl
1730,1,req7112.pkl,"('G', '_', '_', ('||', ('&&', ('PRED', '<', '_', '_'), ('PRED', '>=', '_', '_')), ('PRED', '!=', '_', '_'), ('PRED', '>=', '_', '_')))",req7112.pkl
1731,1,req7121.pkl,"('G', '_', '_', ('||', ('&&', ('PRED', '<=', '_', '_'), ('PRED', '>=', '_', '_')), ('G', '_', '_', ('NOT', ('PRED', '>', '_', '_'))), ('PRED', '=', '_', '_')))",req7121.pkl
1732,1,req7140.pkl,"('G', '_', '_', ('UNTIL', '_', '_', ('||', ('&&', ('PRED', '<=', '_', '_'), ('PRED', '>=', '_', '_')), ('PRED', '>=', '_', '_')), ('&&', ('PRED', '<=', '_', '_'), ('PRED', '>=', '_', '_'))))",req7140.pkl
1733,1,req7153.pkl,"('G', '_', '_', ('&&', ('PRED', '<=', '_', '_'), ('PRED', '>', '_', '_'), ('PRED', '>=', '_', '_'), ('||', ('PRED', '<=', '_', '_'), ('PRED', '>', '_', '_'))))",req7153.pkl
1734,1,req7160.pkl,"('G', '_', '_', ('UNTIL', '_', '_', ('&&', ('PRED', '<=', '_', '_'), ('||', ('PRED', '<=', '_', '_'), ('PRED', '>=', '_', '_'))), ('PRED', '=', '_', '_')))",req7160.pkl
1735,1,req7169.pkl,"('G', '_', '_', ('||', ('F', '_', '_', ('NOT', ('||', ('NOT', ('PRED', '<', '_', '_')), ('NOT', ('PRED', '>', '_', '_'))))), ('PRED', '!=', '_', '_')))",req7169.pkl
1736,1,req7172.pkl,"('G', '_', '_', ('UNTIL', '_', '_', ('||', ('&&', ('PRED', '<=', '_', '_'), ('PRED', '>=', '_', '_')), ('PRED', '=', '_', '_'), ('PRED', '>=', '_', '_')), ('PRED', '=', '_', '_')))",req7172.pkl
1737,1,req7174.pkl,"('G', '_', '_', ('&&', ('PRED', '>', '_', '_'), ('||', ('F', '_', '_', ('NOT', ('PRED', '=', '_', '_'))), ('PRED', '>=', '_', '_'))))",req7174.pkl
1738,1,req7180.pkl,"('G', '_', '_', ('&&', ('PRED', '=', '_', '_'), ('||', ('G', '_', '_', ('PRED', '=', '_', '_')), ('PRED', '<', '_', '_'))))",req7180.pkl
1739,1,req7185.pkl,"('G', '_', '_', ('UNTIL', '_', '_', ('&&', ('PRED', '>', '_', '_'), ('||', ('PRED', '>', '_', '_'), ('PRED', '>=', '_', '_'))), ('PRED', '<=', '_', '_')))",req7185.pkl
1740,1,req7191.pkl,"('G', '_', '_', ('UNTIL', '_', '_', ('PRED', '>=', '_', '_'), ('||', ('F', '_', '_', ('G', '_', '_', ('PRED', '=', '_', '_'))), ('PRED', '>', '_', '_'))))",req7191.pkl
1741,1,req7193.pkl,"('G', '_', '_', ('&&', ('||', ('F', '_', '_', ('G', '_', '_', ('PRED', '<', '_', '_'))), ('PRED', '<', '_', '_')), ('||', ('NOT', ('PRED', '<', '_', '_')), ('NOT', ('PRED', '>', '_', '_')))))",req7193.pkl
1742,1,req7194.pkl,"('G', '_', '_', ('&&', ('PRED', '=', '_', '_'), ('PRED', '>=', '_', '_'), ('||', ('PRED', '<=', '_', '_'), ('PRED', '>', '_', '_'))))",req7194.pkl
1743,1,req7198.pkl,"('G', '_', '_', ('||', ('F', '_', '_', ('NOT', ('PRED', '>', '_', '_'))), ('PRED', '<', '_', '_'), ('PRED', '>', '_', '_')))",req7198.pkl
1744,1,req7206.pkl,"('G', '_', '_', ('UNTIL', '_', '_', ('&&', ('PRED', '>', '_', '_'), ('||', ('PRED', '<', '_', '_'), ('PRED', '>=', '_', '_'))), ('PRED', '<', '_', '_')))",req7206.pkl
1745,1,req7210.pkl,"('G', '_', '_', ('UNTIL', '_', '_', ('||', ('PRED', '!=', '_', '_'), ('PRED', '<=', '_', '_')), ('PRED', '=', '_', '_')))",req7210.pkl
1746,1,req7214.pkl,"('G', '_', '_', ('&&', ('PRED', '=', '_', '_'), ('PRED', '>', '_', '_'), ('||', ('NOT', ('PRED', '<', '_', '_')), ('NOT', ('PRED', '>', '_', '_')), ('PRED', '>=', '_', '_'))))",req7214.pkl
1747,1,req7218.pkl,"('G', '_', '_', ('UNTIL', '_', '_', ('&&', ('PRED', '>=', '_', '_'), ('||', ('PRED', '>=', '_', '_'), ('PRED', '>=', '_', '_'))), ('PRED', '>', '_', '_')))",req7218.pkl
1748,1,req7223.pkl,"('G', '_', '_', ('&&', ('PRED', '=', '_', '_'), ('PRED', '=', '_', '_'), ('||', ('PRED', '!=', '_', '_'), ('PRED', '>=', '_', '_'))))",req7223.pkl
1749,1,req7233.pkl,"('G', '_', '_', ('UNTIL', '_', '_', ('PRED', '=', '_', '_'), ('||', ('G', '_', '_', ('F', '_', '_', ('PRED', '=', '_', '_'))), ('PRED', '!=', '_', '_'))))",req7233.pkl
1750,1,req7236.pkl,"('G', '_', '_', ('UNTIL', '_', '_', ('||', ('PRED', '>=', '_', '_'), ('PRED', '>=', '_', '_')), ('PRED', '>', '_', '_')))",req7236.pkl
1751,1,req7249.pkl,"('G', '_', '_', ('||', ('G', '_', '_', ('F', '_', '_', ('PRED', '>=', '_', '_'))), ('PRED', '!=', '_', '_'), ('PRED', '<=', '_', '_')))",req7249.pkl
1752,1,req7253.pkl,"('G', '_', '_', ('||', ('&&', ('PRED', '<', '_', '_'), ('PRED', '>', '_', '_')), ('G', '_', '_', ('F', '_', '_', ('PRED', '>=', '_', '_'))), ('PRED', '!=', '_', '_')))",req7253.pkl
1753,1,req7254.pkl,"('G', '_', '_', ('||', ('NOT', ('UNTIL', '_', '_', ('PRED', '=', '_', '_'), ('PRED', '=', '_', '_'))), ('PRED', '!=', '_', '_')))",req7254.pkl
1754,1,req7255.pkl,"('G', '_', '_', ('||', ('F', '_', '_', ('G', '_', '_', ('&&', ('PRED', '<=', '_', '_'), ('PRED', '>=', '_', '_')))), ('PRED', '=', '_', '_'), ('PRED', '>', '_', '_')))",req7255.pkl
1755,1,req7272.pkl,"('G', '_', '_', ('||', ('G', '_', '_', ('PRED', '<=', '_', '_')), ('PRED', '>=', '_', '_')))",req7272.pkl
1756,1,req7281.pkl,"('G', '_', '_', ('||', ('&&', ('NOT', ('NOT', ('PRED', '<=', '_', '_'))), ('NOT', ('NOT', ('PRED', '>=', '_', '_')))), ('F', '_', '_', ('G', '_', '_', ('PRED', '>=', '_', '_'))), ('PRED', '<=', '_', '_')))",req7281.pkl
1757,1,req7286.pkl,"('G', '_', '_', ('&&', ('PRED', '<', '_', '_'), ('PRED', '<=', '_', '_'), ('||', ('&&', ('PRED', '<', '_', '_'), ('PRED', '>', '_', '_')), ('PRED', '!=', '_', '_'))))",req7286.pkl
1758,1,req7290.pkl,"('G', '_', '_', ('||', ('F', '_', '_', ('PRED', '<=', '_', '_')), ('PRED', '<=', '_', '_')))",req7290.pkl
1759,1,req7292.pkl,"('G', '_', '_', ('||', ('NOT', ('PRED', '<', '_', '_')), ('NOT', ('PRED', '>', '_', '_')), ('PRED', '!=', '_', '_'), ('PRED', '=', '_', '_'), ('PRED', '=', '_', '_')))",req7292.pkl
1760,1,req7298.pkl,"('G', '_', '_', ('&&', ('PRED', '<=', '_', '_'), ('||', ('NOT', ('PRED', '<', '_', '_')), ('NOT', ('PRED', '>', '_', '_')), ('PRED', '<=', '_', '_'))))",req7298.pkl
1761,1,req7301.pkl,"('G', '_', '_', ('||', ('&&', ('PRED', '<', '_', '_'), ('PRED', '>', '_', '_')), ('&&', ('PRED', '>', '_', '_'), ('||', ('PRED', '=', '_', '_'), ('PRED', '>=', '_', '_')))))",req7301.pkl
1762,1,req7305.pkl,"('G', '_', '_', ('&&', ('PRED', '<', '_', '_'), ('PRED', '>=', '_', '_'), ('||', ('PRED', '!=', '_', '_'), ('PRED', '>=', '_', '_'))))",req7305.pkl
1763,1,req7307.pkl,"('G', '_', '_', ('UNTIL', '_', '_', ('||', ('NOT', ('PRED', '<', '_', '_')), ('NOT', ('PRED', '>', '_', '_')), ('PRED', '<', '_', '_'), ('PRED', '=', '_', '_')), ('&&', ('PRED', '<=', '_', '_'), ('PRED', '>=', '_', '_'))))",req7307.pkl
1764,1,req7315.pkl,"('G', '_', '_', ('||', ('F', '_', '_', ('G', '_', '_', ('&&', ('PRED', '<=', '_', '_'), ('PRED', '>', '_', '_')))), ('PRED', '<=', '_', '_')))",req7315.pkl
1765,1,req7321.pkl,"('G', '_', '_', ('&&', ('PRED', '<', '_', '_'), ('PRED', '<', '_', '_'), ('||', ('PRED', '<', '_', '_'), ('PRED', '>', '_', '_'))))",req7321.pkl
1766,1,req7323.pkl,"('G', '_', '_', ('||', ('F', '_', '_', ('NOT', ('NOT', ('PRED', '=', '_', '_')))), ('G', '_', '_', ('PRED', '!=', '_', '_'))))",req7323.pkl
1767,1,req7330.pkl,"('G', '_', '_', ('&&', ('PRED', '>=', '_', '_'), ('||', ('&&', ('PRED', '<=', '_', '_'), ('PRED', '>=', '_', '_')), ('PRED', '!=', '_', '_')), ('||', ('NOT', ('PRED', '<=', '_', '_')), ('NOT', ('PRED', '>=', '_', '_')))))",req7330.pkl
1768,1,req7349.pkl,"('G', '_', '_', ('UNTIL', '_', '_', ('&&', ('PRED', '>=', '_', '_'), ('||', ('PRED', '!=', '_', '_'), ('PRED', '=', '_', '_'))), ('PRED', '=', '_', '_')))",req7349.pkl
1769,1,req7350.pkl,"('G', '_', '_', ('||', ('G', '_', '_', ('F', '_', '_', ('PRED', '!=', '_', '_'))), ('PRED', '>=', '_', '_')))",req7350.pkl
1770,1,req7355.pkl,"('G', '_', '_', ('UNTIL', '_', '_', ('PRED', '=', '_', '_'), ('||', ('G', '_', '_', ('PRED', '!=', '_', '_')), ('PRED', '!=', '_', '_'))))",req7355.pkl
1771,1,req7358.pkl,"('G', '_', '_', ('&&', ('PRED', '<', '_', '_'), ('||', ('G', '_', '_', ('F', '_', '_', ('PRED', '>', '_', '_'))), ('PRED', '!=', '_', '_'))))",req7358.pkl
1772,1,req7363.pkl,"('G', '_', '_', ('||', ('G', '_', '_', ('F', '_', '_', ('&&', ('PRED', '<', '_', '_'), ('PRED', '>', '_', '_')))), ('PRED', '!=', '_', '_'), ('PRED', '>=', '_', '_')))",req7363.pkl
1773,1,req7373.pkl,"('G', '_', '_', ('||', ('&&', ('PRED', '<', '_', '_'), ('PRED', '>', '_', '_')), ('G', '_', '_', ('PRED', '>', '_', '_')), ('NOT', ('PRED', '<=', '_', '_')), ('NOT', ('PRED', '>=', '_', '_'))))",req7373.pkl
1774,1,req7375.pkl,"('G', '_', '_', ('&&', ('PRED', '>', '_', '_'), ('||', ('G', '_', '_', ('NOT', ('PRED', '>', '_', '_'))), ('PRED', '>', '_', '_'))))",req7375.pkl
1775,1,req7377.pkl,"('G', '_', '_', ('||', ('F', '_', '_', ('G', '_', '_', ('PRED', '>=', '_', '_'))), ('PRED', '<', '_', '_'), ('PRED', '<=', '_', '_')))",req7377.pkl
1776,1,req7383.pkl,"('G', '_', '_', ('&&', ('PRED', '<', '_', '_'), ('PRED', '=', '_', '_'), ('||', ('PRED', '<', '_', '_'), ('PRED', '>', '_', '_'))))",req7383.pkl
1777,1,req7390.pkl,"('G', '_', '_', ('||', ('G', '_', '_', ('NOT', ('&&', ('PRED', '<', '_', '_'), ('PRED', '>', '_', '_')))), ('PRED', '<', '_', '_')))",req7390.pkl
1778,1,req7393.pkl,"('G', '_', '_', ('||', ('&&', ('PRED', '<', '_', '_'), ('PRED', '>', '_', '_')), ('F', '_', '_', ('PRED', '>', '_', '_')), ('PRED', '!=', '_', '_')))",req7393.pkl
1779,1,req7402.pkl,"('G', '_', '_', ('UNTIL', '_', '_', ('||', ('&&', ('PRED', '<', '_', '_'), ('PRED', '>', '_', '_')), ('PRED', '!=', '_', '_'), ('PRED', '=', '_', '_')), ('PRED', '>', '_', '_')))",req7402.pkl
1780,1,req7411.pkl,"('G', '_', '_', ('||', ('F', '_', '_', ('G', '_', '_', ('PRED', '=', '_', '_'))), ('PRED', '<=', '_', '_'), ('PRED', '=', '_', '_')))",req7411.pkl
1781,1,req7433.pkl,"('G', '_', '_', ('&&', ('PRED', '<', '_', '_'), ('||', ('G', '_', '_', ('F', '_', '_', ('PRED', '<=', '_', '_'))), ('PRED', '<=', '_', '_'))))",req7433.pkl
1782,1,req7434.pkl,"('G', '_', '_', ('||', ('&&', ('PRED', '<=', '_', '_'), ('PRED', '>=', '_', '_')), ('&&', ('PRED', '<=', '_', '_'), ('||', ('PRED', '>=', '_', '_'), ('PRED', '>=', '_', '_')))))",req7434.pkl
1783,1,req7454.pkl,"('G', '_', '_', ('&&', ('PRED', '<=', '_', '_'), ('||', ('F', '_', '_', ('G', '_', '_', ('PRED', '=', '_', '_'))), ('PRED', '!=', '_', '_'))))",req7454.pkl
1784,1,req7460.pkl,"('G', '_', '_', ('&&', ('PRED', '<', '_', '_'), ('PRED', '<=', '_', '_'), ('||', ('&&', ('NOT', ('NOT', ('PRED', '<=', '_', '_'))), ('NOT', ('NOT', ('PRED', '>=', '_', '_')))), ('PRED', '>=', '_', '_'))))",req7460.pkl
1785,1,req7465.pkl,"('G', '_', '_', ('UNTIL', '_', '_', ('||', ('PRED', '<=', '_', '_'), ('PRED', '=', '_', '_'), ('PRED', '>=', '_', '_')), ('PRED', '=', '_', '_')))",req7465.pkl
1786,1,req7466.pkl,"('G', '_', '_', ('UNTIL', '_', '_', ('PRED', '<=', '_', '_'), ('||', ('F', '_', '_', ('G', '_', '_', ('&&', ('PRED', '<', '_', '_'), ('PRED', '>', '_', '_')))), ('PRED', '>=', '_', '_'))))",req7466.pkl
1787,1,req7471.pkl,"('G', '_', '_', ('UNTIL', '_', '_', ('&&', ('PRED', '>', '_', '_'), ('||', ('PRED', '<=', '_', '_'), ('PRED', '=', '_', '_'))), ('PRED', '=', '_', '_')))",req7471.pkl
1788,1,req7474.pkl,"('G', '_', '_', ('UNTIL', '_', '_', ('||', ('PRED', '!=', '_', '_'), ('PRED', '!=', '_', '_')), ('PRED', '<', '_', '_')))",req7474.pkl
1789,1,req7478.pkl,"('G', '_', '_', ('||', ('G', '_', '_', ('NOT', ('PRED', '=', '_', '_'))), ('PRED', '<', '_', '_'), ('PRED', '<=', '_', '_')))",req7478.pkl
1790,1,req7482.pkl,"('G', '_', '_', ('UNTIL', '_', '_', ('||', ('&&', ('PRED', '<', '_', '_'), ('PRED', '>', '_', '_')), ('PRED', '!=', '_', '_'), ('PRED', '<=', '_', '_')), ('PRED', '=', '_', '_')))",req7482.pkl
1791,1,req7485.pkl,"('G', '_', '_', ('||', ('F', '_', '_', ('&&', ('PRED', '<=', '_', '_'), ('PRED', '>=', '_', '_'))), ('G', '_', '_', ('NOT', ('NOT', ('PRED', '>', '_', '_'))))))",req7485.pkl
1792,1,req7487.pkl,"('G', '_', '_', ('||', ('G', '_', '_', ('PRED', '>=', '_', '_')), ('PRED', '>', '_', '_')))",req7487.pkl
1793,1,req7501.pkl,"('G', '_', '_', ('&&', ('PRED', '<', '_', '_'), ('||', ('G', '_', '_', ('&&', ('PRED', '<', '_', '_'), ('PRED', '>', '_', '_'))), ('NOT', ('PRED', '<=', '_', '_')), ('NOT', ('PRED', '>=', '_', '_')))))",req7501.pkl
1794,1,req7515.pkl,"('G', '_', '_', ('UNTIL', '_', '_', ('||', ('PRED', '=', '_', '_'), ('PRED', '=', '_', '_'), ('PRED', '>', '_', '_')), ('PRED', '>=', '_', '_')))",req7515.pkl
1795,1,req7517.pkl,"('G', '_', '_', ('||', ('G', '_', '_', ('PRED', '<', '_', '_')), ('PRED', '<=', '_', '_'), ('PRED', '>', '_', '_')))",req7517.pkl
1796,1,req7523.pkl,"('G', '_', '_', ('||', ('&&', ('PRED', '<=', '_', '_'), ('||', ('PRED', '!=', '_', '_'), ('PRED', '>=', '_', '_'))), ('PRED', '<=', '_', '_')))",req7523.pkl
1797,1,req7530.pkl,"('G', '_', '_', ('||', ('&&', ('NOT', ('NOT', ('PRED', '<=', '_', '_'))), ('NOT', ('NOT', ('PRED', '>', '_', '_')))), ('F', '_', '_', ('G', '_', '_', ('PRED', '>', '_', '_')))))",req7530.pkl
1798,1,req7537.pkl,"('G', '_', '_', ('UNTIL', '_', '_', ('&&', ('PRED', '>=', '_', '_'), ('||', ('PRED', '>', '_', '_'), ('PRED', '>=', '_', '_'))), ('&&', ('PRED', '<=', '_', '_'), ('PRED', '>=', '_', '_'))))",req7537.pkl
1799,1,req7539.pkl,"('F', '_', '_', ('||', ('&&', ('PRED', '<', '_', '_'), ('PRED', '>=', '_', '_')), ('PRED', '>', '_', '_')))",req7539.pkl
1800,1,req7541.pkl,"('G', '_', '_', ('||', ('G', '_', '_', ('&&', ('PRED', '<', '_', '_'), ('PRED', '>', '_', '_'))), ('NOT', ('PRED', '<', '_', '_')), ('NOT', ('PRED', '>', '_', '_')), ('PRED', '>', '_', '_')))",req7541.pkl
1801,1,req7549.pkl,"('G', '_', '_', ('||', ('F', '_', '_', ('G', '_', '_', ('&&', ('PRED', '<', '_', '_'), ('PRED', '>', '_', '_')))), ('G', '_', '_', ('NOT', ('PRED', '<=', '_', '_')))))",req7549.pkl
1802,1,req7564.pkl,"('G', '_', '_', ('UNTIL', '_', '_', ('||', ('&&', ('PRED', '<=', '_', '_'), ('PRED', '>=', '_', '_')), ('NOT', ('PRED', '<', '_', '_')), ('NOT', ('PRED', '<', '_', '_')), ('NOT', ('PRED', '>', '_', '_')), ('NOT', ('PRED', '>', '_', '_'))), ('PRED', '=', '_', '_')))",req7564.pkl
1803,1,req7567.pkl,"('G', '_', '_', ('||', ('&&', ('NOT', ('NOT', ('PRED', '<=', '_', '_'))), ('NOT', ('NOT', ('PRED', '>', '_', '_')))), ('F', '_', '_', ('G', '_', '_', ('PRED', '<', '_', '_')))))",req7567.pkl
1804,1,req7568.pkl,"('G', '_', '_', ('&&', ('PRED', '>=', '_', '_'), ('||', ('F', '_', '_', ('PRED', '<', '_', '_')), ('PRED', '>=', '_', '_'))))",req7568.pkl
1805,1,req7573.pkl,"('G', '_', '_', ('||', ('&&', ('NOT', ('NOT', ('PRED', '<=', '_', '_'))), ('NOT', ('NOT', ('PRED', '>=', '_', '_')))), ('G', '_', '_', ('F', '_', '_', ('PRED', '=', '_', '_')))))",req7573.pkl
1806,1,req7584.pkl,"('G', '_', '_', ('&&', ('PRED', '<', '_', '_'), ('||', ('F', '_', '_', ('PRED', '=', '_', '_')), ('PRED', '<', '_', '_'))))",req7584.pkl
1807,1,req7587.pkl,"('G', '_', '_', ('&&', ('PRED', '<', '_', '_'), ('||', ('&&', ('PRED', '<', '_', '_'), ('PRED', '>', '_', '_')), ('PRED', '!=', '_', '_'))))",req7587.pkl
1808,1,req7606.pkl,"('G', '_', '_', ('||', ('F', '_', '_', ('PRED', '>', '_', '_')), ('G', '_', '_', ('NOT', ('NOT', ('&&', ('PRED', '<', '_', '_'), ('PRED', '>', '_', '_')))))))",req7606.pkl
1809,1,req7620.pkl,"('G', '_', '_', ('||', ('G', '_', '_', ('F', '_', '_', ('PRED', '=', '_', '_'))), ('G', '_', '_', ('NOT', ('NOT', ('&&', ('PRED', '<', '_', '_'), ('PRED', '>', '_', '_')))))))",req7620.pkl
1810,1,req7631.pkl,"('G', '_', '_', ('||', ('F', '_', '_', ('NOT', ('&&', ('PRED', '<=', '_', '_'), ('PRED', '>', '_', '_')))), ('PRED', '=', '_', '_')))",req7631.pkl
1811,1,req7633.pkl,"('G', '_', '_', ('||', ('&&', ('PRED', '<=', '_', '_'), ('PRED', '>=', '_', '_'), ('||', ('PRED', '>=', '_', '_'), ('PRED', '>=', '_', '_'))), ('PRED', '>=', '_', '_')))",req7633.pkl
1812,1,req7635.pkl,"('G', '_', '_', ('UNTIL', '_', '_', ('||', ('PRED', '!=', '_', '_'), ('PRED', '<', '_', '_'), ('PRED', '=', '_', '_')), ('&&', ('PRED', '<', '_', '_'), ('PRED', '>', '_', '_'))))",req7635.pkl
1813,1,req7641.pkl,"('F', '_', '_', ('||', ('&&', ('PRED', '<=', '_', '_'), ('PRED', '>', '_', '_')), ('PRED', '<=', '_', '_')))",req7641.pkl
1814,1,req7642.pkl,"('G', '_', '_', ('&&', ('PRED', '!=', '_', '_'), ('||', ('G', '_', '_', ('F', '_', '_', ('PRED', '=', '_', '_'))), ('PRED', '!=', '_', '_'))))",req7642.pkl
1815,1,req7644.pkl,"('G', '_', '_', ('||', ('F', '_', '_', ('G', '_', '_', ('&&', ('PRED', '<=', '_', '_'), ('PRED', '>=', '_', '_')))), ('F', '_', '_', ('NOT', ('PRED', '<', '_', '_')))))",req7644.pkl
1816,1,req7659.pkl,"('G', '_', '_', ('||', ('G', '_', '_', ('NOT', ('PRED', '=', '_', '_'))), ('G', '_', '_', ('PRED', '<', '_', '_'))))",req7659.pkl
1817,1,req7667.pkl,"('G', '_', '_', ('||', ('G', '_', '_', ('||', ('NOT', ('PRED', '<', '_', '_')), ('NOT', ('PRED', '>', '_', '_')))), ('PRED', '!=', '_', '_')))",req7667.pkl
1818,1,req7674.pkl,"('G', '_', '_', ('||', ('NOT', ('UNTIL', '_', '_', ('PRED', '=', '_', '_'), ('PRED', '<=', '_', '_'))), ('PRED', '!=', '_', '_')))",req7674.pkl
1819,1,req7692.pkl,"('G', '_', '_', ('||', ('&&', ('NOT', ('NOT', ('PRED', '<', '_', '_'))), ('NOT', ('NOT', ('PRED', '>=', '_', '_')))), ('PRED', '=', '_', '_')))",req7692.pkl
1820,1,req7693.pkl,"('G', '_', '_', ('||', ('&&', ('PRED', '<', '_', '_'), ('PRED', '>', '_', '_')), ('G', '_', '_', ('F', '_', '_', ('PRED', '=', '_', '_'))), ('PRED', '>=', '_', '_')))",req7693.pkl
1821,1,req7705.pkl,"('G', '_', '_', ('||', ('F', '_', '_', ('G', '_', '_', ('PRED', '>=', '_', '_'))), ('F', '_', '_', ('NOT', ('&&', ('PRED', '<=', '_', '_'), ('PRED', '>', '_', '_'))))))",req7705.pkl
1822,1,req7706.pkl,"('G', '_', '_', ('&&', ('PRED', '<=', '_', '_'), ('||', ('G', '_', '_', ('F', '_', '_', ('&&', ('PRED', '<', '_', '_'), ('PRED', '>', '_', '_')))), ('PRED', '!=', '_', '_'))))",req7706.pkl
1823,1,req7708.pkl,"('G', '_', '_', ('&&', ('PRED', '>', '_', '_'), ('||', ('F', '_', '_', ('PRED', '>=', '_', '_')), ('PRED', '>', '_', '_'))))",req7708.pkl
1824,1,req7710.pkl,"('G', '_', '_', ('||', ('G', '_', '_', ('NOT', ('PRED', '>=', '_', '_'))), ('PRED', '!=', '_', '_'), ('PRED', '=', '_', '_')))",req7710.pkl
1825,1,req7719.pkl,"('G', '_', '_', ('&&', ('PRED', '>=', '_', '_'), ('||', ('F', '_', '_', ('G', '_', '_', ('||', ('NOT', ('PRED', '<=', '_', '_')), ('NOT', ('PRED', '>', '_', '_'))))), ('PRED', '>', '_', '_'))))",req7719.pkl
1826,1,req7723.pkl,"('G', '_', '_', ('&&', ('PRED', '<=', '_', '_'), ('||', ('F', '_', '_', ('G', '_', '_', ('&&', ('PRED', '<', '_', '_'), ('PRED', '>', '_', '_')))), ('PRED', '!=', '_', '_'))))",req7723.pkl
1827,1,req7741.pkl,"('G', '_', '_', ('&&', ('PRED', '<', '_', '_'), ('PRED', '>', '_', '_'), ('||', ('&&', ('PRED', '<', '_', '_'), ('PRED', '>', '_', '_')), ('PRED', '>', '_', '_'))))",req7741.pkl
1828,1,req7750.pkl,"('G', '_', '_', ('||', ('&&', ('PRED', '<=', '_', '_'), ('PRED', '>=', '_', '_')), ('&&', ('PRED', '<=', '_', '_'), ('PRED', '>=', '_', '_'), ('||', ('&&', ('NOT', ('NOT', ('PRED', '<', '_', '_'))), ('NOT', ('NOT', ('PRED', '>', '_', '_')))), ('PRED', '=', '_', '_')))))",req7750.pkl
1829,1,req7752.pkl,"('G', '_', '_', ('&&', ('PRED', '<', '_', '_'), ('||', ('G', '_', '_', ('PRED', '<', '_', '_')), ('PRED', '<', '_', '_'))))",req7752.pkl
1830,1,req7757.pkl,"('G', '_', '_', ('&&', ('PRED', '<=', '_', '_'), ('||', ('G', '_', '_', ('PRED', '=', '_', '_')), ('PRED', '=', '_', '_'))))",req7757.pkl
1831,1,req7759.pkl,"('G', '_', '_', ('&&', ('PRED', '>', '_', '_'), ('||', ('F', '_', '_', ('PRED', '>=', '_', '_')), ('PRED', '>=', '_', '_'))))",req7759.pkl
1832,1,req7771.pkl,"('F', '_', '_', ('||', ('&&', ('PRED', '<', '_', '_'), ('PRED', '>=', '_', '_')), ('PRED', '!=', '_', '_')))",req7771.pkl
1833,1,req7774.pkl,"('G', '_', '_', ('||', ('&&', ('PRED', '<', '_', '_'), ('PRED', '>', '_', '_')), ('F', '_', '_', ('G', '_', '_', ('PRED', '<=', '_', '_'))), ('PRED', '!=', '_', '_')))",req7774.pkl
1834,1,req7775.pkl,"('G', '_', '_', ('&&', ('PRED', '>', '_', '_'), ('||', ('G', '_', '_', ('F', '_', '_', ('PRED', '=', '_', '_'))), ('PRED', '<=', '_', '_'))))",req7775.pkl
1835,1,req7796.pkl,"('G', '_', '_', ('||', ('&&', ('PRED', '<=', '_', '_'), ('PRED', '>=', '_', '_')), ('F', '_', '_', ('G', '_', '_', ('PRED', '<=', '_', '_'))), ('NOT', ('PRED', '<=', '_', '_')), ('NOT', ('PRED', '>', '_', '_'))))",req7796.pkl
1836,1,req7805.pkl,"('G', '_', '_', ('||', ('F', '_', '_', ('G', '_', '_', ('PRED', '=', '_', '_'))), ('F', '_', '_', ('NOT', ('PRED', '!=', '_', '_')))))",req7805.pkl
1837,1,req7806.pkl,"('G', '_', '_', ('&&', ('PRED', '>', '_', '_'), ('||', ('G', '_', '_', ('PRED', '=', '_', '_')), ('NOT', ('PRED', '<=', '_', '_')), ('NOT', ('PRED', '>=', '_', '_')))))",req7806.pkl
1838,1,req7816.pkl,"('F', '_', '_', ('&&', ('PRED', '<', '_', '_'), ('PRED', '<', '_', '_'), ('PRED', '>=', '_', '_')))",req7816.pkl
1839,1,req7821.pkl,"('G', '_', '_', ('&&', ('PRED', '>=', '_', '_'), ('||', ('F', '_', '_', ('PRED', '<=', '_', '_')), ('PRED', '>', '_', '_'))))",req7821.pkl
1840,1,req7827.pkl,"('G', '_', '_', ('||', ('G', '_', '_', ('NOT', ('PRED', '>', '_', '_'))), ('PRED', '>=', '_', '_')))",req7827.pkl
1841,1,req7835.pkl,"('G', '_', '_', ('||', ('&&', ('PRED', '=', '_', '_'), ('||', ('&&', ('PRED', '<', '_', '_'), ('PRED', '>', '_', '_')), ('PRED', '=', '_', '_'))), ('PRED', '=', '_', '_')))",req7835.pkl
1842,1,req7836.pkl,"('G', '_', '_', ('&&', ('PRED', '<', '_', '_'), ('PRED', '<=', '_', '_'), ('||', ('PRED', '>', '_', '_'), ('PRED', '>=', '_', '_'))))",req7836.pkl
1843,1,req7838.pkl,"('G', '_', '_', ('||', ('&&', ('PRED', '!=', '_', '_'), ('||', ('PRED', '!=', '_', '_'), ('PRED', '>=', '_', '_'))), ('PRED', '=', '_', '_')))",req7838.pkl
1844,1,req7839.pkl,"('G', '_', '_', ('||', ('G', '_', '_', ('NOT', ('&&', ('PRED', '<=', '_', '_'), ('PRED', '>=', '_', '_')))), ('G', '_', '_', ('||', ('NOT', ('PRED', '<', '_', '_')), ('NOT', ('PRED', '>=', '_', '_'))))))",req7839.pkl
1845,1,req7850.pkl,"('F', '_', '_', ('||', ('NOT', ('PRED', '<', '_', '_')), ('NOT', ('PRED', '>=', '_', '_')), ('PRED', '>=', '_', '_')))",req7850.pkl
1846,1,req7854.pkl,"('G', '_', '_', ('||', ('NOT', ('UNTIL', '_', '_', ('PRED', '=', '_', '_'), ('PRED', '=', '_', '_'))), ('PRED', '<=', '_', '_')))",req7854.pkl
1847,1,req7856.pkl,"('G', '_', '_', ('||', ('G', '_', '_', ('PRED', '<=', '_', '_')), ('NOT', ('PRED', '<', '_', '_')), ('NOT', ('PRED', '>', '_', '_')), ('PRED', '<', '_', '_')))",req7856.pkl
1848,1,req7868.pkl,"('G', '_', '_', ('UNTIL', '_', '_', ('&&', ('PRED', '<', '_', '_'), ('PRED', '>=', '_', '_'), ('||', ('PRED', '!=', '_', '_'), ('PRED', '=', '_', '_'))), ('PRED', '>', '_', '_')))",req7868.pkl
1849,1,req7873.pkl,"('G', '_', '_', ('&&', ('PRED', '>=', '_', '_'), ('||', ('G', '_', '_', ('F', '_', '_', ('PRED', '<', '_', '_'))), ('PRED', '>=', '_', '_'))))",req7873.pkl
1850,1,req7886.pkl,"('G', '_', '_', ('||', ('&&', ('PRED', '<=', '_', '_'), ('||', ('PRED', '<=', '_', '_'), ('PRED', '>=', '_', '_'))), ('PRED', '=', '_', '_')))",req7886.pkl
1851,1,req7889.pkl,"('G', '_', '_', ('&&', ('PRED', '<', '_', '_'), ('PRED', '>', '_', '_'), ('||', ('G', '_', '_', ('F', '_', '_', ('PRED', '<', '_', '_'))), ('PRED', '>', '_', '_'))))",req7889.pkl
1852,1,req7896.pkl,"('G', '_', '_', ('UNTIL', '_', '_', ('||', ('NOT', ('PRED', '<', '_', '_')), ('NOT', ('PRED', '>=', '_', '_')), ('PRED', '<', '_', '_'), ('PRED', '>', '_', '_')), ('&&', ('PRED', '<=', '_', '_'), ('PRED', '>=', '_', '_'))))",req7896.pkl
1853,1,req7904.pkl,"('G', '_', '_', ('||', ('F', '_', '_', ('PRED', '=', '_', '_')), ('PRED', '=', '_', '_')))",req7904.pkl
1854,1,req7911.pkl,"('G', '_', '_', ('||', ('F', '_', '_', ('NOT', ('&&', ('PRED', '<=', '_', '_'), ('PRED', '>=', '_', '_')))), ('G', '_', '_', ('F', '_', '_', ('PRED', '=', '_', '_')))))",req7911.pkl
1855,1,req7918.pkl,"('G', '_', '_', ('&&', ('PRED', '>=', '_', '_'), ('||', ('F', '_', '_', ('G', '_', '_', ('PRED', '>', '_', '_'))), ('PRED', '>', '_', '_'))))",req7918.pkl
1856,1,req7919.pkl,"('F', '_', '_', ('&&', ('PRED', '>', '_', '_'), ('||', ('NOT', ('PRED', '<', '_', '_')), ('NOT', ('PRED', '>=', '_', '_')))))",req7919.pkl
1857,1,req7920.pkl,"('G', '_', '_', ('UNTIL', '_', '_', ('||', ('&&', ('NOT', ('NOT', ('PRED', '<=', '_', '_'))), ('NOT', ('NOT', ('PRED', '>=', '_', '_')))), ('&&', ('PRED', '<=', '_', '_'), ('PRED', '>', '_', '_')), ('PRED', '>', '_', '_')), ('PRED', '>=', '_', '_')))",req7920.pkl
1858,1,req7921.pkl,"('G', '_', '_', ('||', ('&&', ('PRED', '=', '_', '_'), ('||', ('PRED', '<=', '_', '_'), ('PRED', '>', '_', '_'))), ('PRED', '>=', '_', '_')))",req7921.pkl
1859,1,req7930.pkl,"('G', '_', '_', ('UNTIL', '_', '_', ('&&', ('PRED', '<=', '_', '_'), ('PRED', '>=', '_', '_'), ('||', ('PRED', '<', '_', '_'), ('PRED', '=', '_', '_'))), ('PRED', '=', '_', '_')))",req7930.pkl
1860,1,req7932.pkl,"('G', '_', '_', ('UNTIL', '_', '_', ('&&', ('PRED', '=', '_', '_'), ('||', ('&&', ('PRED', '<', '_', '_'), ('PRED', '>', '_', '_')), ('PRED', '!=', '_', '_'))), ('PRED', '=', '_', '_')))",req7932.pkl
1861,1,req7935.pkl,"('G', '_', '_', ('UNTIL', '_', '_', ('&&', ('PRED', '!=', '_', '_'), ('||', ('PRED', '=', '_', '_'), ('PRED', '>', '_', '_'))), ('PRED', '>', '_', '_')))",req7935.pkl
1862,1,req7936.pkl,"('G', '_', '_', ('UNTIL', '_', '_', ('||', ('G', '_', '_', ('NOT', ('PRED', '!=', '_', '_'))), ('PRED', '<=', '_', '_')), ('PRED', '=', '_', '_')))",req7936.pkl
1863,1,req7945.pkl,"('G', '_', '_', ('||', ('NOT', ('UNTIL', '_', '_', ('PRED', '>=', '_', '_'), ('&&', ('PRED', '<=', '_', '_'), ('PRED', '>=', '_', '_')))), ('PRED', '!=', '_', '_')))",req7945.pkl
1864,1,req7946.pkl,"('G', '_', '_', ('||', ('F', '_', '_', ('G', '_', '_', ('PRED', '>', '_', '_'))), ('G', '_', '_', ('NOT', ('PRED', '=', '_', '_')))))",req7946.pkl
1865,1,req7948.pkl,"('G', '_', '_', ('||', ('&&', ('PRED', '<', '_', '_'), ('PRED', '>', '_', '_'), ('||', ('PRED', '!=', '_', '_'), ('PRED', '>', '_', '_'))), ('PRED', '<', '_', '_')))",req7948.pkl
1866,1,req7959.pkl,"('G', '_', '_', ('&&', ('PRED', '<', '_', '_'), ('PRED', '<=', '_', '_'), ('PRED', '>=', '_', '_'), ('PRED', '>=', '_', '_')))",req7959.pkl
1867,1,req7973.pkl,"('G', '_', '_', ('||', ('F', '_', '_', ('G', '_', '_', ('PRED', '!=', '_', '_'))), ('PRED', '<=', '_', '_')))",req7973.pkl
1868,1,req7985.pkl,"('G', '_', '_', ('||', ('G', '_', '_', ('PRED', '>=', '_', '_')), ('NOT', ('PRED', '<=', '_', '_')), ('NOT', ('PRED', '>=', '_', '_')), ('PRED', '=', '_', '_')))",req7985.pkl
1869,1,req7986.pkl,"('G', '_', '_', ('&&', ('PRED', '=', '_', '_'), ('||', ('G', '_', '_', ('PRED', '>=', '_', '_')), ('NOT', ('PRED', '<=', '_', '_')), ('NOT', ('PRED', '>', '_', '_')))))",req7986.pkl
1870,1,req7990.pkl,"('G', '_', '_', ('&&', ('PRED', '<=', '_', '_'), ('PRED', '>=', '_', '_'), ('||', ('F', '_', '_', ('G', '_', '_', ('PRED', '=', '_', '_'))), ('PRED', '>', '_', '_'))))",req7990.pkl
1871,1,req7999.pkl,"('G', '_', '_', ('||', ('&&', ('PRED', '<', '_', '_'), ('PRED', '>', '_', '_')), ('&&', ('PRED', '=', '_', '_'), ('||', ('PRED', '!=', '_', '_'), ('PRED', '=', '_', '_')))))",req7999.pkl
1872,1,req8005.pkl,"('G', '_', '_', ('||', ('F', '_', '_', ('PRED', '=', '_', '_')), ('NOT', ('PRED', '<', '_', '_')), ('NOT', ('PRED', '>', '_', '_')), ('PRED', '<', '_', '_')))",req8005.pkl
1873,1,req8007.pkl,"('G', '_', '_', ('||', ('&&', ('NOT', ('NOT', ('PRED', '<', '_', '_'))), ('NOT', ('NOT', ('PRED', '>', '_', '_')))), ('PRED', '=', '_', '_'), ('PRED', '=', '_', '_')))",req8007.pkl
1874,1,req8013.pkl,"('G', '_', '_', ('&&', ('PRED', '<', '_', '_'), ('PRED', '>', '_', '_'), ('||', ('PRED', '<=', '_', '_'), ('PRED', '>', '_', '_'))))",req8013.pkl
1875,1,req8014.pkl,"('G', '_', '_', ('UNTIL', '_', '_', ('PRED', '=', '_', '_'), ('||', ('F', '_', '_', ('G', '_', '_', ('PRED', '!=', '_', '_'))), ('PRED', '<', '_', '_'))))",req8014.pkl
1876,1,req8017.pkl,"('G', '_', '_', ('&&', ('PRED', '<', '_', '_'), ('||', ('F', '_', '_', ('G', '_', '_', ('PRED', '<', '_', '_'))), ('PRED', '>', '_', '_'))))",req8017.pkl
1877,1,req8018.pkl,"('G', '_', '_', ('||', ('G', '_', '_', ('F', '_', '_', ('PRED', '<=', '_', '_'))), ('PRED', '=', '_', '_'), ('PRED', '>=', '_', '_')))",req8018.pkl
1878,1,req8027.pkl,"('G', '_', '_', ('UNTIL', '_', '_', ('||', ('G', '_', '_', ('NOT', ('&&', ('PRED', '<=', '_', '_'), ('PRED', '>=', '_', '_')))), ('PRED', '<', '_', '_')), ('PRED', '>', '_', '_')))",req8027.pkl
1879,1,req8029.pkl,"('G', '_', '_', ('||', ('&&', ('PRED', '<', '_', '_'), ('PRED', '>', '_', '_')), ('G', '_', '_', ('PRED', '=', '_', '_')), ('PRED', '<=', '_', '_')))",req8029.pkl
1880,1,req8030.pkl,"('G', '_', '_', ('||', ('&&', ('PRED', '<', '_', '_'), ('PRED', '>', '_', '_')), ('G', '_', '_', ('&&', ('PRED', '<=', '_', '_'), ('PRED', '>=', '_', '_'))), ('PRED', '!=', '_', '_')))",req8030.pkl
1881,1,req8031.pkl,"('G', '_', '_', ('||', ('NOT', ('UNTIL', '_', '_', ('PRED', '=', '_', '_'), ('PRED', '!=', '_', '_'))), ('PRED', '!=', '_', '_'), ('PRED', '=', '_', '_')))",req8031.pkl
1882,1,req8035.pkl,"('G', '_', '_', ('||', ('G', '_', '_', ('PRED', '<=', '_', '_')), ('PRED', '!=', '_', '_'), ('PRED', '<', '_', '_')))",req8035.pkl
1883,1,req8041.pkl,"('G', '_', '_', ('&&', ('PRED', '<', '_', '_'), ('PRED', '>', '_', '_'), ('||', ('F', '_', '_', ('PRED', '>', '_', '_')), ('PRED', '>=', '_', '_'))))",req8041.pkl
1884,1,req8043.pkl,"('G', '_', '_', ('||', ('G', '_', '_', ('F', '_', '_', ('PRED', '>', '_', '_'))), ('PRED', '=', '_', '_'), ('PRED', '>=', '_', '_')))",req8043.pkl
1885,1,req8044.pkl,"('G', '_', '_', ('||', ('G', '_', '_', ('PRED', '=', '_', '_')), ('PRED', '=', '_', '_')))",req8044.pkl
1886,1,req8060.pkl,"('G', '_', '_', ('&&', ('PRED', '<=', '_', '_'), ('PRED', '>=', '_', '_'), ('||', ('NOT', ('PRED', '<', '_', '_')), ('NOT', ('PRED', '>', '_', '_')), ('PRED', '<=', '_', '_'))))",req8060.pkl
1887,1,req8063.pkl,"('G', '_', '_', ('||', ('PRED', '<', '_', '_'), ('PRED', '<', '_', '_'), ('PRED', '=', '_', '_'), ('PRED', '=', '_', '_')))",req8063.pkl
1888,1,req8068.pkl,"('G', '_', '_', ('||', ('&&', ('PRED', '<=', '_', '_'), ('PRED', '>=', '_', '_')), ('PRED', '<', '_', '_'), ('PRED', '<', '_', '_')))",req8068.pkl
1889,1,req8079.pkl,"('G', '_', '_', ('||', ('G', '_', '_', ('F', '_', '_', ('||', ('NOT', ('PRED', '<=', '_', '_')), ('NOT', ('PRED', '>=', '_', '_'))))), ('PRED', '!=', '_', '_')))",req8079.pkl
1890,1,req8086.pkl,"('G', '_', '_', ('||', ('F', '_', '_', ('&&', ('PRED', '<=', '_', '_'), ('PRED', '>=', '_', '_'))), ('PRED', '<=', '_', '_')))",req8086.pkl
1891,1,req8091.pkl,"('G', '_', '_', ('UNTIL', '_', '_', ('PRED', '<', '_', '_'), ('||', ('&&', ('NOT', ('NOT', ('PRED', '<=', '_', '_'))), ('NOT', ('NOT', ('PRED', '>=', '_', '_')))), ('F', '_', '_', ('G', '_', '_', ('PRED', '<=', '_', '_'))))))",req8091.pkl
1892,1,req8110.pkl,"('G', '_', '_', ('&&', ('PRED', '<=', '_', '_'), ('||', ('&&', ('PRED', '<', '_', '_'), ('PRED', '>', '_', '_')), ('PRED', '!=', '_', '_'))))",req8110.pkl
1893,1,req8123.pkl,"('G', '_', '_', ('||', ('F', '_', '_', ('G', '_', '_', ('&&', ('PRED', '<', '_', '_'), ('PRED', '>', '_', '_')))), ('G', '_', '_', ('NOT', ('PRED', '>=', '_', '_')))))",req8123.pkl
1894,1,req8131.pkl,"('G', '_', '_', ('&&', ('PRED', '>=', '_', '_'), ('||', ('PRED', '!=', '_', '_'), ('PRED', '>=', '_', '_'))))",req8131.pkl
1895,1,req8153.pkl,"('G', '_', '_', ('||', ('PRED', '!=', '_', '_'), ('PRED', '<', '_', '_'), ('PRED', '<=', '_', '_'), ('PRED', '=', '_', '_')))",req8153.pkl
1896,1,req8155.pkl,"('G', '_', '_', ('||', ('G', '_', '_', ('NOT', ('PRED', '=', '_', '_'))), ('PRED', '<', '_', '_'), ('PRED', '>', '_', '_')))",req8155.pkl
1897,1,req8164.pkl,"('G', '_', '_', ('&&', ('PRED', '<', '_', '_'), ('||', ('F', '_', '_', ('G', '_', '_', ('PRED', '>', '_', '_'))), ('PRED', '>=', '_', '_'))))",req8164.pkl
1898,1,req8166.pkl,"('G', '_', '_', ('UNTIL', '_', '_', ('||', ('G', '_', '_', ('NOT', ('&&', ('PRED', '<=', '_', '_'), ('PRED', '>=', '_', '_')))), ('PRED', '>=', '_', '_')), ('PRED', '=', '_', '_')))",req8166.pkl
1899,1,req8170.pkl,"('G', '_', '_', ('||', ('F', '_', '_', ('G', '_', '_', ('PRED', '>', '_', '_'))), ('PRED', '=', '_', '_'), ('PRED', '>=', '_', '_')))",req8170.pkl
1900,1,req8178.pkl,"('G', '_', '_', ('&&', ('PRED', '=', '_', '_'), ('||', ('G', '_', '_', ('F', '_', '_', ('PRED', '>', '_', '_'))), ('PRED', '>', '_', '_'))))",req8178.pkl
1901,1,req8179.pkl,"('G', '_', '_', ('||', ('&&', ('PRED', '=', '_', '_'), ('||', ('&&', ('PRED', '<=', '_', '_'), ('PRED', '>=', '_', '_')), ('PRED', '>', '_', '_'))), ('PRED', '=', '_', '_')))",req8179.pkl
1902,1,req8180.pkl,"('G', '_', '_', ('||', ('&&', ('PRED', '<=', '_', '_'), ('PRED', '>', '_', '_')), ('PRED', '!=', '_', '_'), ('PRED', '!=', '_', '_')))",req8180.pkl
1903,1,req8199.pkl,"('G', '_', '_', ('&&', ('PRED', '=', '_', '_'), ('PRED', '>=', '_', '_'), ('||', ('PRED', '=', '_', '_'), ('PRED', '>', '_', '_'))))",req8199.pkl
1904,1,req8231.pkl,"('G', '_', '_', ('UNTIL', '_', '_', ('||', ('PRED', '=', '_', '_'), ('PRED', '>', '_', '_')), ('PRED', '>=', '_', '_')))",req8231.pkl
1905,1,req8240.pkl,"('G', '_', '_', ('||', ('&&', ('NOT', ('NOT', ('PRED', '<=', '_', '_'))), ('NOT', ('NOT', ('PRED', '>=', '_', '_')))), ('G', '_', '_', ('PRED', '=', '_', '_'))))",req8240.pkl
1906,1,req8242.pkl,"('G', '_', '_', ('UNTIL', '_', '_', ('&&', ('PRED', '=', '_', '_'), ('||', ('PRED', '<', '_', '_'), ('PRED', '<=', '_', '_'))), ('PRED', '<', '_', '_')))",req8242.pkl
1907,1,req8244.pkl,"('G', '_', '_', ('&&', ('PRED', '<', '_', '_'), ('PRED', '<=', '_', '_'), ('||', ('PRED', '!=', '_', '_'), ('PRED', '>=', '_', '_'))))",req8244.pkl
1908,1,req8258.pkl,"('G', '_', '_', ('&&', ('PRED', '>=', '_', '_'), ('||', ('NOT', ('PRED', '<', '_', '_')), ('NOT', ('PRED', '>', '_', '_')), ('PRED', '>', '_', '_'))))",req8258.pkl
1909,1,req8259.pkl,"('G', '_', '_', ('||', ('G', '_', '_', ('F', '_', '_', ('&&', ('PRED', '<=', '_', '_'), ('PRED', '>=', '_', '_')))), ('PRED', '<=', '_', '_')))",req8259.pkl
1910,1,req8261.pkl,"('G', '_', '_', ('&&', ('PRED', '!=', '_', '_'), ('||', ('NOT', ('PRED', '<', '_', '_')), ('NOT', ('PRED', '>=', '_', '_')), ('PRED', '=', '_', '_'))))",req8261.pkl
1911,1,req8263.pkl,"('G', '_', '_', ('||', ('F', '_', '_', ('PRED', '!=', '_', '_')), ('PRED', '!=', '_', '_'), ('PRED', '=', '_', '_')))",req8263.pkl
1912,1,req8266.pkl,"('G', '_', '_', ('||', ('F', '_', '_', ('G', '_', '_', ('PRED', '>', '_', '_'))), ('PRED', '>', '_', '_'), ('PRED', '>=', '_', '_')))",req8266.pkl
1913,1,req8268.pkl,"('G', '_', '_', ('||', ('PRED', '=', '_', '_'), ('PRED', '>', '_', '_'), ('PRED', '>=', '_', '_')))",req8268.pkl
1914,1,req8271.pkl,"('G', '_', '_', ('UNTIL', '_', '_', ('||', ('PRED', '!=', '_', '_'), ('PRED', '>', '_', '_')), ('&&', ('PRED', '<=', '_', '_'), ('PRED', '>=', '_', '_'))))",req8271.pkl
1915,1,req8277.pkl,"('G', '_', '_', ('&&', ('PRED', '<', '_', '_'), ('||', ('G', '_', '_', ('NOT', ('PRED', '<', '_', '_'))), ('PRED', '!=', '_', '_'))))",req8277.pkl
1916,1,req8288.pkl,"('G', '_', '_', ('||', ('F', '_', '_', ('G', '_', '_', ('PRED', '=', '_', '_'))), ('UNTIL', '_', '_', ('PRED', '=', '_', '_'), ('PRED', '>', '_', '_'))))",req8288.pkl
1917,1,req8289.pkl,"('G', '_', '_', ('&&', ('PRED', '<', '_', '_'), ('PRED', '>', '_', '_'), ('||', ('F', '_', '_', ('G', '_', '_', ('PRED', '=', '_', '_'))), ('PRED', '<=', '_', '_'))))",req8289.pkl
1918,1,req8290.pkl,"('G', '_', '_', ('&&', ('PRED', '>', '_', '_'), ('||', ('G', '_', '_', ('NOT', ('PRED', '<=', '_', '_'))), ('PRED', '>=', '_', '_'))))",req8290.pkl
1919,1,req8293.pkl,"('G', '_', '_', ('&&', ('||', ('F', '_', '_', ('G', '_', '_', ('PRED', '<', '_', '_'))), ('PRED', '=', '_', '_')), ('||', ('NOT', ('PRED', '<', '_', '_')), ('NOT', ('PRED', '>', '_', '_')))))",req8293.pkl
1920,1,req8303.pkl,"('G', '_', '_', ('&&', ('PRED', '<=', '_', '_'), ('PRED', '>=', '_', '_'), ('||', ('F', '_', '_', ('G', '_', '_', ('PRED', '<', '_', '_'))), ('PRED', '!=', '_', '_'))))",req8303.pkl
1921,1,req8317.pkl,"('G', '_', '_', ('||', ('F', '_', '_', ('G', '_', '_', ('PRED', '<', '_', '_'))), ('G', '_', '_', ('NOT', ('PRED', '=', '_', '_')))))",req8317.pkl
1922,1,req8328.pkl,"('G', '_', '_', ('&&', ('PRED', '<', '_', '_'), ('||', ('&&', ('PRED', '<', '_', '_'), ('PRED', '>=', '_', '_')), ('PRED', '>=', '_', '_'))))",req8328.pkl
1923,1,req8337.pkl,"('G', '_', '_', ('UNTIL', '_', '_', ('||', ('PRED', '<', '_', '_'), ('PRED', '=', '_', '_'), ('PRED', '=', '_', '_')), ('PRED', '>=', '_', '_')))",req8337.pkl
1924,1,req8349.pkl,"('G', '_', '_', ('||', ('F', '_', '_', ('G', '_', '_', ('PRED', '<', '_', '_'))), ('UNTIL', '_', '_', ('PRED', '=', '_', '_'), ('&&', ('PRED', '<', '_', '_'), ('PRED', '>', '_', '_')))))",req8349.pkl
1925,1,req8354.pkl,"('G', '_', '_', ('UNTIL', '_', '_', ('||', ('PRED', '<=', '_', '_'), ('PRED', '=', '_', '_'), ('PRED', '>', '_', '_')), ('PRED', '>', '_', '_')))",req8354.pkl
1926,1,req8363.pkl,"('G', '_', '_', ('UNTIL', '_', '_', ('||', ('NOT', ('PRED', '<', '_', '_')), ('NOT', ('PRED', '>', '_', '_')), ('PRED', '=', '_', '_'), ('PRED', '>=', '_', '_')), ('PRED', '<=', '_', '_')))",req8363.pkl
1927,1,req8369.pkl,"('G', '_', '_', ('UNTIL', '_', '_', ('&&', ('PRED', '>', '_', '_'), ('||', ('PRED', '!=', '_', '_'), ('PRED', '>=', '_', '_'))), ('PRED', '=', '_', '_')))",req8369.pkl
1928,1,req8391.pkl,"('G', '_', '_', ('&&', ('PRED', '=', '_', '_'), ('PRED', '>=', '_', '_'), ('||', ('PRED', '!=', '_', '_'), ('PRED', '=', '_', '_'))))",req8391.pkl
1929,1,req8398.pkl,"('G', '_', '_', ('&&', ('PRED', '!=', '_', '_'), ('||', ('F', '_', '_', ('G', '_', '_', ('PRED', '=', '_', '_'))), ('PRED', '>', '_', '_'))))",req8398.pkl
1930,1,req8403.pkl,"('G', '_', '_', ('&&', ('||', ('G', '_', '_', ('F', '_', '_', ('&&', ('PRED', '<', '_', '_'), ('PRED', '>=', '_', '_')))), ('PRED', '>=', '_', '_')), ('||', ('NOT', ('PRED', '<=', '_', '_')), ('NOT', ('PRED', '>=', '_', '_')))))",req8403.pkl
1931,1,req8410.pkl,"('G', '_', '_', ('&&', ('PRED', '<', '_', '_'), ('||', ('F', '_', '_', ('NOT', ('PRED', '<=', '_', '_'))), ('PRED', '!=', '_', '_'))))",req8410.pkl
1932,1,req8411.pkl,"('G', '_', '_', ('&&', ('PRED', '>', '_', '_'), ('PRED', '>', '_', '_'), ('||', ('NOT', ('PRED', '<=', '_', '_')), ('NOT', ('PRED', '>=', '_', '_')), ('PRED', '=', '_', '_'))))",req8411.pkl
1933,1,req8413.pkl,"('G', '_', '_', ('&&', ('PRED', '<=', '_', '_'), ('PRED', '<=', '_', '_'), ('PRED', '>=', '_', '_'), ('||', ('PRED', '!=', '_', '_'), ('PRED', '>=', '_', '_'))))",req8413.pkl
1934,1,req8414.pkl,"('G', '_', '_', ('&&', ('PRED', '>', '_', '_'), ('||', ('NOT', ('PRED', '<', '_', '_')), ('NOT', ('PRED', '<=', '_', '_')), ('NOT', ('PRED', '>=', '_', '_')), ('NOT', ('PRED', '>=', '_', '_')))))",req8414.pkl
1935,1,req8417.pkl,"('G', '_', '_', ('&&', ('PRED', '<=', '_', '_'), ('PRED', '>', '_', '_'), ('||', ('NOT', ('PRED', '<', '_', '_')), ('NOT', ('PRED', '>', '_', '_')), ('PRED', '>=', '_', '_'))))",req8417.pkl
1936,1,req8418.pkl,"('G', '_', '_', ('||', ('F', '_', '_', ('G', '_', '_', ('&&', ('PRED', '<=', '_', '_'), ('PRED', '>=', '_', '_')))), ('PRED', '=', '_', '_'), ('PRED', '>=', '_', '_')))",req8418.pkl
1937,1,req8421.pkl,"('G', '_', '_', ('UNTIL', '_', '_', ('||', ('PRED', '<', '_', '_'), ('PRED', '<=', '_', '_')), ('PRED', '>=', '_', '_')))",req8421.pkl
1938,1,req8430.pkl,"('G', '_', '_', ('||', ('&&', ('PRED', '<=', '_', '_'), ('||', ('PRED', '!=', '_', '_'), ('PRED', '>=', '_', '_'))), ('PRED', '=', '_', '_')))",req8430.pkl
1939,1,req8440.pkl,"('G', '_', '_', ('&&', ('PRED', '>', '_', '_'), ('||', ('F', '_', '_', ('NOT', ('&&', ('PRED', '<', '_', '_'), ('PRED', '>', '_', '_')))), ('PRED', '>=', '_', '_'))))",req8440.pkl
1940,1,req8451.pkl,"('G', '_', '_', ('||', ('NOT', ('UNTIL', '_', '_', ('PRED', '=', '_', '_'), ('PRED', '>=', '_', '_'))), ('PRED', '!=', '_', '_')))",req8451.pkl
1941,1,req8460.pkl,"('G', '_', '_', ('&&', ('||', ('&&', ('PRED', '<=', '_', '_'), ('PRED', '>=', '_', '_')), ('PRED', '!=', '_', '_')), ('||', ('NOT', ('PRED', '<', '_', '_')), ('NOT', ('PRED', '>', '_', '_')))))",req8460.pkl
1942,1,req8470.pkl,"('G', '_', '_', ('UNTIL', '_', '_', ('PRED', '<=', '_', '_'), ('||', ('G', '_', '_', ('F', '_', '_', ('&&', ('PRED', '<', '_', '_'), ('PRED', '>', '_', '_')))), ('NOT', ('PRED', '<', '_', '_')), ('NOT', ('PRED', '>', '_', '_')))))",req8470.pkl
1943,1,req8471.pkl,"('G', '_', '_', ('&&', ('PRED', '<=', '_', '_'), ('||', ('NOT', ('PRED', '<=', '_', '_')), ('NOT', ('PRED', '>=', '_', '_')))))",req8471.pkl
1944,1,req8474.pkl,"('G', '_', '_', ('&&', ('PRED', '>', '_', '_'), ('||', ('NOT', ('PRED', '<', '_', '_')), ('NOT', ('PRED', '>', '_', '_')), ('PRED', '<', '_', '_'))))",req8474.pkl
1945,1,req8493.pkl,"('G', '_', '_', ('&&', ('PRED', '=', '_', '_'), ('||', ('G', '_', '_', ('F', '_', '_', ('PRED', '>', '_', '_'))), ('NOT', ('PRED', '<', '_', '_')), ('NOT', ('PRED', '>', '_', '_')))))",req8493.pkl
1946,1,req8498.pkl,"('G', '_', '_', ('&&', ('PRED', '>', '_', '_'), ('||', ('F', '_', '_', ('PRED', '>', '_', '_')), ('PRED', '>=', '_', '_'))))",req8498.pkl
1947,1,req8506.pkl,"('G', '_', '_', ('&&', ('PRED', '<=', '_', '_'), ('PRED', '>', '_', '_'), ('||', ('PRED', '!=', '_', '_'), ('PRED', '=', '_', '_'))))",req8506.pkl
1948,1,req8531.pkl,"('G', '_', '_', ('||', ('&&', ('PRED', '<', '_', '_'), ('PRED', '>', '_', '_')), ('G', '_', '_', ('&&', ('PRED', '<', '_', '_'), ('PRED', '>', '_', '_'))), ('PRED', '>=', '_', '_')))",req8531.pkl
1949,1,req8532.pkl,"('G', '_', '_', ('||', ('&&', ('PRED', '<=', '_', '_'), ('||', ('PRED', '!=', '_', '_'), ('PRED', '=', '_', '_'))), ('PRED', '=', '_', '_')))",req8532.pkl
1950,1,req8541.pkl,"('G', '_', '_', ('&&', ('PRED', '>', '_', '_'), ('||', ('PRED', '<', '_', '_'), ('PRED', '=', '_', '_'))))",req8541.pkl
1951,1,req8544.pkl,"('G', '_', '_', ('||', ('&&', ('PRED', '=', '_', '_'), ('||', ('PRED', '>', '_', '_'), ('PRED', '>=', '_', '_'))), ('PRED', '>', '_', '_')))",req8544.pkl
1952,1,req8571.pkl,"('G', '_', '_', ('||', ('NOT', ('PRED', '<', '_', '_')), ('NOT', ('PRED', '>', '_', '_')), ('PRED', '!=', '_', '_'), ('PRED', '=', '_', '_')))",req8571.pkl
1953,1,req8574.pkl,"('G', '_', '_', ('||', ('&&', ('NOT', ('NOT', ('PRED', '<=', '_', '_'))), ('NOT', ('NOT', ('PRED', '>=', '_', '_')))), ('F', '_', '_', ('G', '_', '_', ('PRED', '<', '_', '_')))))",req8574.pkl
1954,1,req8576.pkl,"('G', '_', '_', ('||', ('&&', ('NOT', ('NOT', ('PRED', '<=', '_', '_'))), ('NOT', ('NOT', ('PRED', '>', '_', '_')))), ('G', '_', '_', ('F', '_', '_', ('PRED', '<', '_', '_')))))",req8576.pkl
1955,1,req8580.pkl,"('G', '_', '_', ('UNTIL', '_', '_', ('PRED', '=', '_', '_'), ('||', ('F', '_', '_', ('G', '_', '_', ('PRED', '=', '_', '_'))), ('PRED', '>=', '_', '_'))))",req8580.pkl
1956,1,req8583.pkl,"('G', '_', '_', ('UNTIL', '_', '_', ('||', ('PRED', '<', '_', '_'), ('PRED', '=', '_', '_')), ('PRED', '<', '_', '_')))",req8583.pkl
1957,1,req8585.pkl,"('G', '_', '_', ('&&', ('PRED', '=', '_', '_'), ('||', ('G', '_', '_', ('NOT', ('&&', ('PRED', '<=', '_', '_'), ('PRED', '>=', '_', '_')))), ('PRED', '<=', '_', '_'))))",req8585.pkl
1958,1,req8618.pkl,"('G', '_', '_', ('UNTIL', '_', '_', ('&&', ('PRED', '=', '_', '_'), ('||', ('PRED', '!=', '_', '_'), ('PRED', '=', '_', '_'))), ('PRED', '=', '_', '_')))",req8618.pkl
1959,1,req8648.pkl,"('G', '_', '_', ('||', ('&&', ('PRED', '=', '_', '_'), ('||', ('PRED', '!=', '_', '_'), ('PRED', '!=', '_', '_'))), ('PRED', '=', '_', '_')))",req8648.pkl
1960,1,req8651.pkl,"('G', '_', '_', ('&&', ('PRED', '<=', '_', '_'), ('||', ('F', '_', '_', ('G', '_', '_', ('PRED', '=', '_', '_'))), ('PRED', '<', '_', '_'))))",req8651.pkl
1961,1,req8653.pkl,"('G', '_', '_', ('UNTIL', '_', '_', ('&&', ('PRED', '>', '_', '_'), ('||', ('PRED', '<', '_', '_'), ('PRED', '=', '_', '_'))), ('PRED', '=', '_', '_')))",req8653.pkl
1962,1,req8658.pkl,"('G', '_', '_', ('||', ('&&', ('NOT', ('NOT', ('PRED', '<=', '_', '_'))), ('NOT', ('NOT', ('PRED', '>=', '_', '_')))), ('F', '_', '_', ('&&', ('PRED', '<', '_', '_'), ('PRED', '>', '_', '_')))))",req8658.pkl
1963,1,req8659.pkl,"('G', '_', '_', ('||', ('G', '_', '_', ('F', '_', '_', ('PRED', '!=', '_', '_'))), ('PRED', '>', '_', '_'), ('PRED', '>=', '_', '_')))",req8659.pkl
1964,1,req8662.pkl,"('F', '_', '_', ('&&', ('PRED', '!=', '_', '_'), ('PRED', '<=', '_', '_'), ('PRED', '>', '_', '_')))",req8662.pkl
1965,1,req8664.pkl,"('G', '_', '_', ('&&', ('PRED', '>', '_', '_'), ('||', ('G', '_', '_', ('F', '_', '_', ('PRED', '>', '_', '_'))), ('PRED', '<=', '_', '_'))))",req8664.pkl
1966,1,req8673.pkl,"('G', '_', '_', ('UNTIL', '_', '_', ('PRED', '>=', '_', '_'), ('||', ('F', '_', '_', ('G', '_', '_', ('||', ('NOT', ('PRED', '<=', '_', '_')), ('NOT', ('PRED', '>=', '_', '_'))))), ('PRED', '!=', '_', '_'))))",req8673.pkl
1967,1,req8675.pkl,"('F', '_', '_', ('&&', ('PRED', '<=', '_', '_'), ('PRED', '>=', '_', '_'), ('||', ('NOT', ('PRED', '<', '_', '_')), ('NOT', ('PRED', '>', '_', '_')))))",req8675.pkl
1968,1,req8680.pkl,"('G', '_', '_', ('||', ('F', '_', '_', ('PRED', '>', '_', '_')), ('PRED', '>', '_', '_')))",req8680.pkl
1969,1,req8687.pkl,"('G', '_', '_', ('||', ('G', '_', '_', ('NOT', ('&&', ('PRED', '<', '_', '_'), ('PRED', '>', '_', '_')))), ('PRED', '<', '_', '_'), ('PRED', '<', '_', '_')))",req8687.pkl
1970,1,req8690.pkl,"('G', '_', '_', ('||', ('G', '_', '_', ('F', '_', '_', ('||', ('NOT', ('PRED', '<', '_', '_')), ('NOT', ('PRED', '>', '_', '_'))))), ('PRED', '!=', '_', '_'), ('PRED', '<', '_', '_')))",req8690.pkl
1971,1,req8692.pkl,"('G', '_', '_', ('||', ('G', '_', '_', ('NOT', ('PRED', '>=', '_', '_'))), ('G', '_', '_', ('PRED', '=', '_', '_'))))",req8692.pkl
1972,1,req8693.pkl,"('G', '_', '_', ('||', ('&&', ('PRED', '<', '_', '_'), ('PRED', '>', '_', '_')), ('&&', ('PRED', '<=', '_', '_'), ('||', ('PRED', '=', '_', '_'), ('PRED', '>=', '_', '_')))))",req8693.pkl
1973,1,req8713.pkl,"('G', '_', '_', ('||', ('G', '_', '_', ('PRED', '<=', '_', '_')), ('PRED', '>', '_', '_')))",req8713.pkl
1974,1,req8715.pkl,"('G', '_', '_', ('||', ('&&', ('PRED', '<=', '_', '_'), ('PRED', '>=', '_', '_')), ('&&', ('PRED', '>', '_', '_'), ('||', ('&&', ('PRED', '<=', '_', '_'), ('PRED', '>=', '_', '_')), ('PRED', '!=', '_', '_')))))",req8715.pkl
1975,1,req8717.pkl,"('G', '_', '_', ('||', ('G', '_', '_', ('NOT', ('NOT', ('PRED', '=', '_', '_')))), ('G', '_', '_', ('PRED', '>', '_', '_'))))",req8717.pkl
1976,1,req8727.pkl,"('G', '_', '_', ('||', ('&&', ('PRED', '<=', '_', '_'), ('PRED', '>=', '_', '_'), ('||', ('PRED', '!=', '_', '_'), ('PRED', '=', '_', '_'))), ('PRED', '=', '_', '_')))",req8727.pkl
1977,1,req8729.pkl,"('G', '_', '_', ('&&', ('PRED', '<', '_', '_'), ('PRED', '>', '_', '_'), ('||', ('PRED', '!=', '_', '_'), ('PRED', '!=', '_', '_'))))",req8729.pkl
1978,1,req8734.pkl,"('G', '_', '_', ('&&', ('PRED', '<', '_', '_'), ('PRED', '>', '_', '_'), ('||', ('NOT', ('PRED', '<', '_', '_')), ('NOT', ('PRED', '>', '_', '_')), ('PRED', '=', '_', '_'))))",req8734.pkl
1979,1,req8735.pkl,"('G', '_', '_', ('&&', ('PRED', '>', '_', '_'), ('||', ('PRED', '<', '_', '_'), ('PRED', '>', '_', '_'))))",req8735.pkl
1980,1,req8747.pkl,"('G', '_', '_', ('||', ('G', '_', '_', ('F', '_', '_', ('PRED', '>', '_', '_'))), ('PRED', '!=', '_', '_'), ('PRED', '=', '_', '_')))",req8747.pkl
1981,1,req8750.pkl,"('G', '_', '_', ('&&', ('PRED', '>=', '_', '_'), ('PRED', '>=', '_', '_'), ('||', ('&&', ('PRED', '<', '_', '_'), ('PRED', '>', '_', '_')), ('PRED', '>=', '_', '_'))))",req8750.pkl
1982,1,req8758.pkl,"('G', '_', '_', ('&&', ('PRED', '=', '_', '_'), ('||', ('&&', ('NOT', ('NOT', ('PRED', '<', '_', '_'))), ('NOT', ('NOT', ('PRED', '>=', '_', '_')))), ('PRED', '<', '_', '_'))))",req8758.pkl
1983,1,req8763.pkl,"('F', '_', '_', ('&&', ('PRED', '<', '_', '_'), ('PRED', '>', '_', '_'), ('||', ('NOT', ('PRED', '<=', '_', '_')), ('NOT', ('PRED', '>=', '_', '_')))))",req8763.pkl
1984,1,req8779.pkl,"('G', '_', '_', ('||', ('G', '_', '_', ('NOT', ('&&', ('PRED', '<', '_', '_'), ('PRED', '>', '_', '_')))), ('G', '_', '_', ('NOT', ('PRED', '>=', '_', '_')))))",req8779.pkl
1985,1,req8788.pkl,"('G', '_', '_', ('UNTIL', '_', '_', ('PRED', '=', '_', '_'), ('||', ('G', '_', '_', ('F', '_', '_', ('PRED', '>', '_', '_'))), ('NOT', ('PRED', '<=', '_', '_')), ('NOT', ('PRED', '>=', '_', '_')))))",req8788.pkl
1986,1,req8799.pkl,"('G', '_', '_', ('||', ('&&', ('PRED', '<=', '_', '_'), ('PRED', '>', '_', '_')), ('NOT', ('PRED', '<', '_', '_')), ('NOT', ('PRED', '>', '_', '_')), ('PRED', '=', '_', '_')))",req8799.pkl
1987,1,req8800.pkl,"('G', '_', '_', ('||', ('&&', ('NOT', ('NOT', ('PRED', '<', '_', '_'))), ('NOT', ('NOT', ('PRED', '>', '_', '_')))), ('PRED', '>=', '_', '_'), ('PRED', '>=', '_', '_')))",req8800.pkl
1988,1,req8813.pkl,"('G', '_', '_', ('&&', ('PRED', '>', '_', '_'), ('||', ('PRED', '<=', '_', '_'), ('PRED', '<=', '_', '_'))))",req8813.pkl
1989,1,req8817.pkl,"('F', '_', '_', ('||', ('&&', ('PRED', '<=', '_', '_'), ('PRED', '>=', '_', '_')), ('&&', ('PRED', '<=', '_', '_'), ('PRED', '>=', '_', '_'))))",req8817.pkl
1990,1,req8819.pkl,"('G', '_', '_', ('||', ('NOT', ('PRED', '<', '_', '_')), ('NOT', ('PRED', '>', '_', '_')), ('PRED', '<', '_', '_'), ('PRED', '=', '_', '_'), ('PRED', '=', '_', '_')))",req8819.pkl
1991,1,req8821.pkl,"('G', '_', '_', ('UNTIL', '_', '_', ('||', ('PRED', '<', '_', '_'), ('PRED', '=', '_', '_'), ('PRED', '>', '_', '_')), ('&&', ('PRED', '<=', '_', '_'), ('PRED', '>', '_', '_'))))",req8821.pkl
1992,1,req8830.pkl,"('G', '_', '_', ('UNTIL', '_', '_', ('||', ('&&', ('PRED', '<', '_', '_'), ('PRED', '>', '_', '_')), ('PRED', '<', '_', '_'), ('PRED', '=', '_', '_')), ('&&', ('PRED', '<=', '_', '_'), ('PRED', '>=', '_', '_'))))",req8830.pkl
1993,1,req8833.pkl,"('G', '_', '_', ('||', ('G', '_', '_', ('&&', ('PRED', '<=', '_', '_'), ('PRED', '>=', '_', '_'))), ('PRED', '!=', '_', '_'), ('PRED', '!=', '_', '_')))",req8833.pkl
1994,1,req8835.pkl,"('G', '_', '_', ('||', ('G', '_', '_', ('F', '_', '_', ('PRED', '<', '_', '_'))), ('PRED', '>', '_', '_')))",req8835.pkl
1995,1,req8839.pkl,"('&&', ('F', '_', '_', ('VAR', '_')), ('G', '_', '_', ('VAR', '_')))",req8839.pkl
1996,1,req8840.pkl,"('||', ('F', '_', '_', ('VAR', '_')), ('NOT', ('VAR', '_')))",req8840.pkl
1997,1,req8841.pkl,"('||', ('G', '_', '_', ('VAR', '_')), ('NOT', ('VAR', '_')))",req8841.pkl
1998,1,req8842.pkl,"('&&', ('F', '_', '_', ('VAR', '_')), ('F', '_', '_', ('VAR', '_')), ('NOT', ('VAR', '_')))",req8842.pkl
1999,1,req8843.pkl,"('&&', ('F', '_', '_', ('G', '_', '_', ('VAR', '_'))), ('F', '_', '_', ('VAR', '_')), ('F', '_', '_', ('VAR', '_')), ('F', '_', '_', ('VAR', '_')), ('G', '_', '_', ('VAR', '_')))",req8843.pkl
2000,1,req8844.pkl,"('||', ('F', '_', '_', ('VAR', '_')), ('NOT', ('NOT', ('VAR', '_'))), ('NOT', ('VAR', '_')))",req8844.pkl
2001,1,req8845.pkl,"('UNTIL', '_', '_', ('VAR', '_'), ('VAR', '_'))",req8845.pkl
2002,1,req8846.pkl,"('F', '_', '_', ('G', '_', '_', ('VAR', '_')))",req8846.pkl
2003,1,req8847.pkl,"('G', '_', '_', ('||', ('F', '_', '_', ('VAR', '_')), ('NOT', ('VAR', '_'))))",req8847.pkl
2004,1,req8848.pkl,"('G', '_', '_', ('||', ('G', '_', '_', ('VAR', '_')), ('NOT', ('VAR', '_'))))",req8848.pkl
2005,1,req8849.pkl,"('||', ('&&', ('F', '_', '_', ('PRED', '>', '_', '_')), ('PRED', '>', '_', '_')), ('G', '_', '_', ('PRED', '>', '_', '_')))",req8849.pkl
2006,1,req8850.pkl,"('&&', ('PRED', '!=', '_', '_'), ('PRED', '<=', '_', '_'), ('PRED', '=', '_', '_'), ('PRED', '>=', '_', '_'))",req8850.pkl
2007,1,req8851.pkl,"('&&', ('PRED', '=', '_', '_'), ('PRED', '>=', '_', '_'))",req8851.pkl
2008,1,req8852.pkl,"('||', ('G', '_', '_', ('PRED', '>', '_', '_')), ('PRED', '!=', '_', '_'))",req8852.pkl
2009,1,req8853.pkl,"('UNTIL', '_', '_', ('PRED', '=', '_', '_'), ('PRED', '=', '_', '_'))",req8853.pkl
2010,1,req8854.pkl,"('UNTIL', '_', '_', ('PRED', '>', '_', '_'), ('BOOL', '_'))",req8854.pkl
2011,1,req8855.pkl,"('G', '_', '_', ('F', '_', '_', ('G', '_', '_', ('PRED', '>', '_', '_'))))",req8855.pkl
2012,1,req8856.pkl,"('UNTIL', '_', '_', ('&&', ('PRED', '=', '_', '_'), ('PRED', '=', '_', '_')), ('&&', ('PRED', '=', '_', '_'), ('PRED', '>=', '_', '_')))",req8856.pkl
2013,1,req8857.pkl,"('G', '_', '_', ('||', ('F', '_', '_', ('&&', ('PRED', '=', '_', '_'), ('UNTIL', '_', '_', ('PRED', '=', '_', '_'), ('PRED', '=', '_', '_')))), ('PRED', '!=', '_', '_')))",req8857.pkl
2014,1,req8858.pkl,"('||', ('&&', ('NOT', ('PRED', '<=', '_', '_')), ('NOT', ('PRED', '=', '_', '_'))), ('F', '_', '_', ('NOT', ('&&', ('PRED', '=', '_', '_'), ('||', ('PRED', '<', '_', '_'), ('PRED', '<=', '_', '_'))))))",req8858.pkl
2015,1,req8860.pkl,"('G', '_', '_', ('F', '_', '_', ('G', '_', '_', ('F', '_', '_', ('PRED', '<', '_', '_')))))",req8860.pkl
2016,1,req8861.pkl,"('UNTIL', '_', '_', ('PRED', '>', '_', '_'), ('PRED', '>', '_', '_'))",req8861.pkl
2017,1,req8866.pkl,"('G', '_', '_', ('UNTIL', '_', '_', ('||', ('NOT', ('VAR', '_')), ('VAR', '_'), ('VAR', '_')), ('VAR', '_')))",req8866.pkl
2018,1,req8869.pkl,"('G', '_', '_', ('||', ('G', '_', '_', ('VAR', '_')), ('NOT', ('VAR', '_')), ('NOT', ('VAR', '_'))))",req8869.pkl
2019,1,req8870.pkl,"('G', '_', '_', ('||', ('F', '_', '_', ('G', '_', '_', ('&&', ('PRED', '<', '_', '_'), ('PRED', '>', '_', '_')))), ('NOT', ('VAR', '_'))))",req8870.pkl
2020,1,req8871.pkl,"('G', '_', '_', ('&&', ('NOT', ('F', '_', '_', ('G', '_', '_', ('VAR', '_')))), ('NOT', ('G', '_', '_', ('NOT', ('VAR', '_'))))))",req8871.pkl
2021,1,req8872.pkl,"('G', '_', '_', ('||', ('G', '_', '_', ('F', '_', '_', ('NOT', ('VAR', '_')))), ('NOT', ('VAR', '_'))))",req8872.pkl
2022,1,req8873.pkl,"('F', '_', '_', ('&&', ('VAR', '_'), ('VAR', '_')))",req8873.pkl
2023,1,req8876.pkl,"('G', '_', '_', ('||', ('NOT', ('VAR', '_')), ('VAR', '_'), ('VAR', '_')))",req8876.pkl
2024,1,req8877.pkl,"('G', '_', '_', ('||', ('PRED', '>=', '_', '_'), ('VAR', '_'), ('VAR', '_')))",req8877.pkl
2025,1,req8878.pkl,"('G', '_', '_', ('||', ('F', '_', '_', ('G', '_', '_', ('VAR', '_'))), ('F', '_', '_', ('NOT', ('VAR', '_')))))",req8878.pkl
2026,1,req8879.pkl,"('G', '_', '_', ('||', ('F', '_', '_', ('G', '_', '_', ('VAR', '_'))), ('NOT', ('VAR', '_'))))",req8879.pkl
2027,1,req8880.pkl,"('G', '_', '_', ('||', ('&&', ('PRED', '<', '_', '_'), ('PRED', '>', '_', '_')), ('VAR', '_')))",req8880.pkl
2028,1,req8881.pkl,"('G', '_', '_', ('UNTIL', '_', '_', ('PRED', '=', '_', '_'), ('||', ('G', '_', '_', ('F', '_', '_', ('VAR', '_'))), ('NOT', ('VAR', '_')))))",req8881.pkl
2029,1,req8882.pkl,"('G', '_', '_', ('||', ('F', '_', '_', ('G', '_', '_', ('VAR', '_'))), ('F', '_', '_', ('NOT', ('NOT', ('PRED', '>=', '_', '_'))))))",req8882.pkl
2030,1,req8883.pkl,"('G', '_', '_', ('||', ('PRED', '<', '_', '_'), ('VAR', '_')))",req8883.pkl
2031,1,req8886.pkl,"('G', '_', '_', ('||', ('PRED', '=', '_', '_'), ('VAR', '_')))",req8886.pkl
2032,1,req8888.pkl,"('G', '_', '_', ('&&', ('VAR', '_'), ('||', ('F', '_', '_', ('G', '_', '_', ('VAR', '_'))), ('PRED', '>', '_', '_'))))",req8888.pkl
